[    8356ms] [ERROR] Failed to load resource: net::ERR_CONNECTION_REFUSED @ https://cdn.cookielaw.org/scripttemplates/otSDKStub.js:0
[    9572ms] [LOG] 11 CDN assets loaded OK @ https://temporalio.slack.com/join/shared_invite/zt-358xvk634-RXs1lBob_t9pdWsLWBCvCg:144
[    9580ms] [INFO] Sep-06 11:06:26.771 [TRACER] Tracing is not sampled by default for this session. @ https://a.slack-edge.com/bv1-13-br/joiner-invite-flow.312cbdcf60aa03d6.primer.min.js:295
[    9584ms] [WARNING] Sep-06 11:06:26.774 TELEMETRY You tried to get a team-specific telemeter but didn’t provide enough context and are getting the generic telemeter instead which is likely not what you want. @ https://a.slack-edge.com/bv1-13-br/joiner-invite-flow.312cbdcf60aa03d6.primer.min.js:295
[   11863ms] [ERROR] Access to XMLHttpRequest at 'https://slack.com/clog/track/' from origin 'https://temporalio.slack.com' has been blocked by CORS policy: No 'Access-Control-Allow-Origin' header is present on the requested resource. @ https://temporalio.slack.com/join/shared_invite/zt-358xvk634-RXs1lBob_t9pdWsLWBCvCg#/shared-invite/email:0
[   11863ms] [ERROR] Failed to load resource: net::ERR_FAILED @ https://slack.com/clog/track/:0
[   11866ms] [ERROR] Access to XMLHttpRequest at 'https://slack.com/clog/track/' from origin 'https://temporalio.slack.com' has been blocked by CORS policy: No 'Access-Control-Allow-Origin' header is present on the requested resource. @ https://temporalio.slack.com/join/shared_invite/zt-358xvk634-RXs1lBob_t9pdWsLWBCvCg#/shared-invite/email:0
[   11866ms] [ERROR] Failed to load resource: net::ERR_FAILED @ https://slack.com/clog/track/:0
[   12583ms] [LOG] %c%s color: red; background: yellow; font-size: 24px; WARNING! @ https://www.gstatic.com/_/mss/boq-identity/_/js/k=boq-identity.AccountsSignInUi.en.52Lx66bLxiE.es5.O/am=IQIAAAAOeCMBQP7_vwEABBBsB3xfC6AJEDIAAAAAAAAAAIAFAABoCCA/d=1/excm=_b,_tp,accountchooserview/ed=1/dg=0/wt=2/ujg=1/rs=AOaEmlHAROB5LU8zYnKL-5hBtjYnNd9Ywg/dti=1/m=_b,_tp:560
[   12583ms] [LOG] %c%s font-size: 18px; Using this console may allow attackers to impersonate you and steal your information using an attack called Self-XSS.
Do not enter or paste code that you do not understand. @ https://www.gstatic.com/_/mss/boq-identity/_/js/k=boq-identity.AccountsSignInUi.en.52Lx66bLxiE.es5.O/am=IQIAAAAOeCMBQP7_vwEABBBsB3xfC6AJEDIAAAAAAAAAAIAFAABoCCA/d=1/excm=_b,_tp,accountchooserview/ed=1/dg=0/wt=2/ujg=1/rs=AOaEmlHAROB5LU8zYnKL-5hBtjYnNd9Ywg/dti=1/m=_b,_tp:560
[   12869ms] [WARNING] No available adapters. @ https://accounts.google.com/v3/signin/accountchooser?access_type=offline&client_id=606092904014-s1u3idjanlbhr4ns5b1hcjgfn63cr9nh.apps.googleusercontent.com&prompt=consent&redirect_uri=https%3A%2F%2Foauth2.slack.com%2Fshared-invite%2Foauth%2Fgoogle%2Fend&response_type=code&scope=openid+email+profile&state=%7B%22provider%22%3A%22google%22%2C%22origin%22%3A%22shared-invite%22%2C%22timestamp%22%3A1788681989%2C%22visitor%22%3A%22ce7fd0f766c1916caabaf7de4aa305c6%22%2C%22team%22%3A%22TNWA8QCGZ%22%2C%22extra%22%3A%7B%22invite_code%22%3A%22zt-358xvk634-RXs1lBob_t9pdWsLWBCvCg%22%7D%7D%7C2eabd31ba8e59c73a67c8523a50b701aae04026be7e51e93e19fc86b18683620&dsh=S-2145662898%3A1788681989176859&o2v=2&service=lso&flowName=GeneralOAuthFlow&opparams=%253F&continue=https%3A%2F%2Faccounts.google.com%2Fsignin%2Foauth%2Fv3%2Fconsent%3Fauthuser%3Dunknown%26part%3DAJi8hAMt7y8qHIU8n_ziLn9Qo90oYh_A55v3mC0lHJVZRXzH1imfyf8qbH8Fj7Paex9bt78SOhuJmaC3AcglgPb3WEBF8N73RKKMi-j2RihVjqWij2_wVKRkyGjqNZiD4eAGwYXa3aJgit7-8MJPNFYfBKpSfaAPmuAmDD4equ2mmdM1fNXmGnR-2at2Lmsl_1FHQMFo3CGLWLkKnLG3Irx3GFRQtGTfBVgDZMEgksH1FdbDdq78WZFYyzyLjCgZrQqow5p79LUdJ8l8cDAvMV2ln6zbW-ypWRydlWA1BPs52n0Bqhzttsa6iRp5W03jEAyRVLBErB-IFuQAOTi8J0bqFuGBFQYzQaD4UUmPfwW_3n5GjQ_Qh-AYwy13GXsFOM9alM5uvDRpEjDiMB5VfRiuPYrxXw2PLiDfwdl2MyKQKac_Vmj7EUayhkdb_WK0aN0PNUhxdM2dKzDwve7YS-FmSfB9sva2FA%26flowName%3DGeneralOAuthFlow%26as%3DS-2145662898%253A1788681989176859%26client_id%3D606092904014-s1u3idjanlbhr4ns5b1hcjgfn63cr9nh.apps.googleusercontent.com%26requestPath%3D%252Fsignin%252Foauth%252Fv3%252Fconsent%23&app_domain=https%3A%2F%2Foauth2.slack.com:0
[   12870ms] [WARNING] No available adapters. @ https://accounts.google.com/v3/signin/accountchooser?access_type=offline&client_id=606092904014-s1u3idjanlbhr4ns5b1hcjgfn63cr9nh.apps.googleusercontent.com&prompt=consent&redirect_uri=https%3A%2F%2Foauth2.slack.com%2Fshared-invite%2Foauth%2Fgoogle%2Fend&response_type=code&scope=openid+email+profile&state=%7B%22provider%22%3A%22google%22%2C%22origin%22%3A%22shared-invite%22%2C%22timestamp%22%3A1788681989%2C%22visitor%22%3A%22ce7fd0f766c1916caabaf7de4aa305c6%22%2C%22team%22%3A%22TNWA8QCGZ%22%2C%22extra%22%3A%7B%22invite_code%22%3A%22zt-358xvk634-RXs1lBob_t9pdWsLWBCvCg%22%7D%7D%7C2eabd31ba8e59c73a67c8523a50b701aae04026be7e51e93e19fc86b18683620&dsh=S-2145662898%3A1788681989176859&o2v=2&service=lso&flowName=GeneralOAuthFlow&opparams=%253F&continue=https%3A%2F%2Faccounts.google.com%2Fsignin%2Foauth%2Fv3%2Fconsent%3Fauthuser%3Dunknown%26part%3DAJi8hAMt7y8qHIU8n_ziLn9Qo90oYh_A55v3mC0lHJVZRXzH1imfyf8qbH8Fj7Paex9bt78SOhuJmaC3AcglgPb3WEBF8N73RKKMi-j2RihVjqWij2_wVKRkyGjqNZiD4eAGwYXa3aJgit7-8MJPNFYfBKpSfaAPmuAmDD4equ2mmdM1fNXmGnR-2at2Lmsl_1FHQMFo3CGLWLkKnLG3Irx3GFRQtGTfBVgDZMEgksH1FdbDdq78WZFYyzyLjCgZrQqow5p79LUdJ8l8cDAvMV2ln6zbW-ypWRydlWA1BPs52n0Bqhzttsa6iRp5W03jEAyRVLBErB-IFuQAOTi8J0bqFuGBFQYzQaD4UUmPfwW_3n5GjQ_Qh-AYwy13GXsFOM9alM5uvDRpEjDiMB5VfRiuPYrxXw2PLiDfwdl2MyKQKac_Vmj7EUayhkdb_WK0aN0PNUhxdM2dKzDwve7YS-FmSfB9sva2FA%26flowName%3DGeneralOAuthFlow%26as%3DS-2145662898%253A1788681989176859%26client_id%3D606092904014-s1u3idjanlbhr4ns5b1hcjgfn63cr9nh.apps.googleusercontent.com%26requestPath%3D%252Fsignin%252Foauth%252Fv3%252Fconsent%23&app_domain=https%3A%2F%2Foauth2.slack.com:0
[   15168ms] [LOG] %c%s color: red; background: yellow; font-size: 24px; WARNING! @ https://www.gstatic.com/_/mss/boq-identity/_/js/k=boq-identity.OAuthUi.en.zYvtMV8aeOA.es5.O/am=JAAAAAAABAD__28AwXbgfQ2gAAEAAAAAAAAAAAMAQAg/d=1/excm=_b,_tp,attributesview/ed=1/dg=0/wt=2/ujg=1/rs=AOaEmlGy1B8D9OoUD-pnZs_XF8KESMSw2w/dti=1/m=_b,_tp:548
[   15168ms] [LOG] %c%s font-size: 18px; Using this console may allow attackers to impersonate you and steal your information using an attack called Self-XSS.
Do not enter or paste code that you do not understand. @ https://www.gstatic.com/_/mss/boq-identity/_/js/k=boq-identity.OAuthUi.en.zYvtMV8aeOA.es5.O/am=JAAAAAAABAD__28AwXbgfQ2gAAEAAAAAAAAAAAMAQAg/d=1/excm=_b,_tp,attributesview/ed=1/dg=0/wt=2/ujg=1/rs=AOaEmlGy1B8D9OoUD-pnZs_XF8KESMSw2w/dti=1/m=_b,_tp:548
[   17590ms] [ERROR] Failed to load resource: net::ERR_CONNECTION_REFUSED @ https://cdn.cookielaw.org/scripttemplates/otSDKStub.js:0
[   17951ms] [LOG] 10 CDN assets loaded OK @ https://temporalio.slack.com/join/shared_invite_confirmed/zt-4932pc2pu-sQhrO6bsCvOZzE585alkvQ:144
[   17958ms] [INFO] Sep-06 11:06:35.148 [TRACER] Tracing is not sampled by default for this session. @ https://a.slack-edge.com/bv1-13-br/joiner-invite-flow.312cbdcf60aa03d6.primer.min.js:295
[   17960ms] [WARNING] Sep-06 11:06:35.150 TELEMETRY You tried to get a team-specific telemeter but didn’t provide enough context and are getting the generic telemeter instead which is likely not what you want. @ https://a.slack-edge.com/bv1-13-br/joiner-invite-flow.312cbdcf60aa03d6.primer.min.js:295
[   24014ms] [ERROR] Access to XMLHttpRequest at 'https://slack.com/clog/track/' from origin 'https://temporalio.slack.com' has been blocked by CORS policy: No 'Access-Control-Allow-Origin' header is present on the requested resource. @ https://temporalio.slack.com/join/shared_invite_confirmed/zt-4932pc2pu-sQhrO6bsCvOZzE585alkvQ#/email-invite/credentials:0
[   24014ms] [ERROR] Failed to load resource: net::ERR_FAILED @ https://slack.com/clog/track/:0
[   24015ms] [ERROR] Access to XMLHttpRequest at 'https://slack.com/clog/track/' from origin 'https://temporalio.slack.com' has been blocked by CORS policy: No 'Access-Control-Allow-Origin' header is present on the requested resource. @ https://temporalio.slack.com/join/shared_invite_confirmed/zt-4932pc2pu-sQhrO6bsCvOZzE585alkvQ#/email-invite/credentials:0
[   24015ms] [ERROR] Failed to load resource: net::ERR_FAILED @ https://slack.com/clog/track/:0
[   24264ms] [ERROR] Failed to load resource: net::ERR_CONNECTION_REFUSED @ https://cdn.cookielaw.org/scripttemplates/otSDKStub.js:0
[   25039ms] [LOG] 10 CDN assets loaded OK @ https://temporalio.slack.com/ssb/redirect:144
[   25042ms] [INFO] Sep-06 11:06:42.232 [TRACER] Tracing is not sampled by default for this session. @ https://a.slack-edge.com/bv1-13-br/ssb-redirect-core.5a96bed64f63e83f.primer.min.js:265
[   25051ms] [INFO] Sep-06 11:06:42.241 [UFM-MEMBERS] (TNWA8QCGZ) requesting U0C0QPC5YNL (1) @ https://a.slack-edge.com/bv1-13-br/ssb-redirect-core.5a96bed64f63e83f.primer.min.js:265
[   25053ms] [WARNING] Sep-06 11:06:42.243 TRACES You tried to get a team-specific tracer but didn’t provide enough context and are getting the generic tracer instead which is likely not what you want. @ https://a.slack-edge.com/bv1-13-br/ssb-redirect-core.5a96bed64f63e83f.primer.min.js:265
[   25054ms] [WARNING] Sep-06 11:06:42.244 TRACES You tried to get a team-specific tracer but didn’t provide enough context and are getting the generic tracer instead which is likely not what you want. @ https://a.slack-edge.com/bv1-13-br/ssb-redirect-core.5a96bed64f63e83f.primer.min.js:265
[   25054ms] [INFO] Sep-06 11:06:42.244 [API-Q] (TNWA8QCGZ) noversion-1788682002.243 api.getFlannelHttpUrl called with reason: client-needs-valid-flannel-url @ https://a.slack-edge.com/bv1-13-br/ssb-redirect-core.5a96bed64f63e83f.primer.min.js:265
[   25054ms] [INFO] Sep-06 11:06:42.244 [API-Q] (TNWA8QCGZ) noversion-1788682002.243 api.getFlannelHttpUrl is ENQUEUED @ https://a.slack-edge.com/bv1-13-br/ssb-redirect-core.5a96bed64f63e83f.primer.min.js:265
[   25094ms] [INFO] Sep-06 11:06:42.285 [API-Q] (TNWA8QCGZ) noversion-1788682002.243 api.getFlannelHttpUrl is ACTIVE @ https://a.slack-edge.com/bv1-13-br/ssb-redirect-core.5a96bed64f63e83f.primer.min.js:265
[   25226ms] [ERROR] Access to XMLHttpRequest at 'https://slack.com/clog/track/' from origin 'https://temporalio.slack.com' has been blocked by CORS policy: No 'Access-Control-Allow-Origin' header is present on the requested resource. @ https://temporalio.slack.com/ssb/redirect:0
[   25226ms] [ERROR] Failed to load resource: net::ERR_FAILED @ https://slack.com/clog/track/:0
[   25259ms] [INFO] Sep-06 11:06:42.450 [API-Q] (TNWA8QCGZ) noversion-1788682002.243 api.getFlannelHttpUrl is REJECTED: API not ok not_authed @ https://a.slack-edge.com/bv1-13-br/ssb-redirect-core.5a96bed64f63e83f.primer.min.js:265
[   25260ms] [WARNING] Sep-06 11:06:42.450 TRACES You tried to get a team-specific tracer but didn’t provide enough context and are getting the generic tracer instead which is likely not what you want. @ https://a.slack-edge.com/bv1-13-br/ssb-redirect-core.5a96bed64f63e83f.primer.min.js:265
[   25261ms] [INFO] Sep-06 11:06:42.451 [FLANNEL] (TNWA8QCGZ) giving up on users/info call @ https://a.slack-edge.com/bv1-13-br/ssb-redirect-core.5a96bed64f63e83f.primer.min.js:265
[   25261ms] [WARNING] Sep-06 11:06:42.452 (TNWA8QCGZ) Flannel chunk fetch failed: [object Object], U0C0QPC5YNL, U0C0QPC5YNL @ https://a.slack-edge.com/bv1-13-br/ssb-redirect-core.5a96bed64f63e83f.primer.min.js:265
[   25261ms] [INFO] Sep-06 11:06:42.452 [UFM-MEMBERS] (TNWA8QCGZ) received U0C0QPC5YNL (1) @ https://a.slack-edge.com/bv1-13-br/ssb-redirect-core.5a96bed64f63e83f.primer.min.js:265
[   25261ms] [WARNING] Sep-06 11:06:42.452 UFM-members (TNWA8QCGZ) UnknownFetchManager requested 1 objects but received 0. Missing objects: U0C0QPC5YNL @ https://a.slack-edge.com/bv1-13-br/ssb-redirect-core.5a96bed64f63e83f.primer.min.js:265
[   30922ms] [INFO] Launched external handler for 'slack://TNWA8QCGZ/magic-login/11992008736197-3f3121cf6867224d6e22638c2ab0eb307316d8a4e9cf32da5b20aa802351911b?id=1'. @ https://temporalio.slack.com/ssb/redirect:0
[   44420ms] [ERROR] Access to XMLHttpRequest at 'https://slack.com/clog/track/' from origin 'https://temporalio.slack.com' has been blocked by CORS policy: No 'Access-Control-Allow-Origin' header is present on the requested resource. @ https://temporalio.slack.com/ssb/redirect:0
[   44420ms] [ERROR] Failed to load resource: net::ERR_FAILED @ https://slack.com/clog/track/:0
[   45650ms] [INFO] Sep-06 11:07:02.840 [METRICS] Starting timers for metrics collection @ https://a.slack-edge.com/bv1-13-br/gantry-v2-shared.cdda0aad0eba53be.min.js?cacheKey=gantry-1788679051:46
[   45879ms] [INFO] Sep-06 11:07:03.069 [APP] client-v2 @ https://a.slack-edge.com/bv1-13-br/gantry-v2-shared.cdda0aad0eba53be.min.js?cacheKey=gantry-1788679051:46
[   45879ms] [INFO] Sep-06 11:07:03.070 [DATE/TIME] 1788682023070 Sun Sep 06 2026 11:07:03 GMT+0300 (Eastern European Summer Time) @ https://a.slack-edge.com/bv1-13-br/gantry-v2-shared.cdda0aad0eba53be.min.js?cacheKey=gantry-1788679051:46
[   45879ms] [INFO] Sep-06 11:07:03.070 [VERSION] version_hash: 3296225158250eaad82aa9fdf11b8a9ba744c4b3 @ https://a.slack-edge.com/bv1-13-br/gantry-v2-shared.cdda0aad0eba53be.min.js?cacheKey=gantry-1788679051:46
[   45880ms] [INFO] Sep-06 11:07:03.070 [VERSION] version_ts: 1788679051 @ https://a.slack-edge.com/bv1-13-br/gantry-v2-shared.cdda0aad0eba53be.min.js?cacheKey=gantry-1788679051:46
[   45880ms] [INFO] Sep-06 11:07:03.070 [VERSION] min_version_data_ts: 1722374725 @ https://a.slack-edge.com/bv1-13-br/gantry-v2-shared.cdda0aad0eba53be.min.js?cacheKey=gantry-1788679051:46
[   45880ms] [INFO] Sep-06 11:07:03.070 [URL] https://app.slack.com/client/TNWA8QCGZ @ https://a.slack-edge.com/bv1-13-br/gantry-v2-shared.cdda0aad0eba53be.min.js?cacheKey=gantry-1788679051:46
[   45880ms] [INFO] Sep-06 11:07:03.071 [AUTH] Need to re-fetch auth (sc=true, psc=NaN, csc=1788682000, mfc=true, lf=0, mf=1635006011, sae=false) @ https://a.slack-edge.com/bv1-13-br/gantry-v2-shared.cdda0aad0eba53be.min.js?cacheKey=gantry-1788679051:46
[   45881ms] [INFO] Sep-06 11:07:03.071 [AUTH] fetchAuthAndReturnToUrl: auth fetch times: 1788682023071 @ https://a.slack-edge.com/bv1-13-br/gantry-v2-shared.cdda0aad0eba53be.min.js?cacheKey=gantry-1788679051:46
[   45881ms] [INFO] Sep-06 11:07:03.071 [AUTH] fetchAuthAndReturnToUrl: will return to /client/TNWA8QCGZ @ https://a.slack-edge.com/bv1-13-br/gantry-v2-shared.cdda0aad0eba53be.min.js?cacheKey=gantry-1788679051:46
[   45881ms] [INFO] Sep-06 11:07:03.071 [AUTH] fetchAuthAndReturnToUrl: fetching credentials with iframe at /auth?app=client&return_to=%2Fclient%2FTNWA8QCGZ&teams= @ https://a.slack-edge.com/bv1-13-br/gantry-v2-shared.cdda0aad0eba53be.min.js?cacheKey=gantry-1788679051:46
[   45883ms] [LOG] [WD] All assets have reported back; s: 7; f: 0 @ https://app.slack.com/client/TNWA8QCGZ:0
[   46108ms] [LOG] [AUTH] credentials are ready @ https://app.slack.com/auth?app=client&return_to=%2Fclient%2FTNWA8QCGZ&teams=&iframe=1:3
[   46110ms] [INFO] Sep-06 11:07:03.300 [AUTH] credentials are ready ({"added":["TNWA8QCGZ"],"changed":[],"removed":[],"pending":[],"isNoOp":false,"areChangedTeamsIncompatible":true}) @ https://a.slack-edge.com/bv1-13-br/gantry-v2-shared.cdda0aad0eba53be.min.js?cacheKey=gantry-1788679051:46
[   46110ms] [INFO] Sep-06 11:07:03.300 [LOCAL-CONFIG] ingestIncomingConfig(): processing 651 bytes of data @ https://a.slack-edge.com/bv1-13-br/gantry-v2-shared.cdda0aad0eba53be.min.js?cacheKey=gantry-1788679051:46
[   46110ms] [INFO] Sep-06 11:07:03.300 [LOCAL-CONFIG] ingestIncomingConfig(): teams before: (none), teams now: TNWA8QCGZ:U0C0QPC5YNL @ https://a.slack-edge.com/bv1-13-br/gantry-v2-shared.cdda0aad0eba53be.min.js?cacheKey=gantry-1788679051:46
[   46110ms] [INFO] Sep-06 11:07:03.301 [BOOT] Initial user team ID: TNWA8QCGZ @ https://a.slack-edge.com/bv1-13-br/gantry-v2-shared.cdda0aad0eba53be.min.js?cacheKey=gantry-1788679051:46
[   46111ms] [INFO] Sep-06 11:07:03.301 [BOOT] (TNWA8QCGZ) Minimum supported data version is 1722374725; currently on undefined @ https://a.slack-edge.com/bv1-13-br/gantry-v2-shared.cdda0aad0eba53be.min.js?cacheKey=gantry-1788679051:46
[   46111ms] [INFO] Sep-06 11:07:03.302 [BOOT] (TNWA8QCGZ) Skipping checking persisted store because if it exists it's out of date @ https://a.slack-edge.com/bv1-13-br/gantry-v2-shared.cdda0aad0eba53be.min.js?cacheKey=gantry-1788679051:46
[   46111ms] [INFO] Sep-06 11:07:03.302 [PERSIST] (TNWA8QCGZ) Purging persisted model... @ https://a.slack-edge.com/bv1-13-br/gantry-v2-shared.cdda0aad0eba53be.min.js?cacheKey=gantry-1788679051:46
[   46112ms] [INFO] Sep-06 11:07:03.302 [TRACER] Tracing is not sampled by default for this team. @ https://a.slack-edge.com/bv1-13-br/gantry-v2-shared.cdda0aad0eba53be.min.js?cacheKey=gantry-1788679051:46
[   46121ms] [INFO] Sep-06 11:07:03.312 [TRACER] Tracing is not sampled by default for this session. @ https://a.slack-edge.com/bv1-13-br/gantry-v2-shared.cdda0aad0eba53be.min.js?cacheKey=gantry-1788679051:46
[   46123ms] [INFO] Sep-06 11:07:03.313 [BOOT-QUEUE] TNWA8QCGZ noversion-1788682023.312 experiments.getByUser called @ https://a.slack-edge.com/bv1-13-br/gantry-v2-shared.cdda0aad0eba53be.min.js?cacheKey=gantry-1788679051:46
[   46123ms] [INFO] Sep-06 11:07:03.313 [BOOT-QUEUE] TNWA8QCGZ noversion-1788682023.312 experiments.getByUser is ENQUEUED @ https://a.slack-edge.com/bv1-13-br/gantry-v2-shared.cdda0aad0eba53be.min.js?cacheKey=gantry-1788679051:46
[   46124ms] [INFO] Sep-06 11:07:03.314 [BOOT-QUEUE] TNWA8QCGZ noversion-1788682023.314 api.features called @ https://a.slack-edge.com/bv1-13-br/gantry-v2-shared.cdda0aad0eba53be.min.js?cacheKey=gantry-1788679051:46
[   46124ms] [INFO] Sep-06 11:07:03.314 [BOOT-QUEUE] TNWA8QCGZ noversion-1788682023.314 api.features is ENQUEUED @ https://a.slack-edge.com/bv1-13-br/gantry-v2-shared.cdda0aad0eba53be.min.js?cacheKey=gantry-1788679051:46
[   46124ms] [INFO] Sep-06 11:07:03.314 [BOOT-QUEUE] TNWA8QCGZ noversion-1788682023.314 features.access.policies.list called @ https://a.slack-edge.com/bv1-13-br/gantry-v2-shared.cdda0aad0eba53be.min.js?cacheKey=gantry-1788679051:46
[   46124ms] [INFO] Sep-06 11:07:03.315 [BOOT-QUEUE] TNWA8QCGZ noversion-1788682023.314 features.access.policies.list is ENQUEUED @ https://a.slack-edge.com/bv1-13-br/gantry-v2-shared.cdda0aad0eba53be.min.js?cacheKey=gantry-1788679051:46
[   46125ms] [INFO] Sep-06 11:07:03.315 [BOOT-QUEUE] TNWA8QCGZ noversion-1788682023.315 client.shouldReload called with reason: boot @ https://a.slack-edge.com/bv1-13-br/gantry-v2-shared.cdda0aad0eba53be.min.js?cacheKey=gantry-1788679051:46
[   46125ms] [INFO] Sep-06 11:07:03.316 [BOOT-QUEUE] TNWA8QCGZ noversion-1788682023.315 client.shouldReload is ENQUEUED @ https://a.slack-edge.com/bv1-13-br/gantry-v2-shared.cdda0aad0eba53be.min.js?cacheKey=gantry-1788679051:46
[   46125ms] [INFO] Sep-06 11:07:03.316 [BOOT] Couldn't determine boot channel. Falling back to default channel @ https://a.slack-edge.com/bv1-13-br/gantry-v2-shared.cdda0aad0eba53be.min.js?cacheKey=gantry-1788679051:46
[   46138ms] [INFO] Sep-06 11:07:03.329 [OBJECT-STORE] attempting to delete shards [] @ https://a.slack-edge.com/bv1-13-br/gantry-v2-shared.cdda0aad0eba53be.min.js?cacheKey=gantry-1788679051:46
[   46139ms] [INFO] Sep-06 11:07:03.330 [OBJECT-STORE-TNWA8QCG] openDB initializing at version 317 @ https://a.slack-edge.com/bv1-13-br/gantry-v2-shared.cdda0aad0eba53be.min.js?cacheKey=gantry-1788679051:46
[   46139ms] [INFO] Sep-06 11:07:03.330 [OBJECT-STORE-TNWA8QCG] openDB adding stores [sundryStorage] @ https://a.slack-edge.com/bv1-13-br/gantry-v2-shared.cdda0aad0eba53be.min.js?cacheKey=gantry-1788679051:46
[   46139ms] [INFO] Sep-06 11:07:03.330 [OBJECT-STORE-TNWA8QCG] openDB removing stores [] @ https://a.slack-edge.com/bv1-13-br/gantry-v2-shared.cdda0aad0eba53be.min.js?cacheKey=gantry-1788679051:46
[   46139ms] [INFO] Sep-06 11:07:03.330 [OBJECT-STORE-TNWA8QCG] openDB clearing stores [] @ https://a.slack-edge.com/bv1-13-br/gantry-v2-shared.cdda0aad0eba53be.min.js?cacheKey=gantry-1788679051:46
[   46148ms] [INFO] Sep-06 11:07:03.339 [PERSIST] (TNWA8QCGZ) Purged model @ https://a.slack-edge.com/bv1-13-br/gantry-v2-shared.cdda0aad0eba53be.min.js?cacheKey=gantry-1788679051:46
[   46149ms] [INFO] Sep-06 11:07:03.339 [BOOT-QUEUE] TNWA8QCGZ noversion-1788682023.339 client.userBoot called with reason: initial-data @ https://a.slack-edge.com/bv1-13-br/gantry-v2-shared.cdda0aad0eba53be.min.js?cacheKey=gantry-1788679051:46
[   46149ms] [INFO] Sep-06 11:07:03.339 [BOOT-QUEUE] TNWA8QCGZ noversion-1788682023.339 client.userBoot is ENQUEUED @ https://a.slack-edge.com/bv1-13-br/gantry-v2-shared.cdda0aad0eba53be.min.js?cacheKey=gantry-1788679051:46
[   46153ms] [INFO] Sep-06 11:07:03.344 [BOOT-QUEUE] TNWA8QCGZ noversion-1788682023.312 experiments.getByUser is ACTIVE @ https://a.slack-edge.com/bv1-13-br/gantry-v2-shared.cdda0aad0eba53be.min.js?cacheKey=gantry-1788679051:46
[   46153ms] [INFO] Sep-06 11:07:03.344 [BOOT-QUEUE] TNWA8QCGZ noversion-1788682023.314 api.features is ACTIVE @ https://a.slack-edge.com/bv1-13-br/gantry-v2-shared.cdda0aad0eba53be.min.js?cacheKey=gantry-1788679051:46
[   46153ms] [INFO] Sep-06 11:07:03.344 [BOOT-QUEUE] TNWA8QCGZ noversion-1788682023.314 features.access.policies.list is ACTIVE @ https://a.slack-edge.com/bv1-13-br/gantry-v2-shared.cdda0aad0eba53be.min.js?cacheKey=gantry-1788679051:46
[   46154ms] [INFO] Sep-06 11:07:03.344 [BOOT-QUEUE] TNWA8QCGZ noversion-1788682023.315 client.shouldReload is ACTIVE @ https://a.slack-edge.com/bv1-13-br/gantry-v2-shared.cdda0aad0eba53be.min.js?cacheKey=gantry-1788679051:46
[   46154ms] [INFO] Sep-06 11:07:03.344 [BOOT-QUEUE] TNWA8QCGZ noversion-1788682023.339 client.userBoot is ACTIVE @ https://a.slack-edge.com/bv1-13-br/gantry-v2-shared.cdda0aad0eba53be.min.js?cacheKey=gantry-1788679051:46
[   46190ms] [INFO] Sep-06 11:07:03.381 [EMOJI_TRANSLATION] Emoji translations not needed for default locale, only adding keywords @ https://a.slack-edge.com/bv1-13-br/gantry-v2-shared.cdda0aad0eba53be.min.js?cacheKey=gantry-1788679051:46
[   46331ms] [INFO] Sep-06 11:07:03.521 [BOOT-QUEUE] TNWA8QCGZ noversion-1788682023.315 client.shouldReload is RESOLVED @ https://a.slack-edge.com/bv1-13-br/gantry-v2-shared.cdda0aad0eba53be.min.js?cacheKey=gantry-1788679051:46
[   46332ms] [INFO] Sep-06 11:07:03.522 [BOOT-QUEUE] TNWA8QCGZ noversion-1788682023.314 api.features is RESOLVED @ https://a.slack-edge.com/bv1-13-br/gantry-v2-shared.cdda0aad0eba53be.min.js?cacheKey=gantry-1788679051:46
[   46337ms] [INFO] Sep-06 11:07:03.527 [BOOT-QUEUE] TNWA8QCGZ noversion-1788682023.314 features.access.policies.list is RESOLVED @ https://a.slack-edge.com/bv1-13-br/gantry-v2-shared.cdda0aad0eba53be.min.js?cacheKey=gantry-1788679051:46
[   46459ms] [INFO] Sep-06 11:07:03.650 [BOOT-QUEUE] TNWA8QCGZ noversion-1788682023.312 experiments.getByUser is RESOLVED @ https://a.slack-edge.com/bv1-13-br/gantry-v2-shared.cdda0aad0eba53be.min.js?cacheKey=gantry-1788679051:46
[   46535ms] [INFO] Sep-06 11:07:03.726 [BOOT-QUEUE] TNWA8QCGZ noversion-1788682023.339 client.userBoot is RESOLVED @ https://a.slack-edge.com/bv1-13-br/gantry-v2-shared.cdda0aad0eba53be.min.js?cacheKey=gantry-1788679051:46
[   47251ms] [INFO] Sep-06 11:07:04.442 [BOOT] (TNWA8QCGZ) Booting with empty store @ https://a.slack-edge.com/bv1-13-br/gantry-v2-shared.cdda0aad0eba53be.min.js?cacheKey=gantry-1788679051:46
[   47252ms] [INFO] Sep-06 11:07:04.443 [MIN-VERSION] No need to reload @ https://a.slack-edge.com/bv1-13-br/gantry-v2-shared.cdda0aad0eba53be.min.js?cacheKey=gantry-1788679051:46
[   47253ms] [INFO] Sep-06 11:07:04.444 [BOOT-QUEUE] TNWA8QCGZ noversion-1788682024.443 onboarding.fetch called @ https://a.slack-edge.com/bv1-13-br/gantry-v2-shared.cdda0aad0eba53be.min.js?cacheKey=gantry-1788679051:46
[   47253ms] [INFO] Sep-06 11:07:04.444 [BOOT-QUEUE] TNWA8QCGZ noversion-1788682024.443 onboarding.fetch is ENQUEUED @ https://a.slack-edge.com/bv1-13-br/gantry-v2-shared.cdda0aad0eba53be.min.js?cacheKey=gantry-1788679051:46
[   47253ms] [INFO] Sep-06 11:07:04.444 [BOOT-QUEUE] TNWA8QCGZ noversion-1788682024.443 onboarding.fetch is ACTIVE @ https://a.slack-edge.com/bv1-13-br/gantry-v2-shared.cdda0aad0eba53be.min.js?cacheKey=gantry-1788679051:46
[   47254ms] [INFO] Sep-06 11:07:04.444 [BOOT] (TNWA8QCGZ) Configuring redux store @ https://a.slack-edge.com/bv1-13-br/gantry-v2-shared.cdda0aad0eba53be.min.js?cacheKey=gantry-1788679051:46
[   47256ms] [LOG] [WD] All assets have reported back; s: 13; f: 0 @ https://app.slack.com/client/TNWA8QCGZ:0
[   47447ms] [INFO] Sep-06 11:07:04.637 [BOOT-QUEUE] TNWA8QCGZ noversion-1788682024.443 onboarding.fetch is RESOLVED @ https://a.slack-edge.com/bv1-13-br/gantry-v2-shared.cdda0aad0eba53be.min.js?cacheKey=gantry-1788679051:46
[   47447ms] [INFO] Sep-06 11:07:04.638 [BOOT] (TNWA8QCGZ) Dispatching API data @ https://a.slack-edge.com/bv1-13-br/gantry-v2-shared.cdda0aad0eba53be.min.js?cacheKey=gantry-1788679051:46
[   47447ms] [INFO] Sep-06 11:07:04.638 [BOOT] (TNWA8QCGZ) Dispatching boot data @ https://a.slack-edge.com/bv1-13-br/gantry-v2-shared.cdda0aad0eba53be.min.js?cacheKey=gantry-1788679051:46
[   47452ms] [INFO] Sep-06 11:07:04.640 [API-Q] (TNWA8QCGZ) 32962251-1788682024.640 sfdc.integration.listOrgs called with reason: fetch-orgs-and-sign-in-silently-v2 @ https://a.slack-edge.com/bv1-13-br/gantry-v2-shared.cdda0aad0eba53be.min.js?cacheKey=gantry-1788679051:46
[   47452ms] [INFO] Sep-06 11:07:04.643 [API-Q] (TNWA8QCGZ) 32962251-1788682024.640 sfdc.integration.listOrgs is ENQUEUED @ https://a.slack-edge.com/bv1-13-br/gantry-v2-shared.cdda0aad0eba53be.min.js?cacheKey=gantry-1788679051:46
[   47474ms] [INFO] Sep-06 11:07:04.665 [EMOJI_TRANSLATION] Emoji translations not needed for default locale, only adding keywords @ https://a.slack-edge.com/bv1-13-br/gantry-v2-shared.cdda0aad0eba53be.min.js?cacheKey=gantry-1788679051:46
[   47475ms] [INFO] Sep-06 11:07:04.666 [API-Q] (TNWA8QCGZ) 32962251-1788682024.665 users.prefs.get called with reason: fetch-frecency-prefs @ https://a.slack-edge.com/bv1-13-br/gantry-v2-shared.cdda0aad0eba53be.min.js?cacheKey=gantry-1788679051:46
[   47475ms] [INFO] Sep-06 11:07:04.666 [API-Q] (TNWA8QCGZ) 32962251-1788682024.665 users.prefs.get is ENQUEUED @ https://a.slack-edge.com/bv1-13-br/gantry-v2-shared.cdda0aad0eba53be.min.js?cacheKey=gantry-1788679051:46
[   47476ms] [INFO] Sep-06 11:07:04.666 [BOOT] (TNWA8QCGZ) workspaces changed since last boot -- invalidating cached state @ https://a.slack-edge.com/bv1-13-br/gantry-v2-shared.cdda0aad0eba53be.min.js?cacheKey=gantry-1788679051:46
[   47477ms] [INFO] Sep-06 11:07:04.667 [API-Q] (TNWA8QCGZ) 32962251-1788682024.667 client.appCommands called with reason: set-model-data @ https://a.slack-edge.com/bv1-13-br/gantry-v2-shared.cdda0aad0eba53be.min.js?cacheKey=gantry-1788679051:46
[   47477ms] [INFO] Sep-06 11:07:04.668 [API-Q] (TNWA8QCGZ) 32962251-1788682024.667 client.appCommands is ENQUEUED @ https://a.slack-edge.com/bv1-13-br/gantry-v2-shared.cdda0aad0eba53be.min.js?cacheKey=gantry-1788679051:46
[   47478ms] [INFO] Sep-06 11:07:04.668 [API-Q] (TNWA8QCGZ) 32962251-1788682024.668 links.getDomains called with reason: siws-get-domains @ https://a.slack-edge.com/bv1-13-br/gantry-v2-shared.cdda0aad0eba53be.min.js?cacheKey=gantry-1788679051:46
[   47478ms] [INFO] Sep-06 11:07:04.668 [API-Q] (TNWA8QCGZ) 32962251-1788682024.668 links.getDomains is ENQUEUED @ https://a.slack-edge.com/bv1-13-br/gantry-v2-shared.cdda0aad0eba53be.min.js?cacheKey=gantry-1788679051:46
[   47480ms] [INFO] Sep-06 11:07:04.670 [API-Q] (TNWA8QCGZ) 32962251-1788682024.640 sfdc.integration.listOrgs is ACTIVE @ https://a.slack-edge.com/bv1-13-br/gantry-v2-shared.cdda0aad0eba53be.min.js?cacheKey=gantry-1788679051:46
[   47480ms] [INFO] Sep-06 11:07:04.670 [API-Q] (TNWA8QCGZ) 32962251-1788682024.665 users.prefs.get is ACTIVE @ https://a.slack-edge.com/bv1-13-br/gantry-v2-shared.cdda0aad0eba53be.min.js?cacheKey=gantry-1788679051:46
[   47480ms] [INFO] Sep-06 11:07:04.671 [API-Q] (TNWA8QCGZ) 32962251-1788682024.667 client.appCommands is ACTIVE @ https://a.slack-edge.com/bv1-13-br/gantry-v2-shared.cdda0aad0eba53be.min.js?cacheKey=gantry-1788679051:46
[   47480ms] [INFO] Sep-06 11:07:04.671 [API-Q] (TNWA8QCGZ) 32962251-1788682024.668 links.getDomains is ACTIVE @ https://a.slack-edge.com/bv1-13-br/gantry-v2-shared.cdda0aad0eba53be.min.js?cacheKey=gantry-1788679051:46
[   47481ms] [INFO] Sep-06 11:07:04.671 [BOOT] (TNWA8QCGZ) Dispatching initial api data for initial view @ https://a.slack-edge.com/bv1-13-br/gantry-v2-shared.cdda0aad0eba53be.min.js?cacheKey=gantry-1788679051:46
[   47482ms] [INFO] Sep-06 11:07:04.672 [API-Q] (TNWA8QCGZ) 32962251-1788682024.672 onboarding.updateUser called with reason: joiner_launchpad_onboarding_complete @ https://a.slack-edge.com/bv1-13-br/gantry-v2-shared.cdda0aad0eba53be.min.js?cacheKey=gantry-1788679051:46
[   47482ms] [INFO] Sep-06 11:07:04.672 [API-Q] (TNWA8QCGZ) 32962251-1788682024.672 onboarding.updateUser is ENQUEUED @ https://a.slack-edge.com/bv1-13-br/gantry-v2-shared.cdda0aad0eba53be.min.js?cacheKey=gantry-1788679051:46
[   47483ms] [INFO] Sep-06 11:07:04.673 [NAVIGATE-IN-MAIN-WIND] Starting a new navigation event {id: Pjoiner-launchpad, viewType: Page, viewParams: undefined, options: Object} @ https://a.slack-edge.com/bv1-13-br/gantry-v2-shared.cdda0aad0eba53be.min.js?cacheKey=gantry-1788679051:46
[   47485ms] [INFO] Sep-06 11:07:04.675 [NAVIGATE-IN-MAIN-WIND] Applying changes to the primary container {viewSet: Object, nextTab: home} @ https://a.slack-edge.com/bv1-13-br/gantry-v2-shared.cdda0aad0eba53be.min.js?cacheKey=gantry-1788679051:46
[   47485ms] [INFO] Sep-06 11:07:04.676 [NAVIGATION-MIDDLEWARE] Starting a new navigation middleware execution {context: navigation, nextViewSet: Object, nextSplitView: undefined, middlewareCount: 26, nextTab: home} @ https://a.slack-edge.com/bv1-13-br/gantry-v2-shared.cdda0aad0eba53be.min.js?cacheKey=gantry-1788679051:46
[   47487ms] [INFO] Sep-06 11:07:04.677 [API-Q] (TNWA8QCGZ) 32962251-1788682024.672 onboarding.updateUser is ACTIVE @ https://a.slack-edge.com/bv1-13-br/gantry-v2-shared.cdda0aad0eba53be.min.js?cacheKey=gantry-1788679051:46
[   47487ms] [INFO] Sep-06 11:07:04.677 [NAVIGATION-MIDDLEWARE] Async action execution is complete for a view {nextView: Object, results: Array(26), shouldTerminateNavigation: false, executionTime: 1.3999999994412065, nextTab: home} @ https://a.slack-edge.com/bv1-13-br/gantry-v2-shared.cdda0aad0eba53be.min.js?cacheKey=gantry-1788679051:46
[   47488ms] [INFO] Sep-06 11:07:04.678 [NAVIGATION-MIDDLEWARE] Finish middleware execution for sidebar container {maybeTransformedViewSet: Object, maybeTransformedSplitView: undefined, terminateNavigation: false, isViewTransformed: false, iterationCount: 0} @ https://a.slack-edge.com/bv1-13-br/gantry-v2-shared.cdda0aad0eba53be.min.js?cacheKey=gantry-1788679051:46
[   47488ms] [INFO] Sep-06 11:07:04.678 [NAVIGATION-MIDDLEWARE] Async action execution is complete for a view {nextView: Object, results: Array(26), shouldTerminateNavigation: false, executionTime: 0.09999999962747097, nextTab: home} @ https://a.slack-edge.com/bv1-13-br/gantry-v2-shared.cdda0aad0eba53be.min.js?cacheKey=gantry-1788679051:46
[   47488ms] [INFO] Sep-06 11:07:04.679 [NAVIGATION-MIDDLEWARE] Finish middleware execution for primary container {maybeTransformedViewSet: Object, maybeTransformedSplitView: undefined, terminateNavigation: false, isViewTransformed: false, iterationCount: 0} @ https://a.slack-edge.com/bv1-13-br/gantry-v2-shared.cdda0aad0eba53be.min.js?cacheKey=gantry-1788679051:46
[   47488ms] [INFO] Sep-06 11:07:04.679 [NAVIGATION-MIDDLEWARE] Navigation middleware execution is complete {maybeUpdatedViewSet: Object, maybeUpdatedSplitView: undefined, terminateNavigation: false, executionTime: 2.8999999994412065, nextTab: home} @ https://a.slack-edge.com/bv1-13-br/gantry-v2-shared.cdda0aad0eba53be.min.js?cacheKey=gantry-1788679051:46
[   47488ms] [INFO] Sep-06 11:07:04.679 [NAVIGATE-IN-MAIN-WIND] Built view set after middleware {viewSet: Object, splitView: undefined, nextTab: home} @ https://a.slack-edge.com/bv1-13-br/gantry-v2-shared.cdda0aad0eba53be.min.js?cacheKey=gantry-1788679051:46
[   47490ms] [INFO] Sep-06 11:07:04.681 [NAVIGATE-LISTENERS] (TNWA8QCGZ) Starting navigation listeners for triggerType NAVIGATION @ https://a.slack-edge.com/bv1-13-br/gantry-v2-shared.cdda0aad0eba53be.min.js?cacheKey=gantry-1788679051:46
[   47493ms] [INFO] Sep-06 11:07:04.684 [NAVIGATE-LISTENERS] (TNWA8QCGZ) Navigation listeners complete without errors @ https://a.slack-edge.com/bv1-13-br/gantry-v2-shared.cdda0aad0eba53be.min.js?cacheKey=gantry-1788679051:46
[   47493ms] [INFO] Sep-06 11:07:04.684 [NAVIGATE-IN-MAIN-WIND]  Navigation thunk execution complete {id: Pjoiner-launchpad, viewType: Page, viewParams: undefined, options: Object} @ https://a.slack-edge.com/bv1-13-br/gantry-v2-shared.cdda0aad0eba53be.min.js?cacheKey=gantry-1788679051:46
[   47495ms] [INFO] Sep-06 11:07:04.684 [API-Q] (TNWA8QCGZ) 32962251-1788682024.684 users.getInviter called with reason: get_inviter_user_id @ https://a.slack-edge.com/bv1-13-br/gantry-v2-shared.cdda0aad0eba53be.min.js?cacheKey=gantry-1788679051:46
[   47495ms] [INFO] Sep-06 11:07:04.685 [API-Q] (TNWA8QCGZ) 32962251-1788682024.684 users.getInviter is ENQUEUED @ https://a.slack-edge.com/bv1-13-br/gantry-v2-shared.cdda0aad0eba53be.min.js?cacheKey=gantry-1788679051:46
[   47496ms] [INFO] Sep-06 11:07:04.686 [API-Q] (TNWA8QCGZ) 32962251-1788682024.686 users.stateMachine called with reason: dispatch-onboarding-view-data @ https://a.slack-edge.com/bv1-13-br/gantry-v2-shared.cdda0aad0eba53be.min.js?cacheKey=gantry-1788679051:46
[   47496ms] [INFO] Sep-06 11:07:04.687 [API-Q] (TNWA8QCGZ) 32962251-1788682024.686 users.stateMachine is ENQUEUED @ https://a.slack-edge.com/bv1-13-br/gantry-v2-shared.cdda0aad0eba53be.min.js?cacheKey=gantry-1788679051:46
[   47496ms] [INFO] Sep-06 11:07:04.687 [API-Q] (TNWA8QCGZ) 32962251-1788682024.684 users.getInviter is ACTIVE @ https://a.slack-edge.com/bv1-13-br/gantry-v2-shared.cdda0aad0eba53be.min.js?cacheKey=gantry-1788679051:46
[   47497ms] [INFO] Sep-06 11:07:04.687 [API-Q] (TNWA8QCGZ) 32962251-1788682024.686 users.stateMachine is ACTIVE @ https://a.slack-edge.com/bv1-13-br/gantry-v2-shared.cdda0aad0eba53be.min.js?cacheKey=gantry-1788679051:46
[   47499ms] [INFO] Sep-06 11:07:04.689 [NAVIGATION-MIDDLEWARE] Starting a new navigation middleware execution {context: client-boot, nextViewSet: Object, nextSplitView: undefined, middlewareCount: 12, nextTab: home} @ https://a.slack-edge.com/bv1-13-br/gantry-v2-shared.cdda0aad0eba53be.min.js?cacheKey=gantry-1788679051:46
[   47499ms] [INFO] Sep-06 11:07:04.689 [NAVIGATION-MIDDLEWARE] Async action execution is complete for a view {nextView: Object, results: Array(12), shouldTerminateNavigation: false, executionTime: 0.2999999998137355, nextTab: home} @ https://a.slack-edge.com/bv1-13-br/gantry-v2-shared.cdda0aad0eba53be.min.js?cacheKey=gantry-1788679051:46
[   47499ms] [INFO] Sep-06 11:07:04.690 [BOOT] (TNWA8QCGZ) Boot complete @ https://a.slack-edge.com/bv1-13-br/gantry-v2-shared.cdda0aad0eba53be.min.js?cacheKey=gantry-1788679051:46
[   47500ms] [INFO] Sep-06 11:07:04.691 [API-Q] (TNWA8QCGZ) 32962251-1788682024.690 api.getFlannelHttpUrl called with reason: client-needs-valid-flannel-url @ https://a.slack-edge.com/bv1-13-br/gantry-v2-shared.cdda0aad0eba53be.min.js?cacheKey=gantry-1788679051:46
[   47500ms] [INFO] Sep-06 11:07:04.691 [API-Q] (TNWA8QCGZ) 32962251-1788682024.690 api.getFlannelHttpUrl is ENQUEUED @ https://a.slack-edge.com/bv1-13-br/gantry-v2-shared.cdda0aad0eba53be.min.js?cacheKey=gantry-1788679051:46
[   47501ms] [INFO] Sep-06 11:07:04.691 [DESKTOP-SIDE-EFFECT] (TNWA8QCGZ) Reacting to  {type: [29] Set a value that represents whether we are currently in the boot phase, payload: false, error: false} @ https://a.slack-edge.com/bv1-13-br/gantry-v2-shared.cdda0aad0eba53be.min.js?cacheKey=gantry-1788679051:46
[   47501ms] [INFO] Sep-06 11:07:04.691 [AUTH] Installing incremental auth handler @ https://a.slack-edge.com/bv1-13-br/gantry-v2-shared.cdda0aad0eba53be.min.js?cacheKey=gantry-1788679051:46
[   47501ms] [INFO] Sep-06 11:07:04.691 [NAVIGATION-MIDDLEWARE] Finish middleware execution for sidebar container {maybeTransformedViewSet: Object, maybeTransformedSplitView: undefined, terminateNavigation: false, isViewTransformed: false, iterationCount: 0} @ https://a.slack-edge.com/bv1-13-br/gantry-v2-shared.cdda0aad0eba53be.min.js?cacheKey=gantry-1788679051:46
[   47502ms] [INFO] Sep-06 11:07:04.692 [SOCKET-MANAGER] (TNWA8QCGZ) Changing from never_connected to prov_connect @ https://a.slack-edge.com/bv1-13-br/gantry-v2-shared.cdda0aad0eba53be.min.js?cacheKey=gantry-1788679051:46
[   47502ms] [INFO] Sep-06 11:07:04.692 [SOCKET-MANAGER] (TNWA8QCGZ) will stay in prov_connect state for up to 10000 ms @ https://a.slack-edge.com/bv1-13-br/gantry-v2-shared.cdda0aad0eba53be.min.js?cacheKey=gantry-1788679051:46
[   47502ms] [INFO] Sep-06 11:07:04.692 [SOCKET-MANAGER] (TNWA8QCGZ) Connecting with token ending: e6f2 @ https://a.slack-edge.com/bv1-13-br/gantry-v2-shared.cdda0aad0eba53be.min.js?cacheKey=gantry-1788679051:46
[   47502ms] [INFO] Sep-06 11:07:04.693 [SOCKET-MANAGER] (TNWA8QCGZ) Changing from prov_connect to prov_connecting @ https://a.slack-edge.com/bv1-13-br/gantry-v2-shared.cdda0aad0eba53be.min.js?cacheKey=gantry-1788679051:46
[   47502ms] [INFO] Sep-06 11:07:04.693 [SOCKET-MANAGER] (TNWA8QCGZ) will stay in prov_connecting state for up to 35000 ms @ https://a.slack-edge.com/bv1-13-br/gantry-v2-shared.cdda0aad0eba53be.min.js?cacheKey=gantry-1788679051:46
[   47503ms] [INFO] Sep-06 11:07:04.693 [ENDPOINT-MANAGER] (TNWA8QCGZ) No stale versions to clear. @ https://a.slack-edge.com/bv1-13-br/gantry-v2-shared.cdda0aad0eba53be.min.js?cacheKey=gantry-1788679051:46
[   47503ms] [INFO] Sep-06 11:07:04.693 [ENDPOINT-MANAGER] (TNWA8QCGZ) socketUrl - fetching endpoint @ https://a.slack-edge.com/bv1-13-br/gantry-v2-shared.cdda0aad0eba53be.min.js?cacheKey=gantry-1788679051:46
[   47503ms] [INFO] Sep-06 11:07:04.693 [SOCKET-MANAGER-MIDDLE] (TNWA8QCGZ) Initialized Socket Manager instance @ https://a.slack-edge.com/bv1-13-br/gantry-v2-shared.cdda0aad0eba53be.min.js?cacheKey=gantry-1788679051:46
[   47503ms] [INFO] Sep-06 11:07:04.693 [API-Q] (TNWA8QCGZ) 32962251-1788682024.690 api.getFlannelHttpUrl is ACTIVE @ https://a.slack-edge.com/bv1-13-br/gantry-v2-shared.cdda0aad0eba53be.min.js?cacheKey=gantry-1788679051:46
[   47504ms] [INFO] Sep-06 11:07:04.694 [NAVIGATION-MIDDLEWARE] Async action execution is complete for a view {nextView: Object, results: Array(12), shouldTerminateNavigation: false, executionTime: 2.7000000001862645, nextTab: home} @ https://a.slack-edge.com/bv1-13-br/gantry-v2-shared.cdda0aad0eba53be.min.js?cacheKey=gantry-1788679051:46
[   47504ms] [INFO] Sep-06 11:07:04.694 [NAVIGATION-MIDDLEWARE] Finish middleware execution for primary container {maybeTransformedViewSet: Object, maybeTransformedSplitView: undefined, terminateNavigation: false, isViewTransformed: false, iterationCount: 0} @ https://a.slack-edge.com/bv1-13-br/gantry-v2-shared.cdda0aad0eba53be.min.js?cacheKey=gantry-1788679051:46
[   47504ms] [INFO] Sep-06 11:07:04.695 [NAVIGATION-MIDDLEWARE] Navigation middleware execution is complete {maybeUpdatedViewSet: Object, maybeUpdatedSplitView: undefined, terminateNavigation: false, executionTime: 5.5, nextTab: home} @ https://a.slack-edge.com/bv1-13-br/gantry-v2-shared.cdda0aad0eba53be.min.js?cacheKey=gantry-1788679051:46
[   47510ms] [INFO] Sep-06 11:07:04.700 [EMOJI_TRANSLATION] Emoji translations not needed for default locale, only adding keywords @ https://a.slack-edge.com/bv1-13-br/gantry-v2-shared.cdda0aad0eba53be.min.js?cacheKey=gantry-1788679051:46
[   47511ms] [INFO] Sep-06 11:07:04.701 [BOOT] (TNWA8QCGZ) (TNWA8QCGZ) Mounting client @ https://a.slack-edge.com/bv1-13-br/gantry-v2-shared.cdda0aad0eba53be.min.js?cacheKey=gantry-1788679051:46
[   47581ms] [INFO] Sep-06 11:07:04.771 [SLACKBOTMINI:VISIBILI] hasSlackbotMiniWindow check {hasWindow: false} @ https://a.slack-edge.com/bv1-13-br/gantry-v2-shared.cdda0aad0eba53be.min.js?cacheKey=gantry-1788679051:46
[   47608ms] [INFO] Sep-06 11:07:04.799 [COUNTS] (TNWA8QCGZ) dmsBadgeCount: 0 @ https://a.slack-edge.com/bv1-13-br/gantry-v2-shared.cdda0aad0eba53be.min.js?cacheKey=gantry-1788679051:46
[   47609ms] [INFO] Sep-06 11:07:04.799 [COUNTS] (TNWA8QCGZ) activityBadgeCount: 0 @ https://a.slack-edge.com/bv1-13-br/gantry-v2-shared.cdda0aad0eba53be.min.js?cacheKey=gantry-1788679051:46
[   47610ms] [INFO] Sep-06 11:07:04.800 [API-Q] (TNWA8QCGZ) 32962251-1788682024.800 users.prefs.set called with reason: prefs-api/setUserPrefByApi @ https://a.slack-edge.com/bv1-13-br/gantry-v2-shared.cdda0aad0eba53be.min.js?cacheKey=gantry-1788679051:46
[   47610ms] [INFO] Sep-06 11:07:04.800 [API-Q] (TNWA8QCGZ) 32962251-1788682024.800 users.prefs.set is ENQUEUED @ https://a.slack-edge.com/bv1-13-br/gantry-v2-shared.cdda0aad0eba53be.min.js?cacheKey=gantry-1788679051:46
[   47613ms] [INFO] Sep-06 11:07:04.803 [DEVICE-PERMISSIONS-MA] Initializing media device permissions manager @ https://a.slack-edge.com/bv1-13-br/gantry-v2-shared.cdda0aad0eba53be.min.js?cacheKey=gantry-1788679051:46
[   47613ms] [INFO] Sep-06 11:07:04.803 [DEVICE-PERMISSIONS-MA] Using browser device permissions strategy @ https://a.slack-edge.com/bv1-13-br/gantry-v2-shared.cdda0aad0eba53be.min.js?cacheKey=gantry-1788679051:46
[   47613ms] [INFO] Sep-06 11:07:04.804 [DEVICE-PERMISSIONS-MA] Scheduled permissions refresh @ https://a.slack-edge.com/bv1-13-br/gantry-v2-shared.cdda0aad0eba53be.min.js?cacheKey=gantry-1788679051:46
[   47613ms] [INFO] Sep-06 11:07:04.804 [(?)] Initializing device preferences manager with teamId: TNWA8QCGZ @ https://a.slack-edge.com/bv1-13-br/gantry-v2-shared.cdda0aad0eba53be.min.js?cacheKey=gantry-1788679051:46
[   47614ms] [INFO] Sep-06 11:07:04.804 [DEVICE-PREFS] Using device preferences manager @ https://a.slack-edge.com/bv1-13-br/gantry-v2-shared.cdda0aad0eba53be.min.js?cacheKey=gantry-1788679051:46
[   47614ms] [INFO] Sep-06 11:07:04.804 [DEVICE-PREFS] No preferred devices found in local storage. @ https://a.slack-edge.com/bv1-13-br/gantry-v2-shared.cdda0aad0eba53be.min.js?cacheKey=gantry-1788679051:46
[   47614ms] [INFO] Sep-06 11:07:04.804 [DEVICE-PREFS] No preferred devices found in local storage. Detecting preferences from selection records @ https://a.slack-edge.com/bv1-13-br/gantry-v2-shared.cdda0aad0eba53be.min.js?cacheKey=gantry-1788679051:46
[   47614ms] [INFO] Sep-06 11:07:04.805 [DEVICE-PREFS] Initializing device preferences manager from local storage @ https://a.slack-edge.com/bv1-13-br/gantry-v2-shared.cdda0aad0eba53be.min.js?cacheKey=gantry-1788679051:46
[   47614ms] [INFO] Sep-06 11:07:04.805 [DEVICE-PREFS] Device selection records: {} @ https://a.slack-edge.com/bv1-13-br/gantry-v2-shared.cdda0aad0eba53be.min.js?cacheKey=gantry-1788679051:46
[   47615ms] [INFO] Sep-06 11:07:04.805 [DEVICE-PREFS] Updating available devices (original flow) @ https://a.slack-edge.com/bv1-13-br/gantry-v2-shared.cdda0aad0eba53be.min.js?cacheKey=gantry-1788679051:46
[   47615ms] [INFO] Sep-06 11:07:04.805 [AVDEVICESERVICE] [AVDeviceService] [LIFECYCLE] [avds_1788682024805] Device enumerator initialized @ https://a.slack-edge.com/bv1-13-br/gantry-v2-shared.cdda0aad0eba53be.min.js?cacheKey=gantry-1788679051:46
[   47650ms] [WARNING] Sep-06 11:07:04.841 TRACER (TNWA8QCGZ) (boot:time_to_mount_client) was forced closed and marked with the _flush=true tag. @ https://a.slack-edge.com/bv1-13-br/gantry-v2-shared.cdda0aad0eba53be.min.js?cacheKey=gantry-1788679051:46
[   47651ms] [INFO] Sep-06 11:07:04.841 [API-Q] (TNWA8QCGZ) 32962251-1788682024.800 users.prefs.set is ACTIVE @ https://a.slack-edge.com/bv1-13-br/gantry-v2-shared.cdda0aad0eba53be.min.js?cacheKey=gantry-1788679051:46
[   47651ms] [INFO] Sep-06 11:07:04.842 [BOOT] Fetching client.extras {extras: Array(6)} @ https://a.slack-edge.com/bv1-13-br/gantry-v2-shared.cdda0aad0eba53be.min.js?cacheKey=gantry-1788679051:46
[   47652ms] [INFO] Sep-06 11:07:04.842 [API-Q] (TNWA8QCGZ) 32962251-1788682024.842 client.extras called with reason: fetch-client-extras @ https://a.slack-edge.com/bv1-13-br/gantry-v2-shared.cdda0aad0eba53be.min.js?cacheKey=gantry-1788679051:46
[   47652ms] [INFO] Sep-06 11:07:04.843 [API-Q] (TNWA8QCGZ) 32962251-1788682024.842 client.extras is ENQUEUED @ https://a.slack-edge.com/bv1-13-br/gantry-v2-shared.cdda0aad0eba53be.min.js?cacheKey=gantry-1788679051:46
[   47653ms] [INFO] Sep-06 11:07:04.843 [API-Q] (TNWA8QCGZ) 32962251-1788682024.843 drafts.list called with reason: client-v2-boot-team @ https://a.slack-edge.com/bv1-13-br/gantry-v2-shared.cdda0aad0eba53be.min.js?cacheKey=gantry-1788679051:46
[   47653ms] [INFO] Sep-06 11:07:04.844 [API-Q] (TNWA8QCGZ) 32962251-1788682024.843 drafts.list is ENQUEUED @ https://a.slack-edge.com/bv1-13-br/gantry-v2-shared.cdda0aad0eba53be.min.js?cacheKey=gantry-1788679051:46
[   47653ms] [INFO] Sep-06 11:07:04.844 [DRAFTS] (TNWA8QCGZ) No local drafts - skipping fetch to purge inactive drafts @ https://a.slack-edge.com/bv1-13-br/gantry-v2-shared.cdda0aad0eba53be.min.js?cacheKey=gantry-1788679051:46
[   47656ms] [INFO] Sep-06 11:07:04.847 [EMOJI_TRANSLATION] Emoji translations not needed for default locale, only adding keywords @ https://a.slack-edge.com/bv1-13-br/gantry-v2-shared.cdda0aad0eba53be.min.js?cacheKey=gantry-1788679051:46
[   47657ms] [INFO] Sep-06 11:07:04.847 [API-Q] (TNWA8QCGZ) 32962251-1788682024.847 workflows.triggers.listRecentlyRunForUser called with reason: fetch_and_upsert_recently_run_triggers @ https://a.slack-edge.com/bv1-13-br/gantry-v2-shared.cdda0aad0eba53be.min.js?cacheKey=gantry-1788679051:46
[   47657ms] [INFO] Sep-06 11:07:04.847 [API-Q] (TNWA8QCGZ) 32962251-1788682024.847 workflows.triggers.listRecentlyRunForUser is ENQUEUED @ https://a.slack-edge.com/bv1-13-br/gantry-v2-shared.cdda0aad0eba53be.min.js?cacheKey=gantry-1788679051:46
[   47657ms] [INFO] Sep-06 11:07:04.848 [API-Q] (TNWA8QCGZ) 32962251-1788682024.847 functions.workflows.list called with reason: automations_gallery @ https://a.slack-edge.com/bv1-13-br/gantry-v2-shared.cdda0aad0eba53be.min.js?cacheKey=gantry-1788679051:46
[   47657ms] [INFO] Sep-06 11:07:04.848 [API-Q] (TNWA8QCGZ) 32962251-1788682024.847 functions.workflows.list is ENQUEUED @ https://a.slack-edge.com/bv1-13-br/gantry-v2-shared.cdda0aad0eba53be.min.js?cacheKey=gantry-1788679051:46
[   47658ms] [INFO] Sep-06 11:07:04.848 [API-Q] (TNWA8QCGZ) 32962251-1788682024.848 megaphone.notifications.list called with reason: boot @ https://a.slack-edge.com/bv1-13-br/gantry-v2-shared.cdda0aad0eba53be.min.js?cacheKey=gantry-1788679051:46
[   47658ms] [INFO] Sep-06 11:07:04.848 [API-Q] (TNWA8QCGZ) 32962251-1788682024.848 megaphone.notifications.list is ENQUEUED @ https://a.slack-edge.com/bv1-13-br/gantry-v2-shared.cdda0aad0eba53be.min.js?cacheKey=gantry-1788679051:46
[   47658ms] [INFO] Sep-06 11:07:04.849 [API-Q] (TNWA8QCGZ) 32962251-1788682024.848 megaphone.notifications.list called with reason: boot @ https://a.slack-edge.com/bv1-13-br/gantry-v2-shared.cdda0aad0eba53be.min.js?cacheKey=gantry-1788679051:46
[   47658ms] [INFO] Sep-06 11:07:04.849 [API-Q] (TNWA8QCGZ) 32962251-1788682024.848 megaphone.notifications.list is ENQUEUED @ https://a.slack-edge.com/bv1-13-br/gantry-v2-shared.cdda0aad0eba53be.min.js?cacheKey=gantry-1788679051:46
[   47659ms] [INFO] Sep-06 11:07:04.849 [API-Q] (TNWA8QCGZ) 32962251-1788682024.849 teams.trials.info called with reason: client-v2-boot-team @ https://a.slack-edge.com/bv1-13-br/gantry-v2-shared.cdda0aad0eba53be.min.js?cacheKey=gantry-1788679051:46
[   47659ms] [INFO] Sep-06 11:07:04.849 [API-Q] (TNWA8QCGZ) 32962251-1788682024.849 teams.trials.info is ENQUEUED @ https://a.slack-edge.com/bv1-13-br/gantry-v2-shared.cdda0aad0eba53be.min.js?cacheKey=gantry-1788679051:46
[   47659ms] [INFO] Sep-06 11:07:04.849 [API-Q] (TNWA8QCGZ) 32962251-1788682024.849 users.prefs.get called with reason: fetch-user-expectation-last-triggered-pref @ https://a.slack-edge.com/bv1-13-br/gantry-v2-shared.cdda0aad0eba53be.min.js?cacheKey=gantry-1788679051:46
[   47659ms] [INFO] Sep-06 11:07:04.850 [API-Q] (TNWA8QCGZ) 32962251-1788682024.849 users.prefs.get is ENQUEUED @ https://a.slack-edge.com/bv1-13-br/gantry-v2-shared.cdda0aad0eba53be.min.js?cacheKey=gantry-1788679051:46
[   47659ms] [INFO] Sep-06 11:07:04.850 [API-Q] (TNWA8QCGZ) 32962251-1788682024.850 users.priority.list called with reason: fetch-priority-users-on-boot-render @ https://a.slack-edge.com/bv1-13-br/gantry-v2-shared.cdda0aad0eba53be.min.js?cacheKey=gantry-1788679051:46
[   47659ms] [INFO] Sep-06 11:07:04.850 [API-Q] (TNWA8QCGZ) 32962251-1788682024.850 users.priority.list is ENQUEUED @ https://a.slack-edge.com/bv1-13-br/gantry-v2-shared.cdda0aad0eba53be.min.js?cacheKey=gantry-1788679051:46
[   47660ms] [INFO] Sep-06 11:07:04.850 [API-Q] (TNWA8QCGZ) 32962251-1788682024.850 activity.views called with reason: fetch-deferred-messaging-client-data @ https://a.slack-edge.com/bv1-13-br/gantry-v2-shared.cdda0aad0eba53be.min.js?cacheKey=gantry-1788679051:46
[   47660ms] [INFO] Sep-06 11:07:04.850 [API-Q] (TNWA8QCGZ) 32962251-1788682024.850 activity.views is ENQUEUED @ https://a.slack-edge.com/bv1-13-br/gantry-v2-shared.cdda0aad0eba53be.min.js?cacheKey=gantry-1788679051:46
[   47661ms] [INFO] Sep-06 11:07:04.851 [API-Q] (TNWA8QCGZ) 32962251-1788682024.851 aiApps.list called with reason: fetch-deferred-messaging-client-data @ https://a.slack-edge.com/bv1-13-br/gantry-v2-shared.cdda0aad0eba53be.min.js?cacheKey=gantry-1788679051:46
[   47661ms] [INFO] Sep-06 11:07:04.851 [API-Q] (TNWA8QCGZ) 32962251-1788682024.851 aiApps.list is ENQUEUED @ https://a.slack-edge.com/bv1-13-br/gantry-v2-shared.cdda0aad0eba53be.min.js?cacheKey=gantry-1788679051:46
[   47661ms] [INFO] Sep-06 11:07:04.852 [API-Q] (TNWA8QCGZ) 32962251-1788682024.852 files.collections.list called with reason: fetch_file_collections @ https://a.slack-edge.com/bv1-13-br/gantry-v2-shared.cdda0aad0eba53be.min.js?cacheKey=gantry-1788679051:46
[   47661ms] [INFO] Sep-06 11:07:04.852 [API-Q] (TNWA8QCGZ) 32962251-1788682024.852 files.collections.list is ENQUEUED @ https://a.slack-edge.com/bv1-13-br/gantry-v2-shared.cdda0aad0eba53be.min.js?cacheKey=gantry-1788679051:46
[   47662ms] [INFO] Sep-06 11:07:04.852 [API-Q] (TNWA8QCGZ) 32962251-1788682024.842 client.extras is ACTIVE @ https://a.slack-edge.com/bv1-13-br/gantry-v2-shared.cdda0aad0eba53be.min.js?cacheKey=gantry-1788679051:46
[   47662ms] [INFO] Sep-06 11:07:04.852 [API-Q] (TNWA8QCGZ) 32962251-1788682024.852 calendar.getInstalledCalendars called with reason: calendar-get-installed-calendars @ https://a.slack-edge.com/bv1-13-br/gantry-v2-shared.cdda0aad0eba53be.min.js?cacheKey=gantry-1788679051:46
[   47662ms] [INFO] Sep-06 11:07:04.852 [API-Q] (TNWA8QCGZ) 32962251-1788682024.852 calendar.getInstalledCalendars is ENQUEUED @ https://a.slack-edge.com/bv1-13-br/gantry-v2-shared.cdda0aad0eba53be.min.js?cacheKey=gantry-1788679051:46
[   47663ms] [INFO] Sep-06 11:07:04.853 [BOOT] Setting reducedSignInWorkflowExperiment object in local storage. teamId: TNWA8QCGZ, enterpriseId: undefined, isOn: true @ https://a.slack-edge.com/bv1-13-br/gantry-v2-shared.cdda0aad0eba53be.min.js?cacheKey=gantry-1788679051:46
[   47664ms] [INFO] Sep-06 11:07:04.855 [NAVIGATE-LISTENERS] (TNWA8QCGZ) Starting navigation listeners for triggerType CLIENT_MOUNT @ https://a.slack-edge.com/bv1-13-br/gantry-v2-shared.cdda0aad0eba53be.min.js?cacheKey=gantry-1788679051:46
[   47665ms] [INFO] Sep-06 11:07:04.855 [NAVIGATE-LISTENERS] (TNWA8QCGZ) Navigation listeners complete without errors @ https://a.slack-edge.com/bv1-13-br/gantry-v2-shared.cdda0aad0eba53be.min.js?cacheKey=gantry-1788679051:46
[   47665ms] [INFO] Sep-06 11:07:04.856 [MIN-VERSION] Starting client min-version poll. @ https://a.slack-edge.com/bv1-13-br/gantry-v2-shared.cdda0aad0eba53be.min.js?cacheKey=gantry-1788679051:46
[   47666ms] [INFO] Sep-06 11:07:04.856 [API-Q] (TNWA8QCGZ) 32962251-1788682024.856 users.prefs.set called with reason: prefs-api/setUserPrefByApi @ https://a.slack-edge.com/bv1-13-br/gantry-v2-shared.cdda0aad0eba53be.min.js?cacheKey=gantry-1788679051:46
[   47666ms] [INFO] Sep-06 11:07:04.856 [API-Q] (TNWA8QCGZ) 32962251-1788682024.856 users.prefs.set is ENQUEUED @ https://a.slack-edge.com/bv1-13-br/gantry-v2-shared.cdda0aad0eba53be.min.js?cacheKey=gantry-1788679051:46
[   47667ms] [INFO] Sep-06 11:07:04.857 [PERSIST] Purging persisted models, except for the following teamIds [TNWA8QCGZ] @ https://a.slack-edge.com/bv1-13-br/gantry-v2-shared.cdda0aad0eba53be.min.js?cacheKey=gantry-1788679051:46
[   47698ms] [INFO] Sep-06 11:07:04.888 [GS_REQUEST] (TNWA8QCGZ) received a user_change_subscribe_request call while we are not connected; deferring @ https://a.slack-edge.com/bv1-13-br/gantry-v2-shared.cdda0aad0eba53be.min.js?cacheKey=gantry-1788679051:46
[   47699ms] [INFO] Sep-06 11:07:04.889 [UFM-MEMBERS] (TNWA8QCGZ) requesting USLACKBOT (1) @ https://a.slack-edge.com/bv1-13-br/gantry-v2-shared.cdda0aad0eba53be.min.js?cacheKey=gantry-1788679051:46
[   47699ms] [INFO] Sep-06 11:07:04.889 [UFM-PERMISSIONS] (TNWA8QCGZ) requesting ACCESS_SLACK_AI_SLACKBOT,ACCESS_SLACK_AI_TODAY,ACCESS_SLACK_AI_RECORD_CHANNEL_DIGEST,ACCESS_SLACK_AI_CHANNEL_THREAD_SUMMARIES,ACCESS_SLACK_AI_RECAP,ACCESS_SLACK_AI_SEARCH,ACCESS_SLACK_AI_FILE_SUMMARIES,ACCESS_SLACK_AI_HUDDLE_SUMMARIES,ACCESS_SLACK_AI_FILTERS,CREATE_PUBLIC_CHANNEL,CREATE_PRIVATE_CHANNEL,READ_AUDIT_LOGS,ARCHIVE_CHANNEL,CONVERT_MPDM_TO_PRIVATE,EDIT_CHANNEL_WORKSPACES,CAN_AT_CHANNEL,VIEW_OVERVIEW_ANALYTICS,VIEW_WORKSPACE_ANALYTICS,VIEW_MEMBER_ANALYTICS,VIEW_ORG_WIDE_CHANNEL_ANALYTICS,VIEW_HUDDLE_ANALYTICS,VIEW_CLIP_ANALYTICS,VIEW_APP_ANALYTICS,VIEW_CHANNEL_ANALYTICS,VIEW_AI_ANALYTICS,VIEW_CANVAS_ANALYTICS,VIEW_WORKFLOW_ANALYTICS,VIEW_LIST_ANALYTICS,VIEW_SLACKBOT_ANALYTICS,VIEW_TOP_LEVEL_WORKFLOWS,ADD_COLLABORATOR_TO_ANY_WORKFLOW,UNPUBLISH_ANY_WORKFLOW,CREATE_WORKFLOWS,CREATE_CANVAS_TEMPLATES,PUBLISH_CANVAS_ORG_TEMPLATES,MANAGE_SALES_HOME,MANAGE_SALES_HOME_DATA_SOURCE,ADD_CUSTOM_EMOJI,DELETE_CUSTOM_EMOJI,EDIT_SLACKBOT_RESPONSES,UPDATE_NAME,UPDATE_DISPLAY_NAME,EDIT_PROFILE_PHOTO,ACCEPT_SLACK_CONNECT_INVITES,MANAGE_SLACK_CONNECT,CREATE_SLACK_CONNECT_DM,VIEW_APP_REQUESTS,MANAGE_AAA_AUTOMATION_RULES,MANAGE_SCOPE_RATINGS,VIEW_INSTALLED_APPS,MANAGE_ORG_LEVEL_APP_APPROVAL,VIEW_APPROVED_APPS,VIEW_RESTRICTED_APPS,ADD_ORG_APPS_TO_WORKSPACES,REMOVE_ORG_APPS_FROM_WORKSPACES,VIEW_DEPRECATIONS,MANAGE_WORKFLOW_CONNECTORS,MANAGE_WORKFLOW_TRIGGERS,MANAGE_APP_ACLS,CREATE_SOLUTION_TEMPLATE,PUBLISH_SOLUTION_TEMPLATE,MANAGE_SOLUTION_TEMPLATE,CREATE_LIST_TEMPLATE,CREATE_USER_GROUPS,EDIT_USER_GROUPS,DELETE_USER_GROUPS,ACCESS_SLACK_AI_DETAILED_FEEDBACK,ACCESS_SLACK_AI_STEPS_IN_WORKFLOW,ACCESS_SLACK_AI_TRANSLATIONS,ACCESS_SLACK_AI_WORKFLOW_BUILDER,ACCESS_SLACK_AI_DEVELOPMENT,ACCESS_SLACK_AI_EXPLAIN,ACCESS_SLACK_AI_CANVAS,ACCESS_SLACK_AI_SALESFORCE_CSV_MAPPER,ACCESS_SLACK_AI_SUGGESTED_SECTIONS,ACCESS_SLACK_AI_CHANNEL_SECTION_RECOMMENDATIONS,ACCESS_SLACK_AI_SLACKIVERSARY,ACCESS_ENTERPRISE_SEARCH,AUTHOR_SKILLS,AUTO_ENABLE_SKILL,CAN_MANAGE_XWS_CHANNELS,CREATE_AND_EDIT_ORG_USER_GROUPS,EDIT_ORG_USER_GROUPS,DELETE_ORG_USER_GROUPS (1) @ https://a.slack-edge.com/bv1-13-br/gantry-v2-shared.cdda0aad0eba53be.min.js?cacheKey=gantry-1788679051:46
[   47699ms] [INFO] Sep-06 11:07:04.890 [OBJECT-STORE] attempting to delete shards [] @ https://a.slack-edge.com/bv1-13-br/gantry-v2-shared.cdda0aad0eba53be.min.js?cacheKey=gantry-1788679051:46
[   47700ms] [INFO] Sep-06 11:07:04.890 [DND_V2] (TNWA8QCGZ) fetchAndUpsertDndForUsers - Preparing to fetch DND times for the following members: U0C0QPC5YNL @ https://a.slack-edge.com/bv1-13-br/gantry-v2-shared.cdda0aad0eba53be.min.js?cacheKey=gantry-1788679051:46
[   47700ms] [INFO] Sep-06 11:07:04.891 [API-Q] (TNWA8QCGZ) 32962251-1788682024.891 dnd.info called with reason: fetchAndUpsertDndForUsers-getDndTimesFor:self @ https://a.slack-edge.com/bv1-13-br/gantry-v2-shared.cdda0aad0eba53be.min.js?cacheKey=gantry-1788679051:46
[   47700ms] [INFO] Sep-06 11:07:04.891 [API-Q] (TNWA8QCGZ) 32962251-1788682024.891 dnd.info is ENQUEUED @ https://a.slack-edge.com/bv1-13-br/gantry-v2-shared.cdda0aad0eba53be.min.js?cacheKey=gantry-1788679051:46
[   47701ms] [INFO] Sep-06 11:07:04.891 [API-Q] (TNWA8QCGZ) 32962251-1788682024.891 help.issues.ticketStats called with reason: fetchAndUpsertTicketStats @ https://a.slack-edge.com/bv1-13-br/gantry-v2-shared.cdda0aad0eba53be.min.js?cacheKey=gantry-1788679051:46
[   47701ms] [INFO] Sep-06 11:07:04.891 [API-Q] (TNWA8QCGZ) 32962251-1788682024.891 help.issues.ticketStats is ENQUEUED @ https://a.slack-edge.com/bv1-13-br/gantry-v2-shared.cdda0aad0eba53be.min.js?cacheKey=gantry-1788679051:46
[   47701ms] [INFO] Sep-06 11:07:04.891 [API-Q] (TNWA8QCGZ) 32962251-1788682024.891 users.channelSections.list called with reason: conditional-fetch-manager @ https://a.slack-edge.com/bv1-13-br/gantry-v2-shared.cdda0aad0eba53be.min.js?cacheKey=gantry-1788679051:46
[   47701ms] [INFO] Sep-06 11:07:04.892 [API-Q] (TNWA8QCGZ) 32962251-1788682024.891 users.channelSections.list is ENQUEUED @ https://a.slack-edge.com/bv1-13-br/gantry-v2-shared.cdda0aad0eba53be.min.js?cacheKey=gantry-1788679051:46
[   47701ms] [INFO] Sep-06 11:07:04.892 [API-Q] (TNWA8QCGZ) 32962251-1788682024.892 team.targetingCriteria called with reason: team_targeting_criteria @ https://a.slack-edge.com/bv1-13-br/gantry-v2-shared.cdda0aad0eba53be.min.js?cacheKey=gantry-1788679051:46
[   47701ms] [INFO] Sep-06 11:07:04.892 [API-Q] (TNWA8QCGZ) 32962251-1788682024.892 team.targetingCriteria is ENQUEUED @ https://a.slack-edge.com/bv1-13-br/gantry-v2-shared.cdda0aad0eba53be.min.js?cacheKey=gantry-1788679051:46
[   47703ms] [INFO] Sep-06 11:07:04.894 [PERSIST] Purged persisted models [] @ https://a.slack-edge.com/bv1-13-br/gantry-v2-shared.cdda0aad0eba53be.min.js?cacheKey=gantry-1788679051:46
[   47704ms] [INFO] Sep-06 11:07:04.894 [BOOT] Client boot completed @ https://a.slack-edge.com/bv1-13-br/gantry-v2-shared.cdda0aad0eba53be.min.js?cacheKey=gantry-1788679051:46
[   47707ms] [INFO] Sep-06 11:07:04.897 [SLACKBOTMINI:SHORTCUT] Desktop API unavailable; skipping {source: boot} @ https://a.slack-edge.com/bv1-13-br/gantry-v2-shared.cdda0aad0eba53be.min.js?cacheKey=gantry-1788679051:46
[   47708ms] [INFO] Sep-06 11:07:04.898 [RTM-EVENT-METRICS] Metrics collection sampling has been reset. @ https://a.slack-edge.com/bv1-13-br/gantry-v2-shared.cdda0aad0eba53be.min.js?cacheKey=gantry-1788679051:46
[   47710ms] [INFO] Sep-06 11:07:04.900 [API-Q] (TNWA8QCGZ) 32962251-1788682024.640 sfdc.integration.listOrgs is RESOLVED @ https://a.slack-edge.com/bv1-13-br/gantry-v2-shared.cdda0aad0eba53be.min.js?cacheKey=gantry-1788679051:46
[   47710ms] [INFO] Sep-06 11:07:04.900 [API-Q] (TNWA8QCGZ) 32962251-1788682024.849 users.prefs.get is ACTIVE @ https://a.slack-edge.com/bv1-13-br/gantry-v2-shared.cdda0aad0eba53be.min.js?cacheKey=gantry-1788679051:46
[   47716ms] [INFO] Sep-06 11:07:04.906 [API-Q] (TNWA8QCGZ) 32962251-1788682024.665 users.prefs.get is RESOLVED @ https://a.slack-edge.com/bv1-13-br/gantry-v2-shared.cdda0aad0eba53be.min.js?cacheKey=gantry-1788679051:46
[   47716ms] [INFO] Sep-06 11:07:04.906 [API-Q] (TNWA8QCGZ) 32962251-1788682024.843 drafts.list is ACTIVE @ https://a.slack-edge.com/bv1-13-br/gantry-v2-shared.cdda0aad0eba53be.min.js?cacheKey=gantry-1788679051:46
[   47717ms] [INFO] Sep-06 11:07:04.907 [API-Q] (TNWA8QCGZ) 32962251-1788682024.668 links.getDomains is RESOLVED @ https://a.slack-edge.com/bv1-13-br/gantry-v2-shared.cdda0aad0eba53be.min.js?cacheKey=gantry-1788679051:46
[   47717ms] [INFO] Sep-06 11:07:04.907 [API-Q] (TNWA8QCGZ) 32962251-1788682024.847 workflows.triggers.listRecentlyRunForUser is ACTIVE @ https://a.slack-edge.com/bv1-13-br/gantry-v2-shared.cdda0aad0eba53be.min.js?cacheKey=gantry-1788679051:46
[   47717ms] [INFO] Sep-06 11:07:04.908 [API-Q] (TNWA8QCGZ) 32962251-1788682024.672 onboarding.updateUser is RESOLVED @ https://a.slack-edge.com/bv1-13-br/gantry-v2-shared.cdda0aad0eba53be.min.js?cacheKey=gantry-1788679051:46
[   47717ms] [INFO] Sep-06 11:07:04.908 [API-Q] (TNWA8QCGZ) 32962251-1788682024.847 functions.workflows.list is ACTIVE @ https://a.slack-edge.com/bv1-13-br/gantry-v2-shared.cdda0aad0eba53be.min.js?cacheKey=gantry-1788679051:46
[   47718ms] [INFO] Sep-06 11:07:04.908 [API-Q] (TNWA8QCGZ) 32962251-1788682024.684 users.getInviter is RESOLVED @ https://a.slack-edge.com/bv1-13-br/gantry-v2-shared.cdda0aad0eba53be.min.js?cacheKey=gantry-1788679051:46
[   47718ms] [INFO] Sep-06 11:07:04.909 [API-Q] (TNWA8QCGZ) 32962251-1788682024.848 megaphone.notifications.list is ACTIVE @ https://a.slack-edge.com/bv1-13-br/gantry-v2-shared.cdda0aad0eba53be.min.js?cacheKey=gantry-1788679051:46
[   47718ms] [INFO] Sep-06 11:07:04.909 [API-Q] (TNWA8QCGZ) 32962251-1788682024.686 users.stateMachine is RESOLVED @ https://a.slack-edge.com/bv1-13-br/gantry-v2-shared.cdda0aad0eba53be.min.js?cacheKey=gantry-1788679051:46
[   47719ms] [INFO] Sep-06 11:07:04.909 [API-Q] (TNWA8QCGZ) 32962251-1788682024.848 megaphone.notifications.list is ACTIVE @ https://a.slack-edge.com/bv1-13-br/gantry-v2-shared.cdda0aad0eba53be.min.js?cacheKey=gantry-1788679051:46
[   47719ms] [INFO] Sep-06 11:07:04.910 [API-Q] (TNWA8QCGZ) 32962251-1788682024.690 api.getFlannelHttpUrl is RESOLVED @ https://a.slack-edge.com/bv1-13-br/gantry-v2-shared.cdda0aad0eba53be.min.js?cacheKey=gantry-1788679051:46
[   47720ms] [INFO] Sep-06 11:07:04.910 [API-Q] (TNWA8QCGZ) 32962251-1788682024.849 teams.trials.info is ACTIVE @ https://a.slack-edge.com/bv1-13-br/gantry-v2-shared.cdda0aad0eba53be.min.js?cacheKey=gantry-1788679051:46
[   47720ms] [INFO] Sep-06 11:07:04.911 [API-Q] (TNWA8QCGZ) noversion-1788682024.910 Flannel huddles/list called with reason: flannel-call:huddles/list @ https://a.slack-edge.com/bv1-13-br/gantry-v2-shared.cdda0aad0eba53be.min.js?cacheKey=gantry-1788679051:46
[   47720ms] [INFO] Sep-06 11:07:04.911 [API-Q] (TNWA8QCGZ) noversion-1788682024.910 Flannel huddles/list is ENQUEUED @ https://a.slack-edge.com/bv1-13-br/gantry-v2-shared.cdda0aad0eba53be.min.js?cacheKey=gantry-1788679051:46
[   47720ms] [INFO] Sep-06 11:07:04.911 [API-Q] (TNWA8QCGZ) noversion-1788682024.911 Flannel users/info called with reason: flannel-call:users/info @ https://a.slack-edge.com/bv1-13-br/gantry-v2-shared.cdda0aad0eba53be.min.js?cacheKey=gantry-1788679051:46
[   47720ms] [INFO] Sep-06 11:07:04.911 [API-Q] (TNWA8QCGZ) noversion-1788682024.911 Flannel users/info is ENQUEUED @ https://a.slack-edge.com/bv1-13-br/gantry-v2-shared.cdda0aad0eba53be.min.js?cacheKey=gantry-1788679051:46
[   47720ms] [INFO] Sep-06 11:07:04.911 [API-Q] (TNWA8QCGZ) noversion-1788682024.911 Flannel users/info called with reason: flannel-call:users/info @ https://a.slack-edge.com/bv1-13-br/gantry-v2-shared.cdda0aad0eba53be.min.js?cacheKey=gantry-1788679051:46
[   47721ms] [INFO] Sep-06 11:07:04.911 [API-Q] (TNWA8QCGZ) noversion-1788682024.911 Flannel users/info is ENQUEUED @ https://a.slack-edge.com/bv1-13-br/gantry-v2-shared.cdda0aad0eba53be.min.js?cacheKey=gantry-1788679051:46
[   47721ms] [INFO] Sep-06 11:07:04.911 [API-Q] (TNWA8QCGZ) noversion-1788682024.911 Flannel permissions/info called with reason: flannel-call:permissions/info @ https://a.slack-edge.com/bv1-13-br/gantry-v2-shared.cdda0aad0eba53be.min.js?cacheKey=gantry-1788679051:46
[   47721ms] [INFO] Sep-06 11:07:04.911 [API-Q] (TNWA8QCGZ) noversion-1788682024.911 Flannel permissions/info is ENQUEUED @ https://a.slack-edge.com/bv1-13-br/gantry-v2-shared.cdda0aad0eba53be.min.js?cacheKey=gantry-1788679051:46
[   47721ms] [INFO] Sep-06 11:07:04.911 [API-Q] (TNWA8QCGZ) noversion-1788682024.911 Flannel permissions/info called with reason: flannel-call:permissions/info @ https://a.slack-edge.com/bv1-13-br/gantry-v2-shared.cdda0aad0eba53be.min.js?cacheKey=gantry-1788679051:46
[   47721ms] [INFO] Sep-06 11:07:04.911 [API-Q] (TNWA8QCGZ) noversion-1788682024.911 Flannel permissions/info is ENQUEUED @ https://a.slack-edge.com/bv1-13-br/gantry-v2-shared.cdda0aad0eba53be.min.js?cacheKey=gantry-1788679051:46
[   47721ms] [INFO] Sep-06 11:07:04.912 [ENDPOINT-MANAGER] (TNWA8QCGZ) socketUrl - got endpoint @ https://a.slack-edge.com/bv1-13-br/gantry-v2-shared.cdda0aad0eba53be.min.js?cacheKey=gantry-1788679051:46
[   47723ms] [WARNING] Sep-06 11:07:04.913 AVDeviceService [AVDeviceService] [HEALTH] [avds_1788682024805] Invalid device list on attempt 1 (2 devices, none with valid IDs) @ https://a.slack-edge.com/bv1-13-br/gantry-v2-shared.cdda0aad0eba53be.min.js?cacheKey=gantry-1788679051:46
[   47723ms] [INFO] Sep-06 11:07:04.913 [AVDEVICESERVICE] [AVDeviceService] [ACQUISITION] [avds_1788682024805] Retry attempt 1 for enumerateDevices with 500ms delay @ https://a.slack-edge.com/bv1-13-br/gantry-v2-shared.cdda0aad0eba53be.min.js?cacheKey=gantry-1788679051:46
[   47727ms] [INFO] Sep-06 11:07:04.917 [SERVICE-WORKER] Writing (["en-US"]) to Service Worker with key https://slack.com/fake-url-for-service-worker-item-storage/locales. @ https://a.slack-edge.com/bv1-13-br/gantry-v2-shared.cdda0aad0eba53be.min.js?cacheKey=gantry-1788679051:46
[   47757ms] [LOG] [WD] All assets have reported back; s: 16; f: 0 @ https://app.slack.com/client/TNWA8QCGZ:0
[   47777ms] [INFO] Sep-06 11:07:04.967 [API-Q] (TNWA8QCGZ) 32962251-1788682024.667 client.appCommands is RESOLVED @ https://a.slack-edge.com/bv1-13-br/gantry-v2-shared.cdda0aad0eba53be.min.js?cacheKey=gantry-1788679051:46
[   47778ms] [INFO] Sep-06 11:07:04.969 [API-Q] (TNWA8QCGZ) noversion-1788682024.911 Flannel permissions/info is ACTIVE @ https://a.slack-edge.com/bv1-13-br/gantry-v2-shared.cdda0aad0eba53be.min.js?cacheKey=gantry-1788679051:46
[   47783ms] [INFO] Sep-06 11:07:04.974 [PERSIST] (TNWA8QCGZ) Successfully persisted state @ https://a.slack-edge.com/bv1-13-br/gantry-v2-shared.cdda0aad0eba53be.min.js?cacheKey=gantry-1788679051:46
[   47841ms] [INFO] Sep-06 11:07:05.032 [API-Q] (TNWA8QCGZ) 32962251-1788682024.800 users.prefs.set is RESOLVED @ https://a.slack-edge.com/bv1-13-br/gantry-v2-shared.cdda0aad0eba53be.min.js?cacheKey=gantry-1788679051:46
[   47843ms] [INFO] Sep-06 11:07:05.033 [API-Q] (TNWA8QCGZ) noversion-1788682024.911 Flannel permissions/info is ACTIVE @ https://a.slack-edge.com/bv1-13-br/gantry-v2-shared.cdda0aad0eba53be.min.js?cacheKey=gantry-1788679051:46
[   47872ms] [INFO] Sep-06 11:07:05.062 [API-Q] (TNWA8QCGZ) 32962251-1788682024.842 client.extras is RESOLVED @ https://a.slack-edge.com/bv1-13-br/gantry-v2-shared.cdda0aad0eba53be.min.js?cacheKey=gantry-1788679051:46
[   47873ms] [INFO] Sep-06 11:07:05.063 [API-Q] (TNWA8QCGZ) noversion-1788682024.911 Flannel users/info is ACTIVE @ https://a.slack-edge.com/bv1-13-br/gantry-v2-shared.cdda0aad0eba53be.min.js?cacheKey=gantry-1788679051:46
[   47890ms] [INFO] Sep-06 11:07:05.081 [DRAFTS] (TNWA8QCGZ) There are no channels with drafts @ https://a.slack-edge.com/bv1-13-br/gantry-v2-shared.cdda0aad0eba53be.min.js?cacheKey=gantry-1788679051:46
[   47890ms] [INFO] Sep-06 11:07:05.081 [BOOT] (TNWA8QCGZ) Beaconed client boot mount success @ https://a.slack-edge.com/bv1-13-br/gantry-v2-shared.cdda0aad0eba53be.min.js?cacheKey=gantry-1788679051:46
[   47891ms] [INFO] Sep-06 11:07:05.081 [API-Q] (TNWA8QCGZ) 32962251-1788682025.081 sharedInvites.canGetLink called with reason: sidebar-mount @ https://a.slack-edge.com/bv1-13-br/gantry-v2-shared.cdda0aad0eba53be.min.js?cacheKey=gantry-1788679051:46
[   47891ms] [INFO] Sep-06 11:07:05.082 [API-Q] (TNWA8QCGZ) 32962251-1788682025.081 sharedInvites.canGetLink is ENQUEUED @ https://a.slack-edge.com/bv1-13-br/gantry-v2-shared.cdda0aad0eba53be.min.js?cacheKey=gantry-1788679051:46
[   47897ms] [INFO] Sep-06 11:07:05.087 [API-Q] (TNWA8QCGZ) 32962251-1788682025.087 users.recommend called with reason: joiner-launchpad-dms @ https://a.slack-edge.com/bv1-13-br/gantry-v2-shared.cdda0aad0eba53be.min.js?cacheKey=gantry-1788679051:46
[   47897ms] [INFO] Sep-06 11:07:05.088 [API-Q] (TNWA8QCGZ) 32962251-1788682025.087 users.recommend is ENQUEUED @ https://a.slack-edge.com/bv1-13-br/gantry-v2-shared.cdda0aad0eba53be.min.js?cacheKey=gantry-1788679051:46
[   47898ms] [INFO] Sep-06 11:07:05.088 [API-Q] (TNWA8QCGZ) 32962251-1788682025.088 conversations.recommend called with reason: joiner-launchpad-channels @ https://a.slack-edge.com/bv1-13-br/gantry-v2-shared.cdda0aad0eba53be.min.js?cacheKey=gantry-1788679051:46
[   47898ms] [INFO] Sep-06 11:07:05.089 [API-Q] (TNWA8QCGZ) 32962251-1788682025.088 conversations.recommend is ENQUEUED @ https://a.slack-edge.com/bv1-13-br/gantry-v2-shared.cdda0aad0eba53be.min.js?cacheKey=gantry-1788679051:46
[   47899ms] [INFO] Sep-06 11:07:05.089 [API-Q] (TNWA8QCGZ) 32962251-1788682025.089 megaphone.notifications.list called with reason: load-megaphone-notification-data @ https://a.slack-edge.com/bv1-13-br/gantry-v2-shared.cdda0aad0eba53be.min.js?cacheKey=gantry-1788679051:46
[   47899ms] [INFO] Sep-06 11:07:05.089 [API-Q] (TNWA8QCGZ) 32962251-1788682025.089 megaphone.notifications.list is ENQUEUED @ https://a.slack-edge.com/bv1-13-br/gantry-v2-shared.cdda0aad0eba53be.min.js?cacheKey=gantry-1788679051:46
[   47955ms] [INFO] Sep-06 11:07:05.145 [API-Q] (TNWA8QCGZ) 32962251-1788682024.849 users.prefs.get is RESOLVED @ https://a.slack-edge.com/bv1-13-br/gantry-v2-shared.cdda0aad0eba53be.min.js?cacheKey=gantry-1788679051:46
[   47955ms] [INFO] Sep-06 11:07:05.146 [API-Q] (TNWA8QCGZ) noversion-1788682024.911 Flannel users/info is ACTIVE @ https://a.slack-edge.com/bv1-13-br/gantry-v2-shared.cdda0aad0eba53be.min.js?cacheKey=gantry-1788679051:46
[   47956ms] [INFO] Sep-06 11:07:05.146 [API-Q] (TNWA8QCGZ) 32962251-1788682024.849 teams.trials.info is RESOLVED @ https://a.slack-edge.com/bv1-13-br/gantry-v2-shared.cdda0aad0eba53be.min.js?cacheKey=gantry-1788679051:46
[   47956ms] [INFO] Sep-06 11:07:05.147 [API-Q] (TNWA8QCGZ) noversion-1788682024.910 Flannel huddles/list is ACTIVE @ https://a.slack-edge.com/bv1-13-br/gantry-v2-shared.cdda0aad0eba53be.min.js?cacheKey=gantry-1788679051:46
[   47957ms] [INFO] Sep-06 11:07:05.147 [API-Q] (TNWA8QCGZ) 32962251-1788682024.847 functions.workflows.list is RESOLVED @ https://a.slack-edge.com/bv1-13-br/gantry-v2-shared.cdda0aad0eba53be.min.js?cacheKey=gantry-1788679051:46
[   47957ms] [INFO] Sep-06 11:07:05.148 [API-Q] (TNWA8QCGZ) 32962251-1788682024.850 users.priority.list is ACTIVE @ https://a.slack-edge.com/bv1-13-br/gantry-v2-shared.cdda0aad0eba53be.min.js?cacheKey=gantry-1788679051:46
[   47958ms] [INFO] Sep-06 11:07:05.148 [API-Q] (TNWA8QCGZ) 32962251-1788682025.148 workflows.triggers.list called with reason: automations_gallery @ https://a.slack-edge.com/bv1-13-br/gantry-v2-shared.cdda0aad0eba53be.min.js?cacheKey=gantry-1788679051:46
[   47958ms] [INFO] Sep-06 11:07:05.148 [API-Q] (TNWA8QCGZ) 32962251-1788682025.148 workflows.triggers.list is ENQUEUED @ https://a.slack-edge.com/bv1-13-br/gantry-v2-shared.cdda0aad0eba53be.min.js?cacheKey=gantry-1788679051:46
[   47958ms] [INFO] Sep-06 11:07:05.149 [API-Q] (TNWA8QCGZ) 32962251-1788682024.843 drafts.list is RESOLVED @ https://a.slack-edge.com/bv1-13-br/gantry-v2-shared.cdda0aad0eba53be.min.js?cacheKey=gantry-1788679051:46
[   47958ms] [INFO] Sep-06 11:07:05.149 [DRAFTS] (TNWA8QCGZ) No active drafts @ https://a.slack-edge.com/bv1-13-br/gantry-v2-shared.cdda0aad0eba53be.min.js?cacheKey=gantry-1788679051:46
[   47958ms] [INFO] Sep-06 11:07:05.149 [API-Q] (TNWA8QCGZ) 32962251-1788682024.850 activity.views is ACTIVE @ https://a.slack-edge.com/bv1-13-br/gantry-v2-shared.cdda0aad0eba53be.min.js?cacheKey=gantry-1788679051:46
[   47959ms] [INFO] Sep-06 11:07:05.149 [DRAFTS] (TNWA8QCGZ) Successfully fetched all active and inactive drafts ✨ @ https://a.slack-edge.com/bv1-13-br/gantry-v2-shared.cdda0aad0eba53be.min.js?cacheKey=gantry-1788679051:46
[   47959ms] [INFO] Sep-06 11:07:05.149 [UFM] (TNWA8QCGZ) requesting CNWA8QH09,C05JRT1GKEE,C012SHMPDDZ,CTDTU3J4T,C03MB5W8D1P,CTT84KXK9,C04S80QKB2Q,CTTJCPZQE,CTT84RS0P,C03UN35D4AE,C052K5QFBNW,C0602GUB89Z,C04JHEXJC4Q,C046BRWDV2R,CTRCR8RBP,C0818FQPYKY,C01DKSMU94L,CTCJF0ZJ6,C011AAP3GFP,D0C0QPCJK88 (1) @ https://a.slack-edge.com/bv1-13-br/gantry-v2-shared.cdda0aad0eba53be.min.js?cacheKey=gantry-1788679051:46
[   47959ms] [INFO] Sep-06 11:07:05.149 [API-Q] (TNWA8QCGZ) noversion-1788682025.149 Flannel huddles/info called with reason: flannel-call:huddles/info @ https://a.slack-edge.com/bv1-13-br/gantry-v2-shared.cdda0aad0eba53be.min.js?cacheKey=gantry-1788679051:46
[   47959ms] [INFO] Sep-06 11:07:05.149 [API-Q] (TNWA8QCGZ) noversion-1788682025.149 Flannel huddles/info is ENQUEUED @ https://a.slack-edge.com/bv1-13-br/gantry-v2-shared.cdda0aad0eba53be.min.js?cacheKey=gantry-1788679051:46
[   47959ms] [INFO] Sep-06 11:07:05.150 [API-Q] (TNWA8QCGZ) noversion-1788682025.150 Flannel channels/info called with reason: flannel-call:channels/info @ https://a.slack-edge.com/bv1-13-br/gantry-v2-shared.cdda0aad0eba53be.min.js?cacheKey=gantry-1788679051:46
[   47959ms] [INFO] Sep-06 11:07:05.150 [API-Q] (TNWA8QCGZ) noversion-1788682025.150 Flannel channels/info is ENQUEUED @ https://a.slack-edge.com/bv1-13-br/gantry-v2-shared.cdda0aad0eba53be.min.js?cacheKey=gantry-1788679051:46
[   47959ms] [INFO] Sep-06 11:07:05.150 [UFM-TEAMS] (TNWA8QCGZ) requesting T026PKUS6,EJYQ8J5SL,T02B04353 (1) @ https://a.slack-edge.com/bv1-13-br/gantry-v2-shared.cdda0aad0eba53be.min.js?cacheKey=gantry-1788679051:46
[   47960ms] [INFO] Sep-06 11:07:05.150 [API-Q] (TNWA8QCGZ) 32962251-1788682025.150 team.info called with reason: UnknownFetchManager @ https://a.slack-edge.com/bv1-13-br/gantry-v2-shared.cdda0aad0eba53be.min.js?cacheKey=gantry-1788679051:46
[   47960ms] [INFO] Sep-06 11:07:05.150 [API-Q] (TNWA8QCGZ) 32962251-1788682025.150 team.info is ENQUEUED @ https://a.slack-edge.com/bv1-13-br/gantry-v2-shared.cdda0aad0eba53be.min.js?cacheKey=gantry-1788679051:46
[   48013ms] [INFO] Sep-06 11:07:05.203 [API-Q] (TNWA8QCGZ) 32962251-1788682024.848 megaphone.notifications.list is RESOLVED @ https://a.slack-edge.com/bv1-13-br/gantry-v2-shared.cdda0aad0eba53be.min.js?cacheKey=gantry-1788679051:46
[   48015ms] [INFO] Sep-06 11:07:05.205 [API-Q] (TNWA8QCGZ) 32962251-1788682025.150 team.info is ACTIVE @ https://a.slack-edge.com/bv1-13-br/gantry-v2-shared.cdda0aad0eba53be.min.js?cacheKey=gantry-1788679051:46
[   48032ms] [INFO] Sep-06 11:07:05.222 [API-Q] (TNWA8QCGZ) 32962251-1788682024.848 megaphone.notifications.list is RESOLVED @ https://a.slack-edge.com/bv1-13-br/gantry-v2-shared.cdda0aad0eba53be.min.js?cacheKey=gantry-1788679051:46
[   48035ms] [INFO] Sep-06 11:07:05.226 [API-Q] (TNWA8QCGZ) noversion-1788682025.150 Flannel channels/info is ACTIVE @ https://a.slack-edge.com/bv1-13-br/gantry-v2-shared.cdda0aad0eba53be.min.js?cacheKey=gantry-1788679051:46
[   48078ms] [INFO] Sep-06 11:07:05.269 [SERVICE-WORKER] registration success {} @ https://a.slack-edge.com/bv1-13-br/gantry-v2-shared.cdda0aad0eba53be.min.js?cacheKey=gantry-1788679051:46
[   48078ms] [INFO] Sep-06 11:07:05.269 [SERVICE-WORKER-STATE] initial installing @ https://a.slack-edge.com/bv1-13-br/gantry-v2-shared.cdda0aad0eba53be.min.js?cacheKey=gantry-1788679051:46
[   48079ms] [INFO] Sep-06 11:07:05.269 [SERVICE-WORKER-STATE] change installed 0ms @ https://a.slack-edge.com/bv1-13-br/gantry-v2-shared.cdda0aad0eba53be.min.js?cacheKey=gantry-1788679051:46
[   48079ms] [INFO] Sep-06 11:07:05.269 [SERVICE-WORKER-STATE] change activating @ https://a.slack-edge.com/bv1-13-br/gantry-v2-shared.cdda0aad0eba53be.min.js?cacheKey=gantry-1788679051:46
[   48079ms] [INFO] Sep-06 11:07:05.269 [SERVICE-WORKER-STATE] change activated 0ms @ https://a.slack-edge.com/bv1-13-br/gantry-v2-shared.cdda0aad0eba53be.min.js?cacheKey=gantry-1788679051:46
[   48136ms] [INFO] Sep-06 11:07:05.327 [API-Q] (TNWA8QCGZ) 32962251-1788682024.850 users.priority.list is RESOLVED @ https://a.slack-edge.com/bv1-13-br/gantry-v2-shared.cdda0aad0eba53be.min.js?cacheKey=gantry-1788679051:46
[   48137ms] [INFO] Sep-06 11:07:05.328 [API-Q] (TNWA8QCGZ) noversion-1788682025.149 Flannel huddles/info is ACTIVE @ https://a.slack-edge.com/bv1-13-br/gantry-v2-shared.cdda0aad0eba53be.min.js?cacheKey=gantry-1788679051:46
[   48155ms] [INFO] Sep-06 11:07:05.345 [API-Q] (TNWA8QCGZ) 32962251-1788682024.850 activity.views is RESOLVED @ https://a.slack-edge.com/bv1-13-br/gantry-v2-shared.cdda0aad0eba53be.min.js?cacheKey=gantry-1788679051:46
[   48156ms] [INFO] Sep-06 11:07:05.347 [API-Q] (TNWA8QCGZ) 32962251-1788682024.851 aiApps.list is ACTIVE @ https://a.slack-edge.com/bv1-13-br/gantry-v2-shared.cdda0aad0eba53be.min.js?cacheKey=gantry-1788679051:46
[   48201ms] [INFO] Sep-06 11:07:05.392 [API-Q] (TNWA8QCGZ) 32962251-1788682025.150 team.info is RESOLVED @ https://a.slack-edge.com/bv1-13-br/gantry-v2-shared.cdda0aad0eba53be.min.js?cacheKey=gantry-1788679051:46
[   48202ms] [INFO] Sep-06 11:07:05.392 [API-Q] (TNWA8QCGZ) 32962251-1788682024.852 files.collections.list is ACTIVE @ https://a.slack-edge.com/bv1-13-br/gantry-v2-shared.cdda0aad0eba53be.min.js?cacheKey=gantry-1788679051:46
[   48202ms] [INFO] Sep-06 11:07:05.392 [UFM-TEAMS] (TNWA8QCGZ) received T026PKUS6,EJYQ8J5SL,T02B04353 (1) @ https://a.slack-edge.com/bv1-13-br/gantry-v2-shared.cdda0aad0eba53be.min.js?cacheKey=gantry-1788679051:46
[   48225ms] [WARNING] Sep-06 11:07:05.416 AVDeviceService [AVDeviceService] [HEALTH] [avds_1788682024805] Invalid device list on attempt 2 (2 devices, none with valid IDs) @ https://a.slack-edge.com/bv1-13-br/gantry-v2-shared.cdda0aad0eba53be.min.js?cacheKey=gantry-1788679051:46
[   48225ms] [INFO] Sep-06 11:07:05.416 [AVDEVICESERVICE] [AVDeviceService] [ACQUISITION] [avds_1788682024805] Retry attempt 2 for enumerateDevices with 750ms delay @ https://a.slack-edge.com/bv1-13-br/gantry-v2-shared.cdda0aad0eba53be.min.js?cacheKey=gantry-1788679051:46
[   48318ms] [INFO] Sep-06 11:07:05.508 [SOCKET-MANAGER] (TNWA8QCGZ) Changing from prov_connecting to prov_connected @ https://a.slack-edge.com/bv1-13-br/gantry-v2-shared.cdda0aad0eba53be.min.js?cacheKey=gantry-1788679051:46
[   48318ms] [INFO] Sep-06 11:07:05.508 [SOCKET-MANAGER] (TNWA8QCGZ) will stay in prov_connected state for up to 60000 ms @ https://a.slack-edge.com/bv1-13-br/gantry-v2-shared.cdda0aad0eba53be.min.js?cacheKey=gantry-1788679051:46
[   48320ms] [INFO] Sep-06 11:07:05.510 [SOCKET-MANAGER] (TNWA8QCGZ) Changing from prov_connected to prov_finalize @ https://a.slack-edge.com/bv1-13-br/gantry-v2-shared.cdda0aad0eba53be.min.js?cacheKey=gantry-1788679051:46
[   48320ms] [INFO] Sep-06 11:07:05.510 [SOCKET-MANAGER] (TNWA8QCGZ) will stay in prov_finalize state for up to 10000 ms @ https://a.slack-edge.com/bv1-13-br/gantry-v2-shared.cdda0aad0eba53be.min.js?cacheKey=gantry-1788679051:46
[   48320ms] [INFO] Sep-06 11:07:05.510 [SOCKET-MANAGER] (TNWA8QCGZ) Changing from prov_finalize to prov_finalizing @ https://a.slack-edge.com/bv1-13-br/gantry-v2-shared.cdda0aad0eba53be.min.js?cacheKey=gantry-1788679051:46
[   48320ms] [INFO] Sep-06 11:07:05.510 [SOCKET-MANAGER] (TNWA8QCGZ) will stay in prov_finalizing state for up to 10000 ms @ https://a.slack-edge.com/bv1-13-br/gantry-v2-shared.cdda0aad0eba53be.min.js?cacheKey=gantry-1788679051:46
[   48320ms] [INFO] Sep-06 11:07:05.510 [SOCKET-MANAGER] (TNWA8QCGZ) Changing from prov_finalizing to connected @ https://a.slack-edge.com/bv1-13-br/gantry-v2-shared.cdda0aad0eba53be.min.js?cacheKey=gantry-1788679051:46
[   48320ms] [INFO] Sep-06 11:07:05.511 [SOCKET-MANAGER] (TNWA8QCGZ) will stay in connected state for up to Infinity ms @ https://a.slack-edge.com/bv1-13-br/gantry-v2-shared.cdda0aad0eba53be.min.js?cacheKey=gantry-1788679051:46
[   48320ms] [INFO] Sep-06 11:07:05.511 [SOCKET-MANAGER] (TNWA8QCGZ) Connected to primary region @ https://a.slack-edge.com/bv1-13-br/gantry-v2-shared.cdda0aad0eba53be.min.js?cacheKey=gantry-1788679051:46
[   48322ms] [INFO] Sep-06 11:07:05.512 [API-Q] (TNWA8QCGZ) 32962251-1788682025.512 users.prefs.set called with reason: prefs-api/setUserPrefByApi @ https://a.slack-edge.com/bv1-13-br/gantry-v2-shared.cdda0aad0eba53be.min.js?cacheKey=gantry-1788679051:46
[   48322ms] [INFO] Sep-06 11:07:05.512 [API-Q] (TNWA8QCGZ) 32962251-1788682025.512 users.prefs.set is ENQUEUED @ https://a.slack-edge.com/bv1-13-br/gantry-v2-shared.cdda0aad0eba53be.min.js?cacheKey=gantry-1788679051:46
[   48322ms] [INFO] Sep-06 11:07:05.513 [MESSAGE-HISTORY] (TNWA8QCGZ) Resetting reachedEnd @ https://a.slack-edge.com/bv1-13-br/gantry-v2-shared.cdda0aad0eba53be.min.js?cacheKey=gantry-1788679051:46
[   48323ms] [INFO] Sep-06 11:07:05.513 [API-Q] (TNWA8QCGZ) 32962251-1788682025.513 users.customStatus.list called with reason: fetchCustomStatusOnReconnect @ https://a.slack-edge.com/bv1-13-br/gantry-v2-shared.cdda0aad0eba53be.min.js?cacheKey=gantry-1788679051:46
[   48323ms] [INFO] Sep-06 11:07:05.513 [API-Q] (TNWA8QCGZ) 32962251-1788682025.513 users.customStatus.list is ENQUEUED @ https://a.slack-edge.com/bv1-13-br/gantry-v2-shared.cdda0aad0eba53be.min.js?cacheKey=gantry-1788679051:46
[   48323ms] [INFO] Sep-06 11:07:05.514 [UNREAD-COUNTS] (TNWA8QCGZ) Fetching counts @ https://a.slack-edge.com/bv1-13-br/gantry-v2-shared.cdda0aad0eba53be.min.js?cacheKey=gantry-1788679051:46
[   48324ms] [INFO] Sep-06 11:07:05.514 [API-Q] (TNWA8QCGZ) 32962251-1788682025.514 client.counts called with reason: fetchClientCountsOnConnect @ https://a.slack-edge.com/bv1-13-br/gantry-v2-shared.cdda0aad0eba53be.min.js?cacheKey=gantry-1788679051:46
[   48324ms] [INFO] Sep-06 11:07:05.514 [API-Q] (TNWA8QCGZ) 32962251-1788682025.514 client.counts is ENQUEUED @ https://a.slack-edge.com/bv1-13-br/gantry-v2-shared.cdda0aad0eba53be.min.js?cacheKey=gantry-1788679051:46
[   48325ms] [INFO] Sep-06 11:07:05.515 [PRESENCE_PROMPT] (TNWA8QCGZ) ignoring prompt due to presence (active) @ https://a.slack-edge.com/bv1-13-br/gantry-v2-shared.cdda0aad0eba53be.min.js?cacheKey=gantry-1788679051:46
[   48325ms] [INFO] Sep-06 11:07:05.515 [GS_REQUEST] (TNWA8QCGZ) connected and trouble free! Continuing deferred user_change_subscribe_request call @ https://a.slack-edge.com/bv1-13-br/gantry-v2-shared.cdda0aad0eba53be.min.js?cacheKey=gantry-1788679051:46
[   48344ms] [INFO] Sep-06 11:07:05.535 [API-Q] (TNWA8QCGZ) 32962251-1788682025.535 megaphone.setNotificationAsSeen called with reason: record-notification-event @ https://a.slack-edge.com/bv1-13-br/gantry-v2-shared.cdda0aad0eba53be.min.js?cacheKey=gantry-1788679051:46
[   48345ms] [INFO] Sep-06 11:07:05.535 [API-Q] (TNWA8QCGZ) 32962251-1788682025.535 megaphone.setNotificationAsSeen is ENQUEUED @ https://a.slack-edge.com/bv1-13-br/gantry-v2-shared.cdda0aad0eba53be.min.js?cacheKey=gantry-1788679051:46
[   48366ms] [INFO] Sep-06 11:07:05.556 [API-Q] (TNWA8QCGZ) 32962251-1788682024.851 aiApps.list is RESOLVED @ https://a.slack-edge.com/bv1-13-br/gantry-v2-shared.cdda0aad0eba53be.min.js?cacheKey=gantry-1788679051:46
[   48367ms] [INFO] Sep-06 11:07:05.558 [API-Q] (TNWA8QCGZ) 32962251-1788682024.852 calendar.getInstalledCalendars is ACTIVE @ https://a.slack-edge.com/bv1-13-br/gantry-v2-shared.cdda0aad0eba53be.min.js?cacheKey=gantry-1788679051:46
[   48402ms] [INFO] Sep-06 11:07:05.593 [API-Q] (TNWA8QCGZ) 32962251-1788682024.852 files.collections.list is RESOLVED @ https://a.slack-edge.com/bv1-13-br/gantry-v2-shared.cdda0aad0eba53be.min.js?cacheKey=gantry-1788679051:46
[   48403ms] [INFO] Sep-06 11:07:05.593 [API-Q] (TNWA8QCGZ) 32962251-1788682024.856 users.prefs.set is ACTIVE @ https://a.slack-edge.com/bv1-13-br/gantry-v2-shared.cdda0aad0eba53be.min.js?cacheKey=gantry-1788679051:46
[   48463ms] [INFO] Sep-06 11:07:05.653 [API-Q] (TNWA8QCGZ) noversion-1788682024.910 Flannel huddles/list is RESOLVED @ https://a.slack-edge.com/bv1-13-br/gantry-v2-shared.cdda0aad0eba53be.min.js?cacheKey=gantry-1788679051:46
[   48463ms] [INFO] Sep-06 11:07:05.653 [API-Q] (TNWA8QCGZ) 32962251-1788682024.891 dnd.info is ACTIVE @ https://a.slack-edge.com/bv1-13-br/gantry-v2-shared.cdda0aad0eba53be.min.js?cacheKey=gantry-1788679051:46
[   48463ms] [INFO] Sep-06 11:07:05.654 [API-Q] (TNWA8QCGZ) noversion-1788682025.149 Flannel huddles/info is RESOLVED @ https://a.slack-edge.com/bv1-13-br/gantry-v2-shared.cdda0aad0eba53be.min.js?cacheKey=gantry-1788679051:46
[   48464ms] [INFO] Sep-06 11:07:05.654 [API-Q] (TNWA8QCGZ) 32962251-1788682024.891 help.issues.ticketStats is ACTIVE @ https://a.slack-edge.com/bv1-13-br/gantry-v2-shared.cdda0aad0eba53be.min.js?cacheKey=gantry-1788679051:46
[   48464ms] [INFO] Sep-06 11:07:05.654 [UFM] (TNWA8QCGZ) received CNWA8QH09,C05JRT1GKEE,C012SHMPDDZ,CTDTU3J4T,C03MB5W8D1P,CTT84KXK9,C04S80QKB2Q,CTTJCPZQE,CTT84RS0P,C03UN35D4AE,C052K5QFBNW,C0602GUB89Z,C04JHEXJC4Q,C046BRWDV2R,CTRCR8RBP,C0818FQPYKY,C01DKSMU94L,CTCJF0ZJ6,C011AAP3GFP,D0C0QPCJK88 (1) @ https://a.slack-edge.com/bv1-13-br/gantry-v2-shared.cdda0aad0eba53be.min.js?cacheKey=gantry-1788679051:46
[   48466ms] [INFO] Sep-06 11:07:05.657 [API-Q] (TNWA8QCGZ) noversion-1788682025.150 Flannel channels/info is RESOLVED @ https://a.slack-edge.com/bv1-13-br/gantry-v2-shared.cdda0aad0eba53be.min.js?cacheKey=gantry-1788679051:46
[   48467ms] [INFO] Sep-06 11:07:05.657 [API-Q] (TNWA8QCGZ) 32962251-1788682024.891 users.channelSections.list is ACTIVE @ https://a.slack-edge.com/bv1-13-br/gantry-v2-shared.cdda0aad0eba53be.min.js?cacheKey=gantry-1788679051:46
[   48470ms] [INFO] Sep-06 11:07:05.660 [API-Q] (TNWA8QCGZ) noversion-1788682025.660 Flannel channels/info called with reason: flannel-call:channels/info @ https://a.slack-edge.com/bv1-13-br/gantry-v2-shared.cdda0aad0eba53be.min.js?cacheKey=gantry-1788679051:46
[   48470ms] [INFO] Sep-06 11:07:05.660 [API-Q] (TNWA8QCGZ) noversion-1788682025.660 Flannel channels/info is ENQUEUED @ https://a.slack-edge.com/bv1-13-br/gantry-v2-shared.cdda0aad0eba53be.min.js?cacheKey=gantry-1788679051:46
[   48483ms] [INFO] Sep-06 11:07:05.673 [API-Q] (TNWA8QCGZ) noversion-1788682024.911 Flannel permissions/info is RESOLVED @ https://a.slack-edge.com/bv1-13-br/gantry-v2-shared.cdda0aad0eba53be.min.js?cacheKey=gantry-1788679051:46
[   48483ms] [INFO] Sep-06 11:07:05.674 [API-Q] (TNWA8QCGZ) noversion-1788682025.660 Flannel channels/info is ACTIVE @ https://a.slack-edge.com/bv1-13-br/gantry-v2-shared.cdda0aad0eba53be.min.js?cacheKey=gantry-1788679051:46
[   48484ms] [INFO] Sep-06 11:07:05.675 [API-Q] (TNWA8QCGZ) noversion-1788682024.911 Flannel permissions/info is RESOLVED @ https://a.slack-edge.com/bv1-13-br/gantry-v2-shared.cdda0aad0eba53be.min.js?cacheKey=gantry-1788679051:46
[   48484ms] [INFO] Sep-06 11:07:05.675 [API-Q] (TNWA8QCGZ) 32962251-1788682024.892 team.targetingCriteria is ACTIVE @ https://a.slack-edge.com/bv1-13-br/gantry-v2-shared.cdda0aad0eba53be.min.js?cacheKey=gantry-1788679051:46
[   48484ms] [INFO] Sep-06 11:07:05.675 [UFM-PERMISSIONS] (TNWA8QCGZ) received ACCESS_SLACK_AI_SLACKBOT,ACCESS_SLACK_AI_TODAY,ACCESS_SLACK_AI_RECORD_CHANNEL_DIGEST,ACCESS_SLACK_AI_CHANNEL_THREAD_SUMMARIES,ACCESS_SLACK_AI_RECAP,ACCESS_SLACK_AI_SEARCH,ACCESS_SLACK_AI_FILE_SUMMARIES,ACCESS_SLACK_AI_HUDDLE_SUMMARIES,ACCESS_SLACK_AI_FILTERS,CREATE_PUBLIC_CHANNEL,CREATE_PRIVATE_CHANNEL,READ_AUDIT_LOGS,ARCHIVE_CHANNEL,CONVERT_MPDM_TO_PRIVATE,EDIT_CHANNEL_WORKSPACES,CAN_AT_CHANNEL,VIEW_OVERVIEW_ANALYTICS,VIEW_WORKSPACE_ANALYTICS,VIEW_MEMBER_ANALYTICS,VIEW_ORG_WIDE_CHANNEL_ANALYTICS,VIEW_HUDDLE_ANALYTICS,VIEW_CLIP_ANALYTICS,VIEW_APP_ANALYTICS,VIEW_CHANNEL_ANALYTICS,VIEW_AI_ANALYTICS,VIEW_CANVAS_ANALYTICS,VIEW_WORKFLOW_ANALYTICS,VIEW_LIST_ANALYTICS,VIEW_SLACKBOT_ANALYTICS,VIEW_TOP_LEVEL_WORKFLOWS,ADD_COLLABORATOR_TO_ANY_WORKFLOW,UNPUBLISH_ANY_WORKFLOW,CREATE_WORKFLOWS,CREATE_CANVAS_TEMPLATES,PUBLISH_CANVAS_ORG_TEMPLATES,MANAGE_SALES_HOME,MANAGE_SALES_HOME_DATA_SOURCE,ADD_CUSTOM_EMOJI,DELETE_CUSTOM_EMOJI,EDIT_SLACKBOT_RESPONSES,UPDATE_NAME,UPDATE_DISPLAY_NAME,EDIT_PROFILE_PHOTO,ACCEPT_SLACK_CONNECT_INVITES,MANAGE_SLACK_CONNECT,CREATE_SLACK_CONNECT_DM,VIEW_APP_REQUESTS,MANAGE_AAA_AUTOMATION_RULES,MANAGE_SCOPE_RATINGS,VIEW_INSTALLED_APPS,MANAGE_ORG_LEVEL_APP_APPROVAL,VIEW_APPROVED_APPS,VIEW_RESTRICTED_APPS,ADD_ORG_APPS_TO_WORKSPACES,REMOVE_ORG_APPS_FROM_WORKSPACES,VIEW_DEPRECATIONS,MANAGE_WORKFLOW_CONNECTORS,MANAGE_WORKFLOW_TRIGGERS,MANAGE_APP_ACLS,CREATE_SOLUTION_TEMPLATE,PUBLISH_SOLUTION_TEMPLATE,MANAGE_SOLUTION_TEMPLATE,CREATE_LIST_TEMPLATE,CREATE_USER_GROUPS,EDIT_USER_GROUPS,DELETE_USER_GROUPS,ACCESS_SLACK_AI_DETAILED_FEEDBACK,ACCESS_SLACK_AI_STEPS_IN_WORKFLOW,ACCESS_SLACK_AI_TRANSLATIONS,ACCESS_SLACK_AI_WORKFLOW_BUILDER,ACCESS_SLACK_AI_DEVELOPMENT,ACCESS_SLACK_AI_EXPLAIN,ACCESS_SLACK_AI_CANVAS,ACCESS_SLACK_AI_SALESFORCE_CSV_MAPPER,ACCESS_SLACK_AI_SUGGESTED_SECTIONS,ACCESS_SLACK_AI_CHANNEL_SECTION_RECOMMENDATIONS,ACCESS_SLACK_AI_SLACKIVERSARY,ACCESS_ENTERPRISE_SEARCH,AUTHOR_SKILLS,AUTO_ENABLE_SKILL,CAN_MANAGE_XWS_CHANNELS,CREATE_AND_EDIT_ORG_USER_GROUPS,EDIT_ORG_USER_GROUPS,DELETE_ORG_USER_GROUPS (1) @ https://a.slack-edge.com/bv1-13-br/gantry-v2-shared.cdda0aad0eba53be.min.js?cacheKey=gantry-1788679051:46
[   48560ms] [INFO] Sep-06 11:07:05.750 [API-Q] (TNWA8QCGZ) 32962251-1788682024.852 calendar.getInstalledCalendars is RESOLVED @ https://a.slack-edge.com/bv1-13-br/gantry-v2-shared.cdda0aad0eba53be.min.js?cacheKey=gantry-1788679051:46
[   48561ms] [INFO] Sep-06 11:07:05.751 [API-Q] (TNWA8QCGZ) 32962251-1788682025.751 calendar.user.info called with reason: calendar-get-user-info @ https://a.slack-edge.com/bv1-13-br/gantry-v2-shared.cdda0aad0eba53be.min.js?cacheKey=gantry-1788679051:46
[   48561ms] [INFO] Sep-06 11:07:05.752 [API-Q] (TNWA8QCGZ) 32962251-1788682025.751 calendar.user.info is ENQUEUED @ https://a.slack-edge.com/bv1-13-br/gantry-v2-shared.cdda0aad0eba53be.min.js?cacheKey=gantry-1788679051:46
[   48561ms] [INFO] Sep-06 11:07:05.752 [API-Q] (TNWA8QCGZ) 32962251-1788682025.081 sharedInvites.canGetLink is ACTIVE @ https://a.slack-edge.com/bv1-13-br/gantry-v2-shared.cdda0aad0eba53be.min.js?cacheKey=gantry-1788679051:46
[   48598ms] [INFO] Sep-06 11:07:05.788 [API-Q] (TNWA8QCGZ) 32962251-1788682024.856 users.prefs.set is RESOLVED @ https://a.slack-edge.com/bv1-13-br/gantry-v2-shared.cdda0aad0eba53be.min.js?cacheKey=gantry-1788679051:46
[   48599ms] [INFO] Sep-06 11:07:05.789 [API-Q] (TNWA8QCGZ) 32962251-1788682025.087 users.recommend is ACTIVE @ https://a.slack-edge.com/bv1-13-br/gantry-v2-shared.cdda0aad0eba53be.min.js?cacheKey=gantry-1788679051:46
[   48615ms] [INFO] Sep-06 11:07:05.805 [API-Q] (TNWA8QCGZ) noversion-1788682024.911 Flannel users/info is RESOLVED @ https://a.slack-edge.com/bv1-13-br/gantry-v2-shared.cdda0aad0eba53be.min.js?cacheKey=gantry-1788679051:46
[   48615ms] [INFO] Sep-06 11:07:05.806 [API-Q] (TNWA8QCGZ) 32962251-1788682025.088 conversations.recommend is ACTIVE @ https://a.slack-edge.com/bv1-13-br/gantry-v2-shared.cdda0aad0eba53be.min.js?cacheKey=gantry-1788679051:46
[   48616ms] [INFO] Sep-06 11:07:05.807 [API-Q] (TNWA8QCGZ) noversion-1788682024.911 Flannel users/info is RESOLVED @ https://a.slack-edge.com/bv1-13-br/gantry-v2-shared.cdda0aad0eba53be.min.js?cacheKey=gantry-1788679051:46
[   48616ms] [INFO] Sep-06 11:07:05.807 [API-Q] (TNWA8QCGZ) 32962251-1788682025.089 megaphone.notifications.list is ACTIVE @ https://a.slack-edge.com/bv1-13-br/gantry-v2-shared.cdda0aad0eba53be.min.js?cacheKey=gantry-1788679051:46
[   48617ms] [INFO] Sep-06 11:07:05.807 [UFM-MEMBERS] (TNWA8QCGZ) received USLACKBOT (1) @ https://a.slack-edge.com/bv1-13-br/gantry-v2-shared.cdda0aad0eba53be.min.js?cacheKey=gantry-1788679051:46
[   48618ms] [INFO] Sep-06 11:07:05.809 [UFM-MEMBERS] (TNWA8QCGZ) requesting U0889T3EGE8 (1) @ https://a.slack-edge.com/bv1-13-br/gantry-v2-shared.cdda0aad0eba53be.min.js?cacheKey=gantry-1788679051:46
[   48619ms] [INFO] Sep-06 11:07:05.809 [API-Q] (TNWA8QCGZ) noversion-1788682025.809 Flannel users/info called with reason: flannel-call:users/info @ https://a.slack-edge.com/bv1-13-br/gantry-v2-shared.cdda0aad0eba53be.min.js?cacheKey=gantry-1788679051:46
[   48619ms] [INFO] Sep-06 11:07:05.809 [API-Q] (TNWA8QCGZ) noversion-1788682025.809 Flannel users/info is ENQUEUED @ https://a.slack-edge.com/bv1-13-br/gantry-v2-shared.cdda0aad0eba53be.min.js?cacheKey=gantry-1788679051:46
[   48619ms] [INFO] Sep-06 11:07:05.809 [API-Q] (TNWA8QCGZ) 32962251-1788682024.847 workflows.triggers.listRecentlyRunForUser is RESOLVED @ https://a.slack-edge.com/bv1-13-br/gantry-v2-shared.cdda0aad0eba53be.min.js?cacheKey=gantry-1788679051:46
[   48619ms] [INFO] Sep-06 11:07:05.810 [API-Q] (TNWA8QCGZ) noversion-1788682025.809 Flannel users/info is ACTIVE @ https://a.slack-edge.com/bv1-13-br/gantry-v2-shared.cdda0aad0eba53be.min.js?cacheKey=gantry-1788679051:46
[   48641ms] [INFO] Sep-06 11:07:05.832 [API-Q] (TNWA8QCGZ) 32962251-1788682024.891 help.issues.ticketStats is RESOLVED @ https://a.slack-edge.com/bv1-13-br/gantry-v2-shared.cdda0aad0eba53be.min.js?cacheKey=gantry-1788679051:46
[   48642ms] [INFO] Sep-06 11:07:05.833 [API-Q] (TNWA8QCGZ) 32962251-1788682025.148 workflows.triggers.list is ACTIVE @ https://a.slack-edge.com/bv1-13-br/gantry-v2-shared.cdda0aad0eba53be.min.js?cacheKey=gantry-1788679051:46
[   48643ms] [INFO] Sep-06 11:07:05.833 [API-Q] (TNWA8QCGZ) 32962251-1788682024.891 dnd.info is RESOLVED @ https://a.slack-edge.com/bv1-13-br/gantry-v2-shared.cdda0aad0eba53be.min.js?cacheKey=gantry-1788679051:46
[   48643ms] [INFO] Sep-06 11:07:05.833 [DND] (TNWA8QCGZ) Fetched DND info for the following member: U0C0QPC5YNL @ https://a.slack-edge.com/bv1-13-br/gantry-v2-shared.cdda0aad0eba53be.min.js?cacheKey=gantry-1788679051:46
[   48643ms] [INFO] Sep-06 11:07:05.834 [API-Q] (TNWA8QCGZ) 32962251-1788682025.512 users.prefs.set is ACTIVE @ https://a.slack-edge.com/bv1-13-br/gantry-v2-shared.cdda0aad0eba53be.min.js?cacheKey=gantry-1788679051:46
[   48644ms] [INFO] Sep-06 11:07:05.834 [DND_V2] (TNWA8QCGZ) Not setting a timer as all schedules are stale @ https://a.slack-edge.com/bv1-13-br/gantry-v2-shared.cdda0aad0eba53be.min.js?cacheKey=gantry-1788679051:46
[   48669ms] [INFO] Sep-06 11:07:05.860 [API-Q] (TNWA8QCGZ) 32962251-1788682024.892 team.targetingCriteria is RESOLVED @ https://a.slack-edge.com/bv1-13-br/gantry-v2-shared.cdda0aad0eba53be.min.js?cacheKey=gantry-1788679051:46
[   48670ms] [INFO] Sep-06 11:07:05.860 [API-Q] (TNWA8QCGZ) 32962251-1788682025.513 users.customStatus.list is ACTIVE @ https://a.slack-edge.com/bv1-13-br/gantry-v2-shared.cdda0aad0eba53be.min.js?cacheKey=gantry-1788679051:46
[   48678ms] [INFO] Sep-06 11:07:05.868 [API-Q] (TNWA8QCGZ) noversion-1788682025.809 Flannel users/info is RESOLVED @ https://a.slack-edge.com/bv1-13-br/gantry-v2-shared.cdda0aad0eba53be.min.js?cacheKey=gantry-1788679051:46
[   48678ms] [INFO] Sep-06 11:07:05.869 [API-Q] (TNWA8QCGZ) 32962251-1788682025.514 client.counts is ACTIVE @ https://a.slack-edge.com/bv1-13-br/gantry-v2-shared.cdda0aad0eba53be.min.js?cacheKey=gantry-1788679051:46
[   48679ms] [INFO] Sep-06 11:07:05.869 [UFM-MEMBERS] (TNWA8QCGZ) received U0889T3EGE8 (1) @ https://a.slack-edge.com/bv1-13-br/gantry-v2-shared.cdda0aad0eba53be.min.js?cacheKey=gantry-1788679051:46
[   48770ms] [INFO] Sep-06 11:07:05.960 [API-Q] (TNWA8QCGZ) noversion-1788682025.960 Flannel users/info called with reason: flannel-call:users/info @ https://a.slack-edge.com/bv1-13-br/gantry-v2-shared.cdda0aad0eba53be.min.js?cacheKey=gantry-1788679051:46
[   48770ms] [INFO] Sep-06 11:07:05.960 [API-Q] (TNWA8QCGZ) noversion-1788682025.960 Flannel users/info is ENQUEUED @ https://a.slack-edge.com/bv1-13-br/gantry-v2-shared.cdda0aad0eba53be.min.js?cacheKey=gantry-1788679051:46
[   48770ms] [INFO] Sep-06 11:07:05.960 [API-Q] (TNWA8QCGZ) 32962251-1788682025.081 sharedInvites.canGetLink is RESOLVED @ https://a.slack-edge.com/bv1-13-br/gantry-v2-shared.cdda0aad0eba53be.min.js?cacheKey=gantry-1788679051:46
[   48771ms] [INFO] Sep-06 11:07:05.961 [API-Q] (TNWA8QCGZ) noversion-1788682025.960 Flannel users/info is ACTIVE @ https://a.slack-edge.com/bv1-13-br/gantry-v2-shared.cdda0aad0eba53be.min.js?cacheKey=gantry-1788679051:46
[   48771ms] [INFO] Sep-06 11:07:05.961 [API-Q] (TNWA8QCGZ) 32962251-1788682024.891 users.channelSections.list is RESOLVED @ https://a.slack-edge.com/bv1-13-br/gantry-v2-shared.cdda0aad0eba53be.min.js?cacheKey=gantry-1788679051:46
[   48772ms] [INFO] Sep-06 11:07:05.962 [API-Q] (TNWA8QCGZ) 32962251-1788682025.535 megaphone.setNotificationAsSeen is ACTIVE @ https://a.slack-edge.com/bv1-13-br/gantry-v2-shared.cdda0aad0eba53be.min.js?cacheKey=gantry-1788679051:46
[   48772ms] [INFO] Sep-06 11:07:05.963 [API-Q] (TNWA8QCGZ) noversion-1788682025.660 Flannel channels/info is RESOLVED @ https://a.slack-edge.com/bv1-13-br/gantry-v2-shared.cdda0aad0eba53be.min.js?cacheKey=gantry-1788679051:46
[   48773ms] [INFO] Sep-06 11:07:05.963 [API-Q] (TNWA8QCGZ) 32962251-1788682025.751 calendar.user.info is ACTIVE @ https://a.slack-edge.com/bv1-13-br/gantry-v2-shared.cdda0aad0eba53be.min.js?cacheKey=gantry-1788679051:46
[   48773ms] [INFO] Sep-06 11:07:05.964 [API-Q] (TNWA8QCGZ) 32962251-1788682025.964 conversations.genericInfo called with reason: fallback:fetchAndUpsertChannelsById @ https://a.slack-edge.com/bv1-13-br/gantry-v2-shared.cdda0aad0eba53be.min.js?cacheKey=gantry-1788679051:46
[   48773ms] [INFO] Sep-06 11:07:05.964 [API-Q] (TNWA8QCGZ) 32962251-1788682025.964 conversations.genericInfo is ENQUEUED @ https://a.slack-edge.com/bv1-13-br/gantry-v2-shared.cdda0aad0eba53be.min.js?cacheKey=gantry-1788679051:46
[   48808ms] [INFO] Sep-06 11:07:05.998 [API-Q] (TNWA8QCGZ) 32962251-1788682025.089 megaphone.notifications.list is RESOLVED @ https://a.slack-edge.com/bv1-13-br/gantry-v2-shared.cdda0aad0eba53be.min.js?cacheKey=gantry-1788679051:46
[   48808ms] [INFO] Sep-06 11:07:05.999 [API-Q] (TNWA8QCGZ) 32962251-1788682025.964 conversations.genericInfo is ACTIVE @ https://a.slack-edge.com/bv1-13-br/gantry-v2-shared.cdda0aad0eba53be.min.js?cacheKey=gantry-1788679051:46
[   48838ms] [INFO] Sep-06 11:07:06.028 [API-Q] (TNWA8QCGZ) 32962251-1788682025.148 workflows.triggers.list is RESOLVED @ https://a.slack-edge.com/bv1-13-br/gantry-v2-shared.cdda0aad0eba53be.min.js?cacheKey=gantry-1788679051:46
[   48839ms] [INFO] Sep-06 11:07:06.029 [API-Q] (TNWA8QCGZ) noversion-1788682025.960 Flannel users/info is RESOLVED @ https://a.slack-edge.com/bv1-13-br/gantry-v2-shared.cdda0aad0eba53be.min.js?cacheKey=gantry-1788679051:46
[   48841ms] [INFO] Sep-06 11:07:06.031 [API-Q] (TNWA8QCGZ) 32962251-1788682025.512 users.prefs.set is RESOLVED @ https://a.slack-edge.com/bv1-13-br/gantry-v2-shared.cdda0aad0eba53be.min.js?cacheKey=gantry-1788679051:46
[   48851ms] [INFO] Sep-06 11:07:06.042 [API-Q] (TNWA8QCGZ) 32962251-1788682025.513 users.customStatus.list is RESOLVED @ https://a.slack-edge.com/bv1-13-br/gantry-v2-shared.cdda0aad0eba53be.min.js?cacheKey=gantry-1788679051:46
[   48882ms] [INFO] Sep-06 11:07:06.072 [API-Q] (TNWA8QCGZ) 32962251-1788682025.514 client.counts is RESOLVED @ https://a.slack-edge.com/bv1-13-br/gantry-v2-shared.cdda0aad0eba53be.min.js?cacheKey=gantry-1788679051:46
[   48884ms] [INFO] Sep-06 11:07:06.074 [COUNTS] (TNWA8QCGZ) Applying counts to channels. wasLastConnectFast: false isConnected: true applying: 21 out of total: 21 @ https://a.slack-edge.com/bv1-13-br/gantry-v2-shared.cdda0aad0eba53be.min.js?cacheKey=gantry-1788679051:46
[   48886ms] [INFO] Sep-06 11:07:06.076 [COUNTS] (TNWA8QCGZ) Threads has_unreads:false mention_count:0 @ https://a.slack-edge.com/bv1-13-br/gantry-v2-shared.cdda0aad0eba53be.min.js?cacheKey=gantry-1788679051:46
[   48887ms] [INFO] Sep-06 11:07:06.077 [COUNTS] (TNWA8QCGZ) Completed counts processing @ https://a.slack-edge.com/bv1-13-br/gantry-v2-shared.cdda0aad0eba53be.min.js?cacheKey=gantry-1788679051:46
[   48955ms] [INFO] Sep-06 11:07:06.146 [API-Q] (TNWA8QCGZ) 32962251-1788682025.751 calendar.user.info is RESOLVED @ https://a.slack-edge.com/bv1-13-br/gantry-v2-shared.cdda0aad0eba53be.min.js?cacheKey=gantry-1788679051:46
[   48958ms] [INFO] Sep-06 11:07:06.148 [API-Q] (TNWA8QCGZ) 32962251-1788682025.535 megaphone.setNotificationAsSeen is RESOLVED @ https://a.slack-edge.com/bv1-13-br/gantry-v2-shared.cdda0aad0eba53be.min.js?cacheKey=gantry-1788679051:46
[   48979ms] [WARNING] Sep-06 11:07:06.169 AVDeviceService [AVDeviceService] [HEALTH] [avds_1788682024805] Invalid device list on attempt 3 (2 devices, none with valid IDs) @ https://a.slack-edge.com/bv1-13-br/gantry-v2-shared.cdda0aad0eba53be.min.js?cacheKey=gantry-1788679051:46
[   48979ms] [INFO] Sep-06 11:07:06.169 [AVDEVICESERVICE] [AVDeviceService] [ACQUISITION] [avds_1788682024805] Retry attempt 3 for enumerateDevices with 1000ms delay @ https://a.slack-edge.com/bv1-13-br/gantry-v2-shared.cdda0aad0eba53be.min.js?cacheKey=gantry-1788679051:46
[   48989ms] [INFO] Sep-06 11:07:06.180 [API-Q] (TNWA8QCGZ) 32962251-1788682025.964 conversations.genericInfo is RESOLVED @ https://a.slack-edge.com/bv1-13-br/gantry-v2-shared.cdda0aad0eba53be.min.js?cacheKey=gantry-1788679051:46
[   48992ms] [INFO] Sep-06 11:07:06.182 [API-Q] (TNWA8QCGZ) noversion-1788682026.182 Flannel channels/info called with reason: flannel-call:channels/info @ https://a.slack-edge.com/bv1-13-br/gantry-v2-shared.cdda0aad0eba53be.min.js?cacheKey=gantry-1788679051:46
[   48992ms] [INFO] Sep-06 11:07:06.182 [API-Q] (TNWA8QCGZ) noversion-1788682026.182 Flannel channels/info is ENQUEUED @ https://a.slack-edge.com/bv1-13-br/gantry-v2-shared.cdda0aad0eba53be.min.js?cacheKey=gantry-1788679051:46
[   48992ms] [INFO] Sep-06 11:07:06.182 [API-Q] (TNWA8QCGZ) noversion-1788682026.182 Flannel channels/info is ACTIVE @ https://a.slack-edge.com/bv1-13-br/gantry-v2-shared.cdda0aad0eba53be.min.js?cacheKey=gantry-1788679051:46
[   49061ms] [INFO] Sep-06 11:07:06.252 [API-Q] (TNWA8QCGZ) 32962251-1788682025.088 conversations.recommend is RESOLVED @ https://a.slack-edge.com/bv1-13-br/gantry-v2-shared.cdda0aad0eba53be.min.js?cacheKey=gantry-1788679051:46
[   49062ms] [INFO] Sep-06 11:07:06.253 [API-Q] (TNWA8QCGZ) 32962251-1788682026.253 onboarding.updateUser called with reason: add_recommended_channels_to_onboarding_pref @ https://a.slack-edge.com/bv1-13-br/gantry-v2-shared.cdda0aad0eba53be.min.js?cacheKey=gantry-1788679051:46
[   49062ms] [INFO] Sep-06 11:07:06.253 [API-Q] (TNWA8QCGZ) 32962251-1788682026.253 onboarding.updateUser is ENQUEUED @ https://a.slack-edge.com/bv1-13-br/gantry-v2-shared.cdda0aad0eba53be.min.js?cacheKey=gantry-1788679051:46
[   49063ms] [INFO] Sep-06 11:07:06.254 [API-Q] (TNWA8QCGZ) 32962251-1788682026.253 conversations.bulkFetchMetadata called with reason: channel_metadata_fetch @ https://a.slack-edge.com/bv1-13-br/gantry-v2-shared.cdda0aad0eba53be.min.js?cacheKey=gantry-1788679051:46
[   49063ms] [INFO] Sep-06 11:07:06.254 [API-Q] (TNWA8QCGZ) 32962251-1788682026.253 conversations.bulkFetchMetadata is ENQUEUED @ https://a.slack-edge.com/bv1-13-br/gantry-v2-shared.cdda0aad0eba53be.min.js?cacheKey=gantry-1788679051:46
[   49063ms] [INFO] Sep-06 11:07:06.254 [API-Q] (TNWA8QCGZ) 32962251-1788682026.253 onboarding.updateUser is ACTIVE @ https://a.slack-edge.com/bv1-13-br/gantry-v2-shared.cdda0aad0eba53be.min.js?cacheKey=gantry-1788679051:46
[   49064ms] [INFO] Sep-06 11:07:06.254 [API-Q] (TNWA8QCGZ) 32962251-1788682026.253 conversations.bulkFetchMetadata is ACTIVE @ https://a.slack-edge.com/bv1-13-br/gantry-v2-shared.cdda0aad0eba53be.min.js?cacheKey=gantry-1788679051:46
[   49155ms] [INFO] Sep-06 11:07:06.345 [API-Q] (TNWA8QCGZ) noversion-1788682026.182 Flannel channels/info is RESOLVED @ https://a.slack-edge.com/bv1-13-br/gantry-v2-shared.cdda0aad0eba53be.min.js?cacheKey=gantry-1788679051:46
[   49156ms] [INFO] Sep-06 11:07:06.346 [API-Q] (TNWA8QCGZ) 32962251-1788682026.346 conversations.genericInfo called with reason: fallback:fetchAndUpsertChannelsById @ https://a.slack-edge.com/bv1-13-br/gantry-v2-shared.cdda0aad0eba53be.min.js?cacheKey=gantry-1788679051:46
[   49156ms] [INFO] Sep-06 11:07:06.346 [API-Q] (TNWA8QCGZ) 32962251-1788682026.346 conversations.genericInfo is ENQUEUED @ https://a.slack-edge.com/bv1-13-br/gantry-v2-shared.cdda0aad0eba53be.min.js?cacheKey=gantry-1788679051:46
[   49156ms] [INFO] Sep-06 11:07:06.347 [API-Q] (TNWA8QCGZ) 32962251-1788682026.346 conversations.genericInfo is ACTIVE @ https://a.slack-edge.com/bv1-13-br/gantry-v2-shared.cdda0aad0eba53be.min.js?cacheKey=gantry-1788679051:46
[   49257ms] [INFO] Sep-06 11:07:06.448 [API-Q] (TNWA8QCGZ) 32962251-1788682025.087 users.recommend is RESOLVED @ https://a.slack-edge.com/bv1-13-br/gantry-v2-shared.cdda0aad0eba53be.min.js?cacheKey=gantry-1788679051:46
[   49258ms] [INFO] Sep-06 11:07:06.449 [API-Q] (TNWA8QCGZ) 32962251-1788682026.449 onboarding.updateUser called with reason: add_recommended_dms_to_onboarding_pref @ https://a.slack-edge.com/bv1-13-br/gantry-v2-shared.cdda0aad0eba53be.min.js?cacheKey=gantry-1788679051:46
[   49258ms] [INFO] Sep-06 11:07:06.449 [API-Q] (TNWA8QCGZ) 32962251-1788682026.449 onboarding.updateUser is ENQUEUED @ https://a.slack-edge.com/bv1-13-br/gantry-v2-shared.cdda0aad0eba53be.min.js?cacheKey=gantry-1788679051:46
[   49259ms] [INFO] Sep-06 11:07:06.449 [API-Q] (TNWA8QCGZ) 32962251-1788682026.449 onboarding.updateUser is ACTIVE @ https://a.slack-edge.com/bv1-13-br/gantry-v2-shared.cdda0aad0eba53be.min.js?cacheKey=gantry-1788679051:46
[   49265ms] [INFO] Sep-06 11:07:06.456 [API-Q] (TNWA8QCGZ) 32962251-1788682026.253 onboarding.updateUser is RESOLVED @ https://a.slack-edge.com/bv1-13-br/gantry-v2-shared.cdda0aad0eba53be.min.js?cacheKey=gantry-1788679051:46
[   49266ms] [INFO] Sep-06 11:07:06.456 [UFM-MEMBERS] (TNWA8QCGZ) requesting U0354HK94FL,U0BUQAMSN5S,U0AR8238BEZ,U0ACNNLHEDB,U0BMJ6HQYTD,U095MB0Q5HU,U08FAMP04US,U01T6FYS0RY,U09L4DUMJ3G,U0B0TEDBH8V (1) @ https://a.slack-edge.com/bv1-13-br/gantry-v2-shared.cdda0aad0eba53be.min.js?cacheKey=gantry-1788679051:46
[   49266ms] [INFO] Sep-06 11:07:06.456 [API-Q] (TNWA8QCGZ) noversion-1788682026.456 Flannel users/info called with reason: flannel-call:users/info @ https://a.slack-edge.com/bv1-13-br/gantry-v2-shared.cdda0aad0eba53be.min.js?cacheKey=gantry-1788679051:46
[   49266ms] [INFO] Sep-06 11:07:06.456 [API-Q] (TNWA8QCGZ) noversion-1788682026.456 Flannel users/info is ENQUEUED @ https://a.slack-edge.com/bv1-13-br/gantry-v2-shared.cdda0aad0eba53be.min.js?cacheKey=gantry-1788679051:46
[   49266ms] [INFO] Sep-06 11:07:06.456 [API-Q] (TNWA8QCGZ) noversion-1788682026.456 Flannel users/info is ACTIVE @ https://a.slack-edge.com/bv1-13-br/gantry-v2-shared.cdda0aad0eba53be.min.js?cacheKey=gantry-1788679051:46
[   49326ms] [INFO] Sep-06 11:07:06.516 [API-Q] (TNWA8QCGZ) noversion-1788682026.456 Flannel users/info is RESOLVED @ https://a.slack-edge.com/bv1-13-br/gantry-v2-shared.cdda0aad0eba53be.min.js?cacheKey=gantry-1788679051:46
[   49326ms] [INFO] Sep-06 11:07:06.517 [UFM-MEMBERS] (TNWA8QCGZ) received U0354HK94FL,U0BUQAMSN5S,U0AR8238BEZ,U0ACNNLHEDB,U0BMJ6HQYTD,U095MB0Q5HU,U08FAMP04US,U01T6FYS0RY,U09L4DUMJ3G,U0B0TEDBH8V (1) @ https://a.slack-edge.com/bv1-13-br/gantry-v2-shared.cdda0aad0eba53be.min.js?cacheKey=gantry-1788679051:46
[   49343ms] [INFO] Sep-06 11:07:06.533 [DND_V2] (TNWA8QCGZ) fetchAndUpsertDndForUsers - Preparing to fetch DND times for the following members: U0354HK94FL,U0BUQAMSN5S,U0AR8238BEZ,U0ACNNLHEDB,U0BMJ6HQYTD,U095MB0Q5HU,U08FAMP04US,U01T6FYS0RY,U09L4DUMJ3G,U0B0TEDBH8V @ https://a.slack-edge.com/bv1-13-br/gantry-v2-shared.cdda0aad0eba53be.min.js?cacheKey=gantry-1788679051:46
[   49343ms] [INFO] Sep-06 11:07:06.534 [API-Q] (TNWA8QCGZ) 32962251-1788682026.534 dnd.teamInfo called with reason: fetchAndUpsertDndForUsers-getDndTimesFor:others @ https://a.slack-edge.com/bv1-13-br/gantry-v2-shared.cdda0aad0eba53be.min.js?cacheKey=gantry-1788679051:46
[   49343ms] [INFO] Sep-06 11:07:06.534 [API-Q] (TNWA8QCGZ) 32962251-1788682026.534 dnd.teamInfo is ENQUEUED @ https://a.slack-edge.com/bv1-13-br/gantry-v2-shared.cdda0aad0eba53be.min.js?cacheKey=gantry-1788679051:46
[   49344ms] [INFO] Sep-06 11:07:06.534 [API-Q] (TNWA8QCGZ) 32962251-1788682026.534 dnd.teamInfo is ACTIVE @ https://a.slack-edge.com/bv1-13-br/gantry-v2-shared.cdda0aad0eba53be.min.js?cacheKey=gantry-1788679051:46
[   49344ms] [INFO] Sep-06 11:07:06.534 [API-Q] (TNWA8QCGZ) 32962251-1788682026.346 conversations.genericInfo is RESOLVED @ https://a.slack-edge.com/bv1-13-br/gantry-v2-shared.cdda0aad0eba53be.min.js?cacheKey=gantry-1788679051:46
[   49420ms] [INFO] Sep-06 11:07:06.611 [API-Q] (TNWA8QCGZ) 32962251-1788682026.253 conversations.bulkFetchMetadata is RESOLVED @ https://a.slack-edge.com/bv1-13-br/gantry-v2-shared.cdda0aad0eba53be.min.js?cacheKey=gantry-1788679051:46
[   49434ms] [INFO] Sep-06 11:07:06.624 [API-Q] (TNWA8QCGZ) noversion-1788682026.624 Flannel users/counts called with reason: flannel-call:users/counts @ https://a.slack-edge.com/bv1-13-br/gantry-v2-shared.cdda0aad0eba53be.min.js?cacheKey=gantry-1788679051:46
[   49434ms] [INFO] Sep-06 11:07:06.624 [API-Q] (TNWA8QCGZ) noversion-1788682026.624 Flannel users/counts is ENQUEUED @ https://a.slack-edge.com/bv1-13-br/gantry-v2-shared.cdda0aad0eba53be.min.js?cacheKey=gantry-1788679051:46
[   49434ms] [INFO] Sep-06 11:07:06.624 [API-Q] (TNWA8QCGZ) noversion-1788682026.624 Flannel users/counts is ACTIVE @ https://a.slack-edge.com/bv1-13-br/gantry-v2-shared.cdda0aad0eba53be.min.js?cacheKey=gantry-1788679051:46
[   49434ms] [INFO] Sep-06 11:07:06.625 [API-Q] (TNWA8QCGZ) 32962251-1788682026.625 conversations.teamConnections called with reason: fetchAndUpsertSharedChannelTeamConnections @ https://a.slack-edge.com/bv1-13-br/gantry-v2-shared.cdda0aad0eba53be.min.js?cacheKey=gantry-1788679051:46
[   49434ms] [INFO] Sep-06 11:07:06.625 [API-Q] (TNWA8QCGZ) 32962251-1788682026.625 conversations.teamConnections is ENQUEUED @ https://a.slack-edge.com/bv1-13-br/gantry-v2-shared.cdda0aad0eba53be.min.js?cacheKey=gantry-1788679051:46
[   49435ms] [INFO] Sep-06 11:07:06.625 [API-Q] (TNWA8QCGZ) 32962251-1788682026.625 conversations.teamConnections is ACTIVE @ https://a.slack-edge.com/bv1-13-br/gantry-v2-shared.cdda0aad0eba53be.min.js?cacheKey=gantry-1788679051:46
[   49463ms] [INFO] Sep-06 11:07:06.654 [API-Q] (TNWA8QCGZ) 32962251-1788682026.449 onboarding.updateUser is RESOLVED @ https://a.slack-edge.com/bv1-13-br/gantry-v2-shared.cdda0aad0eba53be.min.js?cacheKey=gantry-1788679051:46
[   49465ms] [INFO] Sep-06 11:07:06.656 [UFM-MEMBERS] (TNWA8QCGZ) requesting UP29A8DRA,U011AUG98RY,U011D5QL84F,U01GAFTJ7BN,U02U744PQG1,U032N4GG0UV,UP2Q50S2U,U012ZL8L5PY,U02F63GU69J,U02JM5JAG3W,UNWD40K6D,U0109T8P6R1,U0120CCQX24,U01TGLGQCHE,U02KQ5FLZEZ,U02Q6C1H70F,U03AARATFGF,U044KSDPM5G,WAQM7STA4,U01CHCCG6SY,U011KGWQGGM,U012YCKM2KE (1) @ https://a.slack-edge.com/bv1-13-br/gantry-v2-shared.cdda0aad0eba53be.min.js?cacheKey=gantry-1788679051:46
[   49465ms] [INFO] Sep-06 11:07:06.656 [API-Q] (TNWA8QCGZ) noversion-1788682026.656 Flannel users/info called with reason: flannel-call:users/info @ https://a.slack-edge.com/bv1-13-br/gantry-v2-shared.cdda0aad0eba53be.min.js?cacheKey=gantry-1788679051:46
[   49466ms] [INFO] Sep-06 11:07:06.656 [API-Q] (TNWA8QCGZ) noversion-1788682026.656 Flannel users/info is ENQUEUED @ https://a.slack-edge.com/bv1-13-br/gantry-v2-shared.cdda0aad0eba53be.min.js?cacheKey=gantry-1788679051:46
[   49466ms] [INFO] Sep-06 11:07:06.656 [API-Q] (TNWA8QCGZ) noversion-1788682026.656 Flannel users/info is ACTIVE @ https://a.slack-edge.com/bv1-13-br/gantry-v2-shared.cdda0aad0eba53be.min.js?cacheKey=gantry-1788679051:46
[   49493ms] [INFO] Sep-06 11:07:06.684 [API-Q] (TNWA8QCGZ) noversion-1788682026.624 Flannel users/counts is RESOLVED @ https://a.slack-edge.com/bv1-13-br/gantry-v2-shared.cdda0aad0eba53be.min.js?cacheKey=gantry-1788679051:46
[   49528ms] [INFO] Sep-06 11:07:06.719 [API-Q] (TNWA8QCGZ) noversion-1788682026.656 Flannel users/info is RESOLVED @ https://a.slack-edge.com/bv1-13-br/gantry-v2-shared.cdda0aad0eba53be.min.js?cacheKey=gantry-1788679051:46
[   49528ms] [INFO] Sep-06 11:07:06.719 [UFM-MEMBERS] (TNWA8QCGZ) received UP29A8DRA,U011AUG98RY,U011D5QL84F,U01GAFTJ7BN,U02U744PQG1,U032N4GG0UV,UP2Q50S2U,U012ZL8L5PY,U02F63GU69J,U02JM5JAG3W,UNWD40K6D,U0109T8P6R1,U0120CCQX24,U01TGLGQCHE,U02KQ5FLZEZ,U02Q6C1H70F,U03AARATFGF,U044KSDPM5G,WAQM7STA4,U01CHCCG6SY,U011KGWQGGM,U012YCKM2KE (1) @ https://a.slack-edge.com/bv1-13-br/gantry-v2-shared.cdda0aad0eba53be.min.js?cacheKey=gantry-1788679051:46
[   49530ms] [INFO] Sep-06 11:07:06.721 [UFM-TEAMS] (TNWA8QCGZ) requesting E7T5PNK3P (1) @ https://a.slack-edge.com/bv1-13-br/gantry-v2-shared.cdda0aad0eba53be.min.js?cacheKey=gantry-1788679051:46
[   49531ms] [INFO] Sep-06 11:07:06.721 [API-Q] (TNWA8QCGZ) 32962251-1788682026.721 team.info called with reason: UnknownFetchManager @ https://a.slack-edge.com/bv1-13-br/gantry-v2-shared.cdda0aad0eba53be.min.js?cacheKey=gantry-1788679051:46
[   49531ms] [INFO] Sep-06 11:07:06.721 [API-Q] (TNWA8QCGZ) 32962251-1788682026.721 team.info is ENQUEUED @ https://a.slack-edge.com/bv1-13-br/gantry-v2-shared.cdda0aad0eba53be.min.js?cacheKey=gantry-1788679051:46
[   49531ms] [INFO] Sep-06 11:07:06.722 [API-Q] (TNWA8QCGZ) 32962251-1788682026.721 team.info is ACTIVE @ https://a.slack-edge.com/bv1-13-br/gantry-v2-shared.cdda0aad0eba53be.min.js?cacheKey=gantry-1788679051:46
[   49559ms] [INFO] Sep-06 11:07:06.749 [API-Q] (TNWA8QCGZ) 32962251-1788682026.534 dnd.teamInfo is RESOLVED @ https://a.slack-edge.com/bv1-13-br/gantry-v2-shared.cdda0aad0eba53be.min.js?cacheKey=gantry-1788679051:46
[   49559ms] [INFO] Sep-06 11:07:06.750 [DND] (TNWA8QCGZ) Fetched DND info for the following members: U0354HK94FL,U0BUQAMSN5S,U0AR8238BEZ,U0ACNNLHEDB,U0BMJ6HQYTD,U095MB0Q5HU,U08FAMP04US,U01T6FYS0RY,U09L4DUMJ3G,U0B0TEDBH8V @ https://a.slack-edge.com/bv1-13-br/gantry-v2-shared.cdda0aad0eba53be.min.js?cacheKey=gantry-1788679051:46
[   49560ms] [INFO] Sep-06 11:07:06.751 [DND_V2] (TNWA8QCGZ) Will check for changes in DND status again in 5 minutes @ https://a.slack-edge.com/bv1-13-br/gantry-v2-shared.cdda0aad0eba53be.min.js?cacheKey=gantry-1788679051:46
[   49644ms] [INFO] Sep-06 11:07:06.834 [API-Q] (TNWA8QCGZ) 32962251-1788682026.625 conversations.teamConnections is RESOLVED @ https://a.slack-edge.com/bv1-13-br/gantry-v2-shared.cdda0aad0eba53be.min.js?cacheKey=gantry-1788679051:46
[   49709ms] [INFO] Sep-06 11:07:06.899 [API-Q] (TNWA8QCGZ) 32962251-1788682026.721 team.info is RESOLVED @ https://a.slack-edge.com/bv1-13-br/gantry-v2-shared.cdda0aad0eba53be.min.js?cacheKey=gantry-1788679051:46
[   49709ms] [INFO] Sep-06 11:07:06.899 [UFM-TEAMS] (TNWA8QCGZ) received E7T5PNK3P (1) @ https://a.slack-edge.com/bv1-13-br/gantry-v2-shared.cdda0aad0eba53be.min.js?cacheKey=gantry-1788679051:46
[   49809ms] [INFO] Sep-06 11:07:07.000 [API-Q] (TNWA8QCGZ) noversion-1788682027.000 Flannel users/info called with reason: flannel-call:users/info @ https://a.slack-edge.com/bv1-13-br/gantry-v2-shared.cdda0aad0eba53be.min.js?cacheKey=gantry-1788679051:46
[   49809ms] [INFO] Sep-06 11:07:07.000 [API-Q] (TNWA8QCGZ) noversion-1788682027.000 Flannel users/info is ENQUEUED @ https://a.slack-edge.com/bv1-13-br/gantry-v2-shared.cdda0aad0eba53be.min.js?cacheKey=gantry-1788679051:46
[   49810ms] [INFO] Sep-06 11:07:07.000 [API-Q] (TNWA8QCGZ) noversion-1788682027.000 Flannel users/info is ACTIVE @ https://a.slack-edge.com/bv1-13-br/gantry-v2-shared.cdda0aad0eba53be.min.js?cacheKey=gantry-1788679051:46
[   49869ms] [INFO] Sep-06 11:07:07.059 [API-Q] (TNWA8QCGZ) noversion-1788682027.000 Flannel users/info is RESOLVED @ https://a.slack-edge.com/bv1-13-br/gantry-v2-shared.cdda0aad0eba53be.min.js?cacheKey=gantry-1788679051:46
[   49982ms] [WARNING] Sep-06 11:07:07.172 AVDeviceService [AVDeviceService] [HEALTH] [avds_1788682024805] Invalid device list on attempt 4 (2 devices, none with valid IDs) @ https://a.slack-edge.com/bv1-13-br/gantry-v2-shared.cdda0aad0eba53be.min.js?cacheKey=gantry-1788679051:46
[   49982ms] [ERROR] Sep-06 11:07:07.172 AVDeviceService (?) [AVDeviceService] [ACQUISITION] [avds_1788682024805] Failed to get valid device list after 4 attempts @ https://a.slack-edge.com/bv1-13-br/gantry-v2-shared.cdda0aad0eba53be.min.js?cacheKey=gantry-1788679051:46
[   49983ms] [INFO] Sep-06 11:07:07.173 [AVDEVICESERVICE] [AVDeviceService] [DEVICE_LIST] [avds_1788682024805] Enumerated 2 devices (deviceCount=2, devices=audioinput: "", audiooutput: "") @ https://a.slack-edge.com/bv1-13-br/gantry-v2-shared.cdda0aad0eba53be.min.js?cacheKey=gantry-1788679051:46
[   49983ms] [INFO] Sep-06 11:07:07.173 [DEVICE-PREFS] Device list validation result: false @ https://a.slack-edge.com/bv1-13-br/gantry-v2-shared.cdda0aad0eba53be.min.js?cacheKey=gantry-1788679051:46
[   49983ms] [INFO] Sep-06 11:07:07.173 [DEVICE-PREFS] Device list updated [Object, Object] @ https://a.slack-edge.com/bv1-13-br/gantry-v2-shared.cdda0aad0eba53be.min.js?cacheKey=gantry-1788679051:46
[   49983ms] [INFO] Sep-06 11:07:07.173 [DEVICE-PREFS] Processing device list [Object, Object] @ https://a.slack-edge.com/bv1-13-br/gantry-v2-shared.cdda0aad0eba53be.min.js?cacheKey=gantry-1788679051:46
[   49983ms] [WARNING] Sep-06 11:07:07.174 DEVICE-PREFS Preferred audioinput device (default) not found. Resetting to OS default. @ https://a.slack-edge.com/bv1-13-br/gantry-v2-shared.cdda0aad0eba53be.min.js?cacheKey=gantry-1788679051:46
[   49983ms] [WARNING] Sep-06 11:07:07.174 DEVICE-PREFS Preferred audiooutput device (default) not found. Resetting to OS default. @ https://a.slack-edge.com/bv1-13-br/gantry-v2-shared.cdda0aad0eba53be.min.js?cacheKey=gantry-1788679051:46
[   49983ms] [INFO] Sep-06 11:07:07.174 [DEVICE-PREFS] No preferred devices found in local storage. Detecting preferences from selection records @ https://a.slack-edge.com/bv1-13-br/gantry-v2-shared.cdda0aad0eba53be.min.js?cacheKey=gantry-1788679051:46
[   49983ms] [INFO] Sep-06 11:07:07.174 [DEVICE-PREFS] Initializing device preferences manager from local storage @ https://a.slack-edge.com/bv1-13-br/gantry-v2-shared.cdda0aad0eba53be.min.js?cacheKey=gantry-1788679051:46
[   49983ms] [INFO] Sep-06 11:07:07.174 [DEVICE-PREFS] Device selection records: {} @ https://a.slack-edge.com/bv1-13-br/gantry-v2-shared.cdda0aad0eba53be.min.js?cacheKey=gantry-1788679051:46
[   49983ms] [INFO] Sep-06 11:07:07.174 [DEVICE-PREFS] Device list processing complete @ https://a.slack-edge.com/bv1-13-br/gantry-v2-shared.cdda0aad0eba53be.min.js?cacheKey=gantry-1788679051:46
[   49983ms] [INFO] Sep-06 11:07:07.174 [DEVICE-PREFS] Preferred audioinput device matches OS default. Updating to OS default @ https://a.slack-edge.com/bv1-13-br/gantry-v2-shared.cdda0aad0eba53be.min.js?cacheKey=gantry-1788679051:46
[   49983ms] [INFO] Sep-06 11:07:07.174 [DEVICE-PREFS] Recording selected audioinput device: default @ https://a.slack-edge.com/bv1-13-br/gantry-v2-shared.cdda0aad0eba53be.min.js?cacheKey=gantry-1788679051:46
[   49984ms] [INFO] Sep-06 11:07:07.174 [DEVICE-PREFS] Preferred audiooutput device matches OS default. Updating to OS default @ https://a.slack-edge.com/bv1-13-br/gantry-v2-shared.cdda0aad0eba53be.min.js?cacheKey=gantry-1788679051:46
[   49984ms] [INFO] Sep-06 11:07:07.174 [DEVICE-PREFS] Recording selected audiooutput device: default @ https://a.slack-edge.com/bv1-13-br/gantry-v2-shared.cdda0aad0eba53be.min.js?cacheKey=gantry-1788679051:46
[   49984ms] [INFO] Sep-06 11:07:07.174 [DEVICE-PREFS] Device list change handler updated @ https://a.slack-edge.com/bv1-13-br/gantry-v2-shared.cdda0aad0eba53be.min.js?cacheKey=gantry-1788679051:46
[   49984ms] [INFO] Sep-06 11:07:07.174 [DEVICE-PREFS] Device preferences manager initialized @ https://a.slack-edge.com/bv1-13-br/gantry-v2-shared.cdda0aad0eba53be.min.js?cacheKey=gantry-1788679051:46
[   49984ms] [INFO] Sep-06 11:07:07.174 [DEVICE-PREFS] Analyzing stored device records @ https://a.slack-edge.com/bv1-13-br/gantry-v2-shared.cdda0aad0eba53be.min.js?cacheKey=gantry-1788679051:46
[   49984ms] [INFO] Sep-06 11:07:07.174 [DEVICE-PREFS] Returning all records for initialization analyses @ https://a.slack-edge.com/bv1-13-br/gantry-v2-shared.cdda0aad0eba53be.min.js?cacheKey=gantry-1788679051:46
[   49984ms] [INFO] Sep-06 11:07:07.174 [DEVICE-PREFS] Device selection records analysis: {totalRecords: 0, webAudioDevices: 0, webAudioSelectedDevices: 0, webAudioUsedDevices: 0, microphoneCount: 0} @ https://a.slack-edge.com/bv1-13-br/gantry-v2-shared.cdda0aad0eba53be.min.js?cacheKey=gantry-1788679051:46
[   49984ms] [INFO] Sep-06 11:07:07.174 [(?)] Device preferences manager initialized @ https://a.slack-edge.com/bv1-13-br/gantry-v2-shared.cdda0aad0eba53be.min.js?cacheKey=gantry-1788679051:46
[   50283ms] [INFO] Sep-06 11:07:07.474 [DEVICE-PREFS] Propagating device selection history update @ https://a.slack-edge.com/bv1-13-br/gantry-v2-shared.cdda0aad0eba53be.min.js?cacheKey=gantry-1788679051:46
[   50284ms] [WARNING] Sep-06 11:07:07.475 (?) preferred device for audiooutput does not exist skipping setting preferred device in huddle @ https://a.slack-edge.com/bv1-13-br/gantry-v2-shared.cdda0aad0eba53be.min.js?cacheKey=gantry-1788679051:46
[   50896ms] [INFO] Sep-06 11:07:08.087 [API-Q] (TNWA8QCGZ) noversion-1788682028.087 Flannel users/info called with reason: flannel-call:users/info @ https://a.slack-edge.com/bv1-13-br/gantry-v2-shared.cdda0aad0eba53be.min.js?cacheKey=gantry-1788679051:46
[   50896ms] [INFO] Sep-06 11:07:08.087 [API-Q] (TNWA8QCGZ) noversion-1788682028.087 Flannel users/info is ENQUEUED @ https://a.slack-edge.com/bv1-13-br/gantry-v2-shared.cdda0aad0eba53be.min.js?cacheKey=gantry-1788679051:46
[   50897ms] [INFO] Sep-06 11:07:08.087 [API-Q] (TNWA8QCGZ) noversion-1788682028.087 Flannel users/info is ACTIVE @ https://a.slack-edge.com/bv1-13-br/gantry-v2-shared.cdda0aad0eba53be.min.js?cacheKey=gantry-1788679051:46
[   50957ms] [INFO] Sep-06 11:07:08.148 [API-Q] (TNWA8QCGZ) noversion-1788682028.087 Flannel users/info is RESOLVED @ https://a.slack-edge.com/bv1-13-br/gantry-v2-shared.cdda0aad0eba53be.min.js?cacheKey=gantry-1788679051:46
[   50961ms] [INFO] Sep-06 11:07:08.152 [API-Q] (TNWA8QCGZ) noversion-1788682028.152 Flannel channels/info called with reason: flannel-call:channels/info @ https://a.slack-edge.com/bv1-13-br/gantry-v2-shared.cdda0aad0eba53be.min.js?cacheKey=gantry-1788679051:46
[   50961ms] [INFO] Sep-06 11:07:08.152 [API-Q] (TNWA8QCGZ) noversion-1788682028.152 Flannel channels/info is ENQUEUED @ https://a.slack-edge.com/bv1-13-br/gantry-v2-shared.cdda0aad0eba53be.min.js?cacheKey=gantry-1788679051:46
[   50962ms] [INFO] Sep-06 11:07:08.152 [API-Q] (TNWA8QCGZ) noversion-1788682028.152 Flannel channels/info is ACTIVE @ https://a.slack-edge.com/bv1-13-br/gantry-v2-shared.cdda0aad0eba53be.min.js?cacheKey=gantry-1788679051:46
[   51028ms] [INFO] Sep-06 11:07:08.218 [API-Q] (TNWA8QCGZ) noversion-1788682028.152 Flannel channels/info is RESOLVED @ https://a.slack-edge.com/bv1-13-br/gantry-v2-shared.cdda0aad0eba53be.min.js?cacheKey=gantry-1788679051:46
[   51161ms] [INFO] Sep-06 11:07:08.351 [API-Q] (TNWA8QCGZ) noversion-1788682028.351 Flannel channels/info called with reason: flannel-call:channels/info @ https://a.slack-edge.com/bv1-13-br/gantry-v2-shared.cdda0aad0eba53be.min.js?cacheKey=gantry-1788679051:46
[   51161ms] [INFO] Sep-06 11:07:08.351 [API-Q] (TNWA8QCGZ) noversion-1788682028.351 Flannel channels/info is ENQUEUED @ https://a.slack-edge.com/bv1-13-br/gantry-v2-shared.cdda0aad0eba53be.min.js?cacheKey=gantry-1788679051:46
[   51161ms] [INFO] Sep-06 11:07:08.352 [API-Q] (TNWA8QCGZ) noversion-1788682028.351 Flannel channels/info is ACTIVE @ https://a.slack-edge.com/bv1-13-br/gantry-v2-shared.cdda0aad0eba53be.min.js?cacheKey=gantry-1788679051:46
[   51227ms] [INFO] Sep-06 11:07:08.418 [API-Q] (TNWA8QCGZ) noversion-1788682028.351 Flannel channels/info is RESOLVED @ https://a.slack-edge.com/bv1-13-br/gantry-v2-shared.cdda0aad0eba53be.min.js?cacheKey=gantry-1788679051:46
[   52613ms] [INFO] Sep-06 11:07:09.804 [DEVICE-PERMISSIONS-MA] Refreshing all permissions @ https://a.slack-edge.com/bv1-13-br/gantry-v2-shared.cdda0aad0eba53be.min.js?cacheKey=gantry-1788679051:46
[   52616ms] [WARNING] Sep-06 11:07:09.806 AVDeviceService [AVDeviceService] [HEALTH] [avds_1788682024805] Invalid device list on attempt 1 (2 devices, none with valid IDs) @ https://a.slack-edge.com/bv1-13-br/gantry-v2-shared.cdda0aad0eba53be.min.js?cacheKey=gantry-1788679051:46
[   52616ms] [INFO] Sep-06 11:07:09.806 [AVDEVICESERVICE] [AVDeviceService] [ACQUISITION] [avds_1788682024805] Retry attempt 1 for enumerateDevices with 500ms delay @ https://a.slack-edge.com/bv1-13-br/gantry-v2-shared.cdda0aad0eba53be.min.js?cacheKey=gantry-1788679051:46
[   53118ms] [WARNING] Sep-06 11:07:10.309 AVDeviceService [AVDeviceService] [HEALTH] [avds_1788682024805] Invalid device list on attempt 2 (2 devices, none with valid IDs) @ https://a.slack-edge.com/bv1-13-br/gantry-v2-shared.cdda0aad0eba53be.min.js?cacheKey=gantry-1788679051:46
[   53118ms] [INFO] Sep-06 11:07:10.309 [AVDEVICESERVICE] [AVDeviceService] [ACQUISITION] [avds_1788682024805] Retry attempt 2 for enumerateDevices with 750ms delay @ https://a.slack-edge.com/bv1-13-br/gantry-v2-shared.cdda0aad0eba53be.min.js?cacheKey=gantry-1788679051:46
[   53872ms] [WARNING] Sep-06 11:07:11.063 AVDeviceService [AVDeviceService] [HEALTH] [avds_1788682024805] Invalid device list on attempt 3 (2 devices, none with valid IDs) @ https://a.slack-edge.com/bv1-13-br/gantry-v2-shared.cdda0aad0eba53be.min.js?cacheKey=gantry-1788679051:46
[   53872ms] [INFO] Sep-06 11:07:11.063 [AVDEVICESERVICE] [AVDeviceService] [ACQUISITION] [avds_1788682024805] Retry attempt 3 for enumerateDevices with 1000ms delay @ https://a.slack-edge.com/bv1-13-br/gantry-v2-shared.cdda0aad0eba53be.min.js?cacheKey=gantry-1788679051:46
[   54875ms] [WARNING] Sep-06 11:07:12.065 AVDeviceService [AVDeviceService] [HEALTH] [avds_1788682024805] Invalid device list on attempt 4 (2 devices, none with valid IDs) @ https://a.slack-edge.com/bv1-13-br/gantry-v2-shared.cdda0aad0eba53be.min.js?cacheKey=gantry-1788679051:46
[   54875ms] [ERROR] Sep-06 11:07:12.065 AVDeviceService (?) [AVDeviceService] [ACQUISITION] [avds_1788682024805] Failed to get valid device list after 4 attempts @ https://a.slack-edge.com/bv1-13-br/gantry-v2-shared.cdda0aad0eba53be.min.js?cacheKey=gantry-1788679051:46
[   54875ms] [INFO] Sep-06 11:07:12.066 [AVDEVICESERVICE] [AVDeviceService] [DEVICE_LIST] [avds_1788682024805] Enumerated 2 devices (deviceCount=2, devices=audioinput: "", audiooutput: "") @ https://a.slack-edge.com/bv1-13-br/gantry-v2-shared.cdda0aad0eba53be.min.js?cacheKey=gantry-1788679051:46
[   54876ms] [INFO] Sep-06 11:07:12.066 [DEVICE-PERMISSIONS-MA] permission state for microphone changed to prompt @ https://a.slack-edge.com/bv1-13-br/gantry-v2-shared.cdda0aad0eba53be.min.js?cacheKey=gantry-1788679051:46
[   54876ms] [INFO] Sep-06 11:07:12.066 [DEVICE-PERMISSIONS-MA] Permissions changed {microphone: prompt, camera: null, screen: null} @ https://a.slack-edge.com/bv1-13-br/gantry-v2-shared.cdda0aad0eba53be.min.js?cacheKey=gantry-1788679051:46
[   54876ms] [INFO] Sep-06 11:07:12.066 [DEVICE-PREFS] Updating available devices (original flow) @ https://a.slack-edge.com/bv1-13-br/gantry-v2-shared.cdda0aad0eba53be.min.js?cacheKey=gantry-1788679051:46
[   54876ms] [INFO] Sep-06 11:07:12.066 [DEVICE-PERMISSIONS-MA] Permissions saved to local storage: {"permissions":{"microphone":"prompt","camera":null,"screen":null},"timestamp":1788682032066} @ https://a.slack-edge.com/bv1-13-br/gantry-v2-shared.cdda0aad0eba53be.min.js?cacheKey=gantry-1788679051:46
[   54876ms] [INFO] Sep-06 11:07:12.066 [DEVICE-PERMISSIONS-MA] Received microphone access status for browser: prompt @ https://a.slack-edge.com/bv1-13-br/gantry-v2-shared.cdda0aad0eba53be.min.js?cacheKey=gantry-1788679051:46
[   54876ms] [INFO] Sep-06 11:07:12.066 [DEVICE-PERMISSIONS-MA] permission state for camera changed to prompt @ https://a.slack-edge.com/bv1-13-br/gantry-v2-shared.cdda0aad0eba53be.min.js?cacheKey=gantry-1788679051:46
[   54876ms] [INFO] Sep-06 11:07:12.066 [DEVICE-PERMISSIONS-MA] Permissions changed {microphone: prompt, camera: prompt, screen: null} @ https://a.slack-edge.com/bv1-13-br/gantry-v2-shared.cdda0aad0eba53be.min.js?cacheKey=gantry-1788679051:46
[   54876ms] [INFO] Sep-06 11:07:12.067 [(?)] Available devices update already in progress. Returning existing promise. @ https://a.slack-edge.com/bv1-13-br/gantry-v2-shared.cdda0aad0eba53be.min.js?cacheKey=gantry-1788679051:46
[   54876ms] [INFO] Sep-06 11:07:12.067 [DEVICE-PERMISSIONS-MA] Permissions saved to local storage: {"permissions":{"microphone":"prompt","camera":"prompt","screen":null},"timestamp":1788682032067} @ https://a.slack-edge.com/bv1-13-br/gantry-v2-shared.cdda0aad0eba53be.min.js?cacheKey=gantry-1788679051:46
[   54876ms] [INFO] Sep-06 11:07:12.067 [DEVICE-PERMISSIONS-MA] Received camera access status for browser: prompt @ https://a.slack-edge.com/bv1-13-br/gantry-v2-shared.cdda0aad0eba53be.min.js?cacheKey=gantry-1788679051:46
[   54876ms] [INFO] Sep-06 11:07:12.067 [DEVICE-PERMISSIONS-MA] permission state for screen changed to prompt @ https://a.slack-edge.com/bv1-13-br/gantry-v2-shared.cdda0aad0eba53be.min.js?cacheKey=gantry-1788679051:46
[   54876ms] [INFO] Sep-06 11:07:12.067 [DEVICE-PERMISSIONS-MA] Permissions changed {microphone: prompt, camera: prompt, screen: prompt} @ https://a.slack-edge.com/bv1-13-br/gantry-v2-shared.cdda0aad0eba53be.min.js?cacheKey=gantry-1788679051:46
[   54876ms] [INFO] Sep-06 11:07:12.067 [(?)] Available devices update already in progress. Returning existing promise. @ https://a.slack-edge.com/bv1-13-br/gantry-v2-shared.cdda0aad0eba53be.min.js?cacheKey=gantry-1788679051:46
[   54876ms] [INFO] Sep-06 11:07:12.067 [DEVICE-PERMISSIONS-MA] Permissions saved to local storage: {"permissions":{"microphone":"prompt","camera":"prompt","screen":"prompt"},"timestamp":1788682032067} @ https://a.slack-edge.com/bv1-13-br/gantry-v2-shared.cdda0aad0eba53be.min.js?cacheKey=gantry-1788679051:46
[   54876ms] [INFO] Sep-06 11:07:12.067 [DEVICE-PERMISSIONS-MA] Received screen access status for browser: prompt @ https://a.slack-edge.com/bv1-13-br/gantry-v2-shared.cdda0aad0eba53be.min.js?cacheKey=gantry-1788679051:46
[   54879ms] [WARNING] Sep-06 11:07:12.070 AVDeviceService [AVDeviceService] [HEALTH] [avds_1788682024805] Invalid device list on attempt 1 (2 devices, none with valid IDs) @ https://a.slack-edge.com/bv1-13-br/gantry-v2-shared.cdda0aad0eba53be.min.js?cacheKey=gantry-1788679051:46
[   54879ms] [INFO] Sep-06 11:07:12.070 [AVDEVICESERVICE] [AVDeviceService] [ACQUISITION] [avds_1788682024805] Retry attempt 1 for enumerateDevices with 500ms delay @ https://a.slack-edge.com/bv1-13-br/gantry-v2-shared.cdda0aad0eba53be.min.js?cacheKey=gantry-1788679051:46
[   55383ms] [WARNING] Sep-06 11:07:12.574 AVDeviceService [AVDeviceService] [HEALTH] [avds_1788682024805] Invalid device list on attempt 2 (2 devices, none with valid IDs) @ https://a.slack-edge.com/bv1-13-br/gantry-v2-shared.cdda0aad0eba53be.min.js?cacheKey=gantry-1788679051:46
[   55383ms] [INFO] Sep-06 11:07:12.574 [AVDEVICESERVICE] [AVDeviceService] [ACQUISITION] [avds_1788682024805] Retry attempt 2 for enumerateDevices with 750ms delay @ https://a.slack-edge.com/bv1-13-br/gantry-v2-shared.cdda0aad0eba53be.min.js?cacheKey=gantry-1788679051:46
[   56136ms] [WARNING] Sep-06 11:07:13.326 AVDeviceService [AVDeviceService] [HEALTH] [avds_1788682024805] Invalid device list on attempt 3 (2 devices, none with valid IDs) @ https://a.slack-edge.com/bv1-13-br/gantry-v2-shared.cdda0aad0eba53be.min.js?cacheKey=gantry-1788679051:46
[   56136ms] [INFO] Sep-06 11:07:13.326 [AVDEVICESERVICE] [AVDeviceService] [ACQUISITION] [avds_1788682024805] Retry attempt 3 for enumerateDevices with 1000ms delay @ https://a.slack-edge.com/bv1-13-br/gantry-v2-shared.cdda0aad0eba53be.min.js?cacheKey=gantry-1788679051:46
[   57139ms] [WARNING] Sep-06 11:07:14.330 AVDeviceService [AVDeviceService] [HEALTH] [avds_1788682024805] Invalid device list on attempt 4 (2 devices, none with valid IDs) @ https://a.slack-edge.com/bv1-13-br/gantry-v2-shared.cdda0aad0eba53be.min.js?cacheKey=gantry-1788679051:46
[   57139ms] [ERROR] Sep-06 11:07:14.330 AVDeviceService (?) [AVDeviceService] [ACQUISITION] [avds_1788682024805] Failed to get valid device list after 4 attempts @ https://a.slack-edge.com/bv1-13-br/gantry-v2-shared.cdda0aad0eba53be.min.js?cacheKey=gantry-1788679051:46
[   57140ms] [INFO] Sep-06 11:07:14.330 [AVDEVICESERVICE] [AVDeviceService] [DEVICE_LIST] [avds_1788682024805] Enumerated 2 devices (deviceCount=2, devices=audioinput: "", audiooutput: "") @ https://a.slack-edge.com/bv1-13-br/gantry-v2-shared.cdda0aad0eba53be.min.js?cacheKey=gantry-1788679051:46
[   57140ms] [INFO] Sep-06 11:07:14.330 [DEVICE-PREFS] Device list validation result: false @ https://a.slack-edge.com/bv1-13-br/gantry-v2-shared.cdda0aad0eba53be.min.js?cacheKey=gantry-1788679051:46
[   57140ms] [INFO] Sep-06 11:07:14.330 [DEVICE-PREFS] Device list updated [Object, Object] @ https://a.slack-edge.com/bv1-13-br/gantry-v2-shared.cdda0aad0eba53be.min.js?cacheKey=gantry-1788679051:46
[   57140ms] [INFO] Sep-06 11:07:14.330 [DEVICE-PREFS] Processing device list [Object, Object] @ https://a.slack-edge.com/bv1-13-br/gantry-v2-shared.cdda0aad0eba53be.min.js?cacheKey=gantry-1788679051:46
[   57140ms] [WARNING] Sep-06 11:07:14.330 DEVICE-PREFS Preferred audioinput device (default) not found. Resetting to OS default. @ https://a.slack-edge.com/bv1-13-br/gantry-v2-shared.cdda0aad0eba53be.min.js?cacheKey=gantry-1788679051:46
[   57140ms] [WARNING] Sep-06 11:07:14.330 DEVICE-PREFS Preferred audiooutput device (default) not found. Resetting to OS default. @ https://a.slack-edge.com/bv1-13-br/gantry-v2-shared.cdda0aad0eba53be.min.js?cacheKey=gantry-1788679051:46
[   57140ms] [INFO] Sep-06 11:07:14.330 [DEVICE-PREFS] Device list processing complete @ https://a.slack-edge.com/bv1-13-br/gantry-v2-shared.cdda0aad0eba53be.min.js?cacheKey=gantry-1788679051:46
[   57299ms] [INFO] Sep-06 11:07:14.489 [NAVIGATE-IN-MAIN-WIND] Starting a new navigation event {id: C04JHEXJC4Q, viewType: Channel, viewParams: undefined, options: Object} @ https://a.slack-edge.com/bv1-13-br/gantry-v2-shared.cdda0aad0eba53be.min.js?cacheKey=gantry-1788679051:46
[   57300ms] [INFO] Sep-06 11:07:14.490 [APPLY-DETAIL-VIEW] ViewSet with detail view applied {viewSet: Object} @ https://a.slack-edge.com/bv1-13-br/gantry-v2-shared.cdda0aad0eba53be.min.js?cacheKey=gantry-1788679051:46
[   57300ms] [INFO] Sep-06 11:07:14.490 [NAVIGATE-IN-MAIN-WIND] Applying changes to the primary container {viewSet: Object, nextTab: home} @ https://a.slack-edge.com/bv1-13-br/gantry-v2-shared.cdda0aad0eba53be.min.js?cacheKey=gantry-1788679051:46
[   57300ms] [INFO] Sep-06 11:07:14.490 [NAVIGATION-MIDDLEWARE] Starting a new navigation middleware execution {context: navigation, nextViewSet: Object, nextSplitView: undefined, middlewareCount: 26, nextTab: home} @ https://a.slack-edge.com/bv1-13-br/gantry-v2-shared.cdda0aad0eba53be.min.js?cacheKey=gantry-1788679051:46
[   57300ms] [INFO] Sep-06 11:07:14.491 [NAVIGATION-MIDDLEWARE] Async action execution is complete for a view {nextView: Object, results: Array(26), shouldTerminateNavigation: false, executionTime: 0.20000000018626451, nextTab: home} @ https://a.slack-edge.com/bv1-13-br/gantry-v2-shared.cdda0aad0eba53be.min.js?cacheKey=gantry-1788679051:46
[   57300ms] [INFO] Sep-06 11:07:14.491 [NAVIGATION-MIDDLEWARE] Finish middleware execution for sidebar container {maybeTransformedViewSet: Object, maybeTransformedSplitView: undefined, terminateNavigation: false, isViewTransformed: false, iterationCount: 0} @ https://a.slack-edge.com/bv1-13-br/gantry-v2-shared.cdda0aad0eba53be.min.js?cacheKey=gantry-1788679051:46
[   57301ms] [INFO] Sep-06 11:07:14.491 [NAVIGATION-MIDDLEWARE] Async action execution is complete for a view {nextView: Object, results: Array(26), shouldTerminateNavigation: false, executionTime: 0.30000000074505806, nextTab: home} @ https://a.slack-edge.com/bv1-13-br/gantry-v2-shared.cdda0aad0eba53be.min.js?cacheKey=gantry-1788679051:46
[   57301ms] [INFO] Sep-06 11:07:14.491 [APPLY-DETAIL-VIEW] ViewSet with detail view applied {viewSet: Object} @ https://a.slack-edge.com/bv1-13-br/gantry-v2-shared.cdda0aad0eba53be.min.js?cacheKey=gantry-1788679051:46
[   57301ms] [INFO] Sep-06 11:07:14.491 [NAVIGATION-MIDDLEWARE] View has been transformed {container: primary, initialView: Object, transformedView: Object, iterationCount: 0} @ https://a.slack-edge.com/bv1-13-br/gantry-v2-shared.cdda0aad0eba53be.min.js?cacheKey=gantry-1788679051:46
[   57301ms] [INFO] Sep-06 11:07:14.492 [NAVIGATION-MIDDLEWARE] Skipping middleware execution for sidebar container as we have cached value {initialView: Object, iterationCount: 1} @ https://a.slack-edge.com/bv1-13-br/gantry-v2-shared.cdda0aad0eba53be.min.js?cacheKey=gantry-1788679051:46
[   57301ms] [INFO] Sep-06 11:07:14.492 [NAVIGATION-MIDDLEWARE] Async action execution is complete for a view {nextView: Object, results: Array(26), shouldTerminateNavigation: false, executionTime: 0.10000000055879354, nextTab: home} @ https://a.slack-edge.com/bv1-13-br/gantry-v2-shared.cdda0aad0eba53be.min.js?cacheKey=gantry-1788679051:46
[   57301ms] [INFO] Sep-06 11:07:14.492 [NAVIGATION-MIDDLEWARE] Finish middleware execution for primary container {maybeTransformedViewSet: Object, maybeTransformedSplitView: undefined, terminateNavigation: false, isViewTransformed: false, iterationCount: 1} @ https://a.slack-edge.com/bv1-13-br/gantry-v2-shared.cdda0aad0eba53be.min.js?cacheKey=gantry-1788679051:46
[   57301ms] [INFO] Sep-06 11:07:14.492 [NAVIGATION-MIDDLEWARE] Finish middleware execution for primary container {maybeTransformedViewSet: Object, maybeTransformedSplitView: undefined, terminateNavigation: false, isViewTransformed: true, iterationCount: 0} @ https://a.slack-edge.com/bv1-13-br/gantry-v2-shared.cdda0aad0eba53be.min.js?cacheKey=gantry-1788679051:46
[   57301ms] [INFO] Sep-06 11:07:14.492 [NAVIGATION-MIDDLEWARE] Navigation middleware execution is complete {maybeUpdatedViewSet: Object, maybeUpdatedSplitView: undefined, terminateNavigation: false, executionTime: 1.5, nextTab: home} @ https://a.slack-edge.com/bv1-13-br/gantry-v2-shared.cdda0aad0eba53be.min.js?cacheKey=gantry-1788679051:46
[   57301ms] [INFO] Sep-06 11:07:14.492 [NAVIGATE-IN-MAIN-WIND] Built view set after middleware {viewSet: Object, splitView: undefined, nextTab: home} @ https://a.slack-edge.com/bv1-13-br/gantry-v2-shared.cdda0aad0eba53be.min.js?cacheKey=gantry-1788679051:46
[   57303ms] [INFO] Sep-06 11:07:14.493 [NAVIGATE-LISTENERS] (TNWA8QCGZ) Starting navigation listeners for triggerType NAVIGATION @ https://a.slack-edge.com/bv1-13-br/gantry-v2-shared.cdda0aad0eba53be.min.js?cacheKey=gantry-1788679051:46
[   57305ms] [INFO] Sep-06 11:07:14.495 [NAVIGATE-LISTENERS] (TNWA8QCGZ) Navigation listeners complete without errors @ https://a.slack-edge.com/bv1-13-br/gantry-v2-shared.cdda0aad0eba53be.min.js?cacheKey=gantry-1788679051:46
[   57305ms] [INFO] Sep-06 11:07:14.495 [NAVIGATE-IN-MAIN-WIND]  Navigation thunk execution complete {id: C04JHEXJC4Q, viewType: Channel, viewParams: undefined, options: Object} @ https://a.slack-edge.com/bv1-13-br/gantry-v2-shared.cdda0aad0eba53be.min.js?cacheKey=gantry-1788679051:46
[   57377ms] [LOG] [WD] All assets have reported back; s: 17; f: 0 @ https://app.slack.com/client/TNWA8QCGZ:0
[   57383ms] [INFO] Sep-06 11:07:14.573 [API-Q] (TNWA8QCGZ) 32962251-1788682034.573 conversations.listPrefs called with reason: client_redux_store @ https://a.slack-edge.com/bv1-13-br/gantry-v2-shared.cdda0aad0eba53be.min.js?cacheKey=gantry-1788679051:46
[   57383ms] [INFO] Sep-06 11:07:14.574 [API-Q] (TNWA8QCGZ) 32962251-1788682034.573 conversations.listPrefs is ENQUEUED @ https://a.slack-edge.com/bv1-13-br/gantry-v2-shared.cdda0aad0eba53be.min.js?cacheKey=gantry-1788679051:46
[   57383ms] [INFO] Sep-06 11:07:14.574 [API-Q] (TNWA8QCGZ) 32962251-1788682034.573 conversations.listPrefs is ACTIVE @ https://a.slack-edge.com/bv1-13-br/gantry-v2-shared.cdda0aad0eba53be.min.js?cacheKey=gantry-1788679051:46
[   57389ms] [INFO] Sep-06 11:07:14.580 [API-Q] (TNWA8QCGZ) noversion-1788682034.579 Flannel users/counts called with reason: flannel-call:users/counts @ https://a.slack-edge.com/bv1-13-br/gantry-v2-shared.cdda0aad0eba53be.min.js?cacheKey=gantry-1788679051:46
[   57389ms] [INFO] Sep-06 11:07:14.580 [API-Q] (TNWA8QCGZ) noversion-1788682034.579 Flannel users/counts is ENQUEUED @ https://a.slack-edge.com/bv1-13-br/gantry-v2-shared.cdda0aad0eba53be.min.js?cacheKey=gantry-1788679051:46
[   57389ms] [INFO] Sep-06 11:07:14.580 [API-Q] (TNWA8QCGZ) noversion-1788682034.579 Flannel users/counts is ACTIVE @ https://a.slack-edge.com/bv1-13-br/gantry-v2-shared.cdda0aad0eba53be.min.js?cacheKey=gantry-1788679051:46
[   57389ms] [INFO] Sep-06 11:07:14.580 [UFM] (TNWA8QCGZ) requesting C04JHEXJC4Q (1) @ https://a.slack-edge.com/bv1-13-br/gantry-v2-shared.cdda0aad0eba53be.min.js?cacheKey=gantry-1788679051:46
[   57390ms] [INFO] Sep-06 11:07:14.580 [UFM] (TNWA8QCGZ) received C04JHEXJC4Q (1) @ https://a.slack-edge.com/bv1-13-br/gantry-v2-shared.cdda0aad0eba53be.min.js?cacheKey=gantry-1788679051:46
[   57390ms] [INFO] Sep-06 11:07:14.580 [UFM-PERMISSIONS] (TNWA8QCGZ) requesting ASSIGN_CHANNEL_MANAGER (1) @ https://a.slack-edge.com/bv1-13-br/gantry-v2-shared.cdda0aad0eba53be.min.js?cacheKey=gantry-1788679051:46
[   57390ms] [INFO] Sep-06 11:07:14.581 [API-Q] (TNWA8QCGZ) noversion-1788682034.580 Flannel permissions/info called with reason: flannel-call:permissions/info @ https://a.slack-edge.com/bv1-13-br/gantry-v2-shared.cdda0aad0eba53be.min.js?cacheKey=gantry-1788679051:46
[   57390ms] [INFO] Sep-06 11:07:14.581 [API-Q] (TNWA8QCGZ) noversion-1788682034.580 Flannel permissions/info is ENQUEUED @ https://a.slack-edge.com/bv1-13-br/gantry-v2-shared.cdda0aad0eba53be.min.js?cacheKey=gantry-1788679051:46
[   57390ms] [INFO] Sep-06 11:07:14.581 [API-Q] (TNWA8QCGZ) noversion-1788682034.580 Flannel permissions/info is ACTIVE @ https://a.slack-edge.com/bv1-13-br/gantry-v2-shared.cdda0aad0eba53be.min.js?cacheKey=gantry-1788679051:46
[   57440ms] [INFO] Sep-06 11:07:14.630 [DEVICE-PREFS] Propagating device selection history update @ https://a.slack-edge.com/bv1-13-br/gantry-v2-shared.cdda0aad0eba53be.min.js?cacheKey=gantry-1788679051:46
[   57440ms] [WARNING] Sep-06 11:07:14.631 (?) preferred device for audioinput does not exist skipping setting preferred device in huddle @ https://a.slack-edge.com/bv1-13-br/gantry-v2-shared.cdda0aad0eba53be.min.js?cacheKey=gantry-1788679051:46
[   57440ms] [WARNING] Sep-06 11:07:14.631 (?) preferred device for audiooutput does not exist skipping setting preferred device in huddle @ https://a.slack-edge.com/bv1-13-br/gantry-v2-shared.cdda0aad0eba53be.min.js?cacheKey=gantry-1788679051:46
[   57440ms] [WARNING] Sep-06 11:07:14.631 (?) preferred device for videoinput does not exist skipping setting preferred device in huddle @ https://a.slack-edge.com/bv1-13-br/gantry-v2-shared.cdda0aad0eba53be.min.js?cacheKey=gantry-1788679051:46
[   57459ms] [INFO] Sep-06 11:07:14.650 [API-Q] (TNWA8QCGZ) noversion-1788682034.579 Flannel users/counts is RESOLVED @ https://a.slack-edge.com/bv1-13-br/gantry-v2-shared.cdda0aad0eba53be.min.js?cacheKey=gantry-1788679051:46
[   57460ms] [INFO] Sep-06 11:07:14.651 [API-Q] (TNWA8QCGZ) noversion-1788682034.580 Flannel permissions/info is RESOLVED @ https://a.slack-edge.com/bv1-13-br/gantry-v2-shared.cdda0aad0eba53be.min.js?cacheKey=gantry-1788679051:46
[   57460ms] [INFO] Sep-06 11:07:14.651 [UFM-PERMISSIONS] (TNWA8QCGZ) received ASSIGN_CHANNEL_MANAGER (1) @ https://a.slack-edge.com/bv1-13-br/gantry-v2-shared.cdda0aad0eba53be.min.js?cacheKey=gantry-1788679051:46
[   57565ms] [INFO] Sep-06 11:07:14.756 [API-Q] (TNWA8QCGZ) 32962251-1788682034.573 conversations.listPrefs is RESOLVED @ https://a.slack-edge.com/bv1-13-br/gantry-v2-shared.cdda0aad0eba53be.min.js?cacheKey=gantry-1788679051:46
[   57590ms] [INFO] Sep-06 11:07:14.780 [UFM-PERMISSIONS] (TNWA8QCGZ) requesting CAN_AT_CHANNEL,CAN_AT_EVERYONE,ARCHIVE_CHANNEL (1) @ https://a.slack-edge.com/bv1-13-br/gantry-v2-shared.cdda0aad0eba53be.min.js?cacheKey=gantry-1788679051:46
[   57590ms] [INFO] Sep-06 11:07:14.780 [API-Q] (TNWA8QCGZ) noversion-1788682034.780 Flannel permissions/info called with reason: flannel-call:permissions/info @ https://a.slack-edge.com/bv1-13-br/gantry-v2-shared.cdda0aad0eba53be.min.js?cacheKey=gantry-1788679051:46
[   57590ms] [INFO] Sep-06 11:07:14.780 [API-Q] (TNWA8QCGZ) noversion-1788682034.780 Flannel permissions/info is ENQUEUED @ https://a.slack-edge.com/bv1-13-br/gantry-v2-shared.cdda0aad0eba53be.min.js?cacheKey=gantry-1788679051:46
[   57590ms] [INFO] Sep-06 11:07:14.781 [API-Q] (TNWA8QCGZ) noversion-1788682034.780 Flannel permissions/info is ACTIVE @ https://a.slack-edge.com/bv1-13-br/gantry-v2-shared.cdda0aad0eba53be.min.js?cacheKey=gantry-1788679051:46
[   57636ms] [INFO] Sep-06 11:07:14.826 [API-Q] (TNWA8QCGZ) 32962251-1788682034.826 users.interactions.list called with reason: ai_workspace_resource_tab_coachmark @ https://a.slack-edge.com/bv1-13-br/gantry-v2-shared.cdda0aad0eba53be.min.js?cacheKey=gantry-1788679051:46
[   57636ms] [INFO] Sep-06 11:07:14.826 [API-Q] (TNWA8QCGZ) 32962251-1788682034.826 users.interactions.list is ENQUEUED @ https://a.slack-edge.com/bv1-13-br/gantry-v2-shared.cdda0aad0eba53be.min.js?cacheKey=gantry-1788679051:46
[   57639ms] [INFO] Sep-06 11:07:14.830 [API-Q] (TNWA8QCGZ) 32962251-1788682034.830 megaphone.notifications.list called with reason: load-megaphone-notification-data @ https://a.slack-edge.com/bv1-13-br/gantry-v2-shared.cdda0aad0eba53be.min.js?cacheKey=gantry-1788679051:46
[   57639ms] [INFO] Sep-06 11:07:14.830 [API-Q] (TNWA8QCGZ) 32962251-1788682034.830 megaphone.notifications.list is ENQUEUED @ https://a.slack-edge.com/bv1-13-br/gantry-v2-shared.cdda0aad0eba53be.min.js?cacheKey=gantry-1788679051:46
[   57649ms] [INFO] Sep-06 11:07:14.840 [MESSAGE-LIST] (TNWA8QCGZ) requestAround channelId: C04JHEXJC4Q isLoading: false timestamps: 0 reachedStart: false reachedEnd: false @ https://a.slack-edge.com/bv1-13-br/gantry-v2-shared.cdda0aad0eba53be.min.js?cacheKey=gantry-1788679051:46
[   57650ms] [INFO] Sep-06 11:07:14.840 [HISTORY-FETCH] (TNWA8QCGZ) Fetching history for message pane: C04JHEXJC4Q oldest: null latest: null @ https://a.slack-edge.com/bv1-13-br/gantry-v2-shared.cdda0aad0eba53be.min.js?cacheKey=gantry-1788679051:46
[   57651ms] [INFO] Sep-06 11:07:14.841 [API-Q] (TNWA8QCGZ) 32962251-1788682034.841 conversations.history called with reason: message-pane/requestHistory @ https://a.slack-edge.com/bv1-13-br/gantry-v2-shared.cdda0aad0eba53be.min.js?cacheKey=gantry-1788679051:46
[   57651ms] [INFO] Sep-06 11:07:14.842 [API-Q] (TNWA8QCGZ) 32962251-1788682034.841 conversations.history is ENQUEUED @ https://a.slack-edge.com/bv1-13-br/gantry-v2-shared.cdda0aad0eba53be.min.js?cacheKey=gantry-1788679051:46
[   57653ms] [INFO] Sep-06 11:07:14.843 [API-Q] (TNWA8QCGZ) noversion-1788682034.843 Flannel users/list called with reason: flannel-call:users/list @ https://a.slack-edge.com/bv1-13-br/gantry-v2-shared.cdda0aad0eba53be.min.js?cacheKey=gantry-1788679051:46
[   57653ms] [INFO] Sep-06 11:07:14.843 [API-Q] (TNWA8QCGZ) noversion-1788682034.843 Flannel users/list is ENQUEUED @ https://a.slack-edge.com/bv1-13-br/gantry-v2-shared.cdda0aad0eba53be.min.js?cacheKey=gantry-1788679051:46
[   57653ms] [INFO] Sep-06 11:07:14.843 [API-Q] (TNWA8QCGZ) noversion-1788682034.843 Flannel permissions/info called with reason: flannel-call:permissions/info @ https://a.slack-edge.com/bv1-13-br/gantry-v2-shared.cdda0aad0eba53be.min.js?cacheKey=gantry-1788679051:46
[   57653ms] [INFO] Sep-06 11:07:14.844 [API-Q] (TNWA8QCGZ) noversion-1788682034.843 Flannel permissions/info is ENQUEUED @ https://a.slack-edge.com/bv1-13-br/gantry-v2-shared.cdda0aad0eba53be.min.js?cacheKey=gantry-1788679051:46
[   57653ms] [INFO] Sep-06 11:07:14.844 [API-Q] (TNWA8QCGZ) 32962251-1788682034.826 users.interactions.list is ACTIVE @ https://a.slack-edge.com/bv1-13-br/gantry-v2-shared.cdda0aad0eba53be.min.js?cacheKey=gantry-1788679051:46
[   57653ms] [INFO] Sep-06 11:07:14.844 [API-Q] (TNWA8QCGZ) 32962251-1788682034.830 megaphone.notifications.list is ACTIVE @ https://a.slack-edge.com/bv1-13-br/gantry-v2-shared.cdda0aad0eba53be.min.js?cacheKey=gantry-1788679051:46
[   57654ms] [INFO] Sep-06 11:07:14.844 [API-Q] (TNWA8QCGZ) 32962251-1788682034.841 conversations.history is ACTIVE @ https://a.slack-edge.com/bv1-13-br/gantry-v2-shared.cdda0aad0eba53be.min.js?cacheKey=gantry-1788679051:46
[   57654ms] [INFO] Sep-06 11:07:14.844 [API-Q] (TNWA8QCGZ) noversion-1788682034.843 Flannel users/list is ACTIVE @ https://a.slack-edge.com/bv1-13-br/gantry-v2-shared.cdda0aad0eba53be.min.js?cacheKey=gantry-1788679051:46
[   57654ms] [INFO] Sep-06 11:07:14.844 [API-Q] (TNWA8QCGZ) noversion-1788682034.843 Flannel permissions/info is ACTIVE @ https://a.slack-edge.com/bv1-13-br/gantry-v2-shared.cdda0aad0eba53be.min.js?cacheKey=gantry-1788679051:46
[   57658ms] [INFO] Sep-06 11:07:14.849 [MESSAGE-LIST] (TNWA8QCGZ) componentWillReceiveProps isLoading: true isLoadingOlder: false timestamps: 0 @ https://a.slack-edge.com/bv1-13-br/gantry-v2-shared.cdda0aad0eba53be.min.js?cacheKey=gantry-1788679051:46
[   57665ms] [INFO] Sep-06 11:07:14.855 [API-Q] (TNWA8QCGZ) 32962251-1788682034.855 bookmarks.list called with reason: bookmarks-store/conditional-fetching @ https://a.slack-edge.com/bv1-13-br/gantry-v2-shared.cdda0aad0eba53be.min.js?cacheKey=gantry-1788679051:46
[   57665ms] [INFO] Sep-06 11:07:14.855 [API-Q] (TNWA8QCGZ) 32962251-1788682034.855 bookmarks.list is ENQUEUED @ https://a.slack-edge.com/bv1-13-br/gantry-v2-shared.cdda0aad0eba53be.min.js?cacheKey=gantry-1788679051:46
[   57665ms] [INFO] Sep-06 11:07:14.855 [API-Q] (TNWA8QCGZ) 32962251-1788682034.855 bookmarks.list is ACTIVE @ https://a.slack-edge.com/bv1-13-br/gantry-v2-shared.cdda0aad0eba53be.min.js?cacheKey=gantry-1788679051:46
[   57670ms] [INFO] Sep-06 11:07:14.860 [API-Q] (TNWA8QCGZ) noversion-1788682034.780 Flannel permissions/info is RESOLVED @ https://a.slack-edge.com/bv1-13-br/gantry-v2-shared.cdda0aad0eba53be.min.js?cacheKey=gantry-1788679051:46
[   57670ms] [INFO] Sep-06 11:07:14.861 [UFM-PERMISSIONS] (TNWA8QCGZ) received CAN_AT_CHANNEL,CAN_AT_EVERYONE,ARCHIVE_CHANNEL (1) @ https://a.slack-edge.com/bv1-13-br/gantry-v2-shared.cdda0aad0eba53be.min.js?cacheKey=gantry-1788679051:46
[   57715ms] [INFO] Sep-06 11:07:14.905 [API-Q] (TNWA8QCGZ) noversion-1788682034.843 Flannel users/list is RESOLVED @ https://a.slack-edge.com/bv1-13-br/gantry-v2-shared.cdda0aad0eba53be.min.js?cacheKey=gantry-1788679051:46
[   57719ms] [INFO] Sep-06 11:07:14.910 [API-Q] (TNWA8QCGZ) noversion-1788682034.909 Flannel users/info called with reason: flannel-call:users/info @ https://a.slack-edge.com/bv1-13-br/gantry-v2-shared.cdda0aad0eba53be.min.js?cacheKey=gantry-1788679051:46
[   57719ms] [INFO] Sep-06 11:07:14.910 [API-Q] (TNWA8QCGZ) noversion-1788682034.909 Flannel users/info is ENQUEUED @ https://a.slack-edge.com/bv1-13-br/gantry-v2-shared.cdda0aad0eba53be.min.js?cacheKey=gantry-1788679051:46
[   57719ms] [INFO] Sep-06 11:07:14.910 [API-Q] (TNWA8QCGZ) noversion-1788682034.909 Flannel users/info is ACTIVE @ https://a.slack-edge.com/bv1-13-br/gantry-v2-shared.cdda0aad0eba53be.min.js?cacheKey=gantry-1788679051:46
[   57726ms] [INFO] Sep-06 11:07:14.916 [API-Q] (TNWA8QCGZ) noversion-1788682034.843 Flannel permissions/info is RESOLVED @ https://a.slack-edge.com/bv1-13-br/gantry-v2-shared.cdda0aad0eba53be.min.js?cacheKey=gantry-1788679051:46
[   57779ms] [INFO] Sep-06 11:07:14.969 [API-Q] (TNWA8QCGZ) noversion-1788682034.909 Flannel users/info is RESOLVED @ https://a.slack-edge.com/bv1-13-br/gantry-v2-shared.cdda0aad0eba53be.min.js?cacheKey=gantry-1788679051:46
[   57843ms] [INFO] Sep-06 11:07:15.033 [API-Q] (TNWA8QCGZ) 32962251-1788682034.826 users.interactions.list is RESOLVED @ https://a.slack-edge.com/bv1-13-br/gantry-v2-shared.cdda0aad0eba53be.min.js?cacheKey=gantry-1788679051:46
[   57844ms] [INFO] Sep-06 11:07:15.034 [API-Q] (TNWA8QCGZ) 32962251-1788682034.855 bookmarks.list is RESOLVED @ https://a.slack-edge.com/bv1-13-br/gantry-v2-shared.cdda0aad0eba53be.min.js?cacheKey=gantry-1788679051:46
[   57848ms] [INFO] Sep-06 11:07:15.039 [API-Q] (TNWA8QCGZ) 32962251-1788682034.830 megaphone.notifications.list is RESOLVED @ https://a.slack-edge.com/bv1-13-br/gantry-v2-shared.cdda0aad0eba53be.min.js?cacheKey=gantry-1788679051:46
[   57910ms] [INFO] Sep-06 11:07:15.100 [API-Q] (TNWA8QCGZ) 32962251-1788682034.841 conversations.history is RESOLVED @ https://a.slack-edge.com/bv1-13-br/gantry-v2-shared.cdda0aad0eba53be.min.js?cacheKey=gantry-1788679051:46
[   57914ms] [INFO] Sep-06 11:07:15.105 [PLATFORM-CHANNEL-ACTI] (TNWA8QCGZ) setting count for channel C04JHEXJC4Q to 0, and marking channel as stale. @ https://a.slack-edge.com/bv1-13-br/gantry-v2-shared.cdda0aad0eba53be.min.js?cacheKey=gantry-1788679051:46
[   57916ms] [INFO] Sep-06 11:07:15.106 [PINS] (TNWA8QCGZ) Pins count updated for channel C04JHEXJC4Q: 0 @ https://a.slack-edge.com/bv1-13-br/gantry-v2-shared.cdda0aad0eba53be.min.js?cacheKey=gantry-1788679051:46
[   57917ms] [INFO] Sep-06 11:07:15.108 [CHECK-UNREADS] (TNWA8QCGZ) Not marking C04JHEXJC4Q because last_read >= latest && channel is read @ https://a.slack-edge.com/bv1-13-br/gantry-v2-shared.cdda0aad0eba53be.min.js?cacheKey=gantry-1788679051:46
[   57921ms] [INFO] Sep-06 11:07:15.112 [MESSAGE-LIST] (TNWA8QCGZ) componentWillReceiveProps isLoading: false isLoadingOlder: false timestamps: 28 @ https://a.slack-edge.com/bv1-13-br/gantry-v2-shared.cdda0aad0eba53be.min.js?cacheKey=gantry-1788679051:46
[   57993ms] [INFO] Sep-06 11:07:15.183 [CHECK-UNREADS] (TNWA8QCGZ) unreadLineVisible updated in main window container primary: false -> true @ https://a.slack-edge.com/bv1-13-br/gantry-v2-shared.cdda0aad0eba53be.min.js?cacheKey=gantry-1788679051:46
[   58009ms] [INFO] Sep-06 11:07:15.199 [API-Q] (TNWA8QCGZ) noversion-1788682035.199 Flannel channels/membership called with reason: flannel-call:channels/membership @ https://a.slack-edge.com/bv1-13-br/gantry-v2-shared.cdda0aad0eba53be.min.js?cacheKey=gantry-1788679051:46
[   58009ms] [INFO] Sep-06 11:07:15.199 [API-Q] (TNWA8QCGZ) noversion-1788682035.199 Flannel channels/membership is ENQUEUED @ https://a.slack-edge.com/bv1-13-br/gantry-v2-shared.cdda0aad0eba53be.min.js?cacheKey=gantry-1788679051:46
[   58009ms] [INFO] Sep-06 11:07:15.200 [API-Q] (TNWA8QCGZ) noversion-1788682035.199 Flannel channels/membership is ACTIVE @ https://a.slack-edge.com/bv1-13-br/gantry-v2-shared.cdda0aad0eba53be.min.js?cacheKey=gantry-1788679051:46
[   58009ms] [INFO] Sep-06 11:07:15.200 [UFM-MEMBERS] (TNWA8QCGZ) requesting U0BUADZ249Y,U09A1G8H6R5,U0B1S48PZ9T,U057A3K292P,U08N5BMPA1J,U019JFJ4A7P,U01D996DY3Y,U099UMNDKSA,U0BAL17JV6J,U0BDYH7GWQ1,U091E5QALTS,U05P7FBJ3DH,U09KLRHQ82J,U07MK3Q66N7,U08JWBZGWMT,U05R5KXUXEK,U06CFLHRNF4,U0ACE0NAVEK,U0BC89QDZGE,U0A5VF6LUN7,U07E5VD5E87,U0697E3RVNX,U09L0RY2NBD,U07AHD11G2Y (1) @ https://a.slack-edge.com/bv1-13-br/gantry-v2-shared.cdda0aad0eba53be.min.js?cacheKey=gantry-1788679051:46
[   58009ms] [INFO] Sep-06 11:07:15.200 [API-Q] (TNWA8QCGZ) noversion-1788682035.200 Flannel users/info called with reason: flannel-call:users/info @ https://a.slack-edge.com/bv1-13-br/gantry-v2-shared.cdda0aad0eba53be.min.js?cacheKey=gantry-1788679051:46
[   58009ms] [INFO] Sep-06 11:07:15.200 [API-Q] (TNWA8QCGZ) noversion-1788682035.200 Flannel users/info is ENQUEUED @ https://a.slack-edge.com/bv1-13-br/gantry-v2-shared.cdda0aad0eba53be.min.js?cacheKey=gantry-1788679051:46
[   58010ms] [INFO] Sep-06 11:07:15.200 [API-Q] (TNWA8QCGZ) noversion-1788682035.200 Flannel users/info is ACTIVE @ https://a.slack-edge.com/bv1-13-br/gantry-v2-shared.cdda0aad0eba53be.min.js?cacheKey=gantry-1788679051:46
[   58010ms] [INFO] Sep-06 11:07:15.200 [UFM-FLANNELEMOJI] (TNWA8QCGZ) requesting 2 objects (1) @ https://a.slack-edge.com/bv1-13-br/gantry-v2-shared.cdda0aad0eba53be.min.js?cacheKey=gantry-1788679051:46
[   58010ms] [INFO] Sep-06 11:07:15.201 [API-Q] (TNWA8QCGZ) noversion-1788682035.200 Flannel emojis/info called with reason: flannel-call:emojis/info @ https://a.slack-edge.com/bv1-13-br/gantry-v2-shared.cdda0aad0eba53be.min.js?cacheKey=gantry-1788679051:46
[   58010ms] [INFO] Sep-06 11:07:15.201 [API-Q] (TNWA8QCGZ) noversion-1788682035.200 Flannel emojis/info is ENQUEUED @ https://a.slack-edge.com/bv1-13-br/gantry-v2-shared.cdda0aad0eba53be.min.js?cacheKey=gantry-1788679051:46
[   58010ms] [INFO] Sep-06 11:07:15.201 [API-Q] (TNWA8QCGZ) noversion-1788682035.200 Flannel emojis/info is ACTIVE @ https://a.slack-edge.com/bv1-13-br/gantry-v2-shared.cdda0aad0eba53be.min.js?cacheKey=gantry-1788679051:46
[   58010ms] [INFO] Sep-06 11:07:15.201 [UFM-REACJITRIGGERS] (TNWA8QCGZ) requesting C04JHEXJC4Q (1) @ https://a.slack-edge.com/bv1-13-br/gantry-v2-shared.cdda0aad0eba53be.min.js?cacheKey=gantry-1788679051:46
[   58011ms] [INFO] Sep-06 11:07:15.201 [API-Q] (TNWA8QCGZ) 32962251-1788682035.201 conversations.bulkReacjiTriggers called with reason: reacji_triggers_ufm @ https://a.slack-edge.com/bv1-13-br/gantry-v2-shared.cdda0aad0eba53be.min.js?cacheKey=gantry-1788679051:46
[   58011ms] [INFO] Sep-06 11:07:15.202 [API-Q] (TNWA8QCGZ) 32962251-1788682035.201 conversations.bulkReacjiTriggers is ENQUEUED @ https://a.slack-edge.com/bv1-13-br/gantry-v2-shared.cdda0aad0eba53be.min.js?cacheKey=gantry-1788679051:46
[   58011ms] [INFO] Sep-06 11:07:15.202 [API-Q] (TNWA8QCGZ) 32962251-1788682035.201 conversations.bulkReacjiTriggers is ACTIVE @ https://a.slack-edge.com/bv1-13-br/gantry-v2-shared.cdda0aad0eba53be.min.js?cacheKey=gantry-1788679051:46
[   58012ms] [INFO] Sep-06 11:07:15.202 [UFM-MESSAGES] (TNWA8QCGZ) requesting CTT84KXK9-1788352908.114869 (1) @ https://a.slack-edge.com/bv1-13-br/gantry-v2-shared.cdda0aad0eba53be.min.js?cacheKey=gantry-1788679051:46
[   58012ms] [INFO] Sep-06 11:07:15.203 [API-Q] (TNWA8QCGZ) 32962251-1788682035.203 messages.list called with reason: messages-ufm @ https://a.slack-edge.com/bv1-13-br/gantry-v2-shared.cdda0aad0eba53be.min.js?cacheKey=gantry-1788679051:46
[   58012ms] [INFO] Sep-06 11:07:15.203 [API-Q] (TNWA8QCGZ) 32962251-1788682035.203 messages.list is ENQUEUED @ https://a.slack-edge.com/bv1-13-br/gantry-v2-shared.cdda0aad0eba53be.min.js?cacheKey=gantry-1788679051:46
[   58013ms] [INFO] Sep-06 11:07:15.203 [API-Q] (TNWA8QCGZ) 32962251-1788682035.203 messages.list is ACTIVE @ https://a.slack-edge.com/bv1-13-br/gantry-v2-shared.cdda0aad0eba53be.min.js?cacheKey=gantry-1788679051:46
[   58072ms] [INFO] Sep-06 11:07:15.262 [API-Q] (TNWA8QCGZ) noversion-1788682035.200 Flannel users/info is RESOLVED @ https://a.slack-edge.com/bv1-13-br/gantry-v2-shared.cdda0aad0eba53be.min.js?cacheKey=gantry-1788679051:46
[   58072ms] [INFO] Sep-06 11:07:15.263 [UFM-MEMBERS] (TNWA8QCGZ) received U0BUADZ249Y,U09A1G8H6R5,U0B1S48PZ9T,U057A3K292P,U08N5BMPA1J,U019JFJ4A7P,U01D996DY3Y,U099UMNDKSA,U0BAL17JV6J,U0BDYH7GWQ1,U091E5QALTS,U05P7FBJ3DH,U09KLRHQ82J,U07MK3Q66N7,U08JWBZGWMT,U05R5KXUXEK,U06CFLHRNF4,U0ACE0NAVEK,U0BC89QDZGE,U0A5VF6LUN7,U07E5VD5E87,U0697E3RVNX,U09L0RY2NBD,U07AHD11G2Y (1) @ https://a.slack-edge.com/bv1-13-br/gantry-v2-shared.cdda0aad0eba53be.min.js?cacheKey=gantry-1788679051:46
[   58074ms] [INFO] Sep-06 11:07:15.264 [API-Q] (TNWA8QCGZ) noversion-1788682035.200 Flannel emojis/info is RESOLVED @ https://a.slack-edge.com/bv1-13-br/gantry-v2-shared.cdda0aad0eba53be.min.js?cacheKey=gantry-1788679051:46
[   58074ms] [INFO] Sep-06 11:07:15.264 [UFM-FLANNELEMOJI] (TNWA8QCGZ) received 2 objects (1) @ https://a.slack-edge.com/bv1-13-br/gantry-v2-shared.cdda0aad0eba53be.min.js?cacheKey=gantry-1788679051:46
[   58095ms] [INFO] Sep-06 11:07:15.285 [DND_V2] (TNWA8QCGZ) fetchAndUpsertDndForUsers - Preparing to fetch DND times for the following members: U0B1S48PZ9T,U09A1G8H6R5,U0BUADZ249Y @ https://a.slack-edge.com/bv1-13-br/gantry-v2-shared.cdda0aad0eba53be.min.js?cacheKey=gantry-1788679051:46
[   58095ms] [INFO] Sep-06 11:07:15.286 [API-Q] (TNWA8QCGZ) 32962251-1788682035.286 dnd.teamInfo called with reason: fetchAndUpsertDndForUsers-getDndTimesFor:others @ https://a.slack-edge.com/bv1-13-br/gantry-v2-shared.cdda0aad0eba53be.min.js?cacheKey=gantry-1788679051:46
[   58095ms] [INFO] Sep-06 11:07:15.286 [API-Q] (TNWA8QCGZ) 32962251-1788682035.286 dnd.teamInfo is ENQUEUED @ https://a.slack-edge.com/bv1-13-br/gantry-v2-shared.cdda0aad0eba53be.min.js?cacheKey=gantry-1788679051:46
[   58096ms] [INFO] Sep-06 11:07:15.286 [API-Q] (TNWA8QCGZ) 32962251-1788682035.286 dnd.teamInfo is ACTIVE @ https://a.slack-edge.com/bv1-13-br/gantry-v2-shared.cdda0aad0eba53be.min.js?cacheKey=gantry-1788679051:46
[   58198ms] [INFO] Sep-06 11:07:15.389 [API-Q] (TNWA8QCGZ) 32962251-1788682035.201 conversations.bulkReacjiTriggers is RESOLVED @ https://a.slack-edge.com/bv1-13-br/gantry-v2-shared.cdda0aad0eba53be.min.js?cacheKey=gantry-1788679051:46
[   58198ms] [INFO] Sep-06 11:07:15.389 [UFM-REACJITRIGGERS] (TNWA8QCGZ) received C04JHEXJC4Q (1) @ https://a.slack-edge.com/bv1-13-br/gantry-v2-shared.cdda0aad0eba53be.min.js?cacheKey=gantry-1788679051:46
[   58208ms] [INFO] Sep-06 11:07:15.399 [API-Q] (TNWA8QCGZ) 32962251-1788682035.203 messages.list is RESOLVED @ https://a.slack-edge.com/bv1-13-br/gantry-v2-shared.cdda0aad0eba53be.min.js?cacheKey=gantry-1788679051:46
[   58209ms] [INFO] Sep-06 11:07:15.399 [UFM-MESSAGES] (TNWA8QCGZ) received CTT84KXK9-1788352908.114869 (1) @ https://a.slack-edge.com/bv1-13-br/gantry-v2-shared.cdda0aad0eba53be.min.js?cacheKey=gantry-1788679051:46
[   58222ms] [INFO] Sep-06 11:07:15.412 [API-Q] (TNWA8QCGZ) noversion-1788682035.412 Flannel channels/membership called with reason: flannel-call:channels/membership @ https://a.slack-edge.com/bv1-13-br/gantry-v2-shared.cdda0aad0eba53be.min.js?cacheKey=gantry-1788679051:46
[   58222ms] [INFO] Sep-06 11:07:15.412 [API-Q] (TNWA8QCGZ) noversion-1788682035.412 Flannel channels/membership is ENQUEUED @ https://a.slack-edge.com/bv1-13-br/gantry-v2-shared.cdda0aad0eba53be.min.js?cacheKey=gantry-1788679051:46
[   58222ms] [INFO] Sep-06 11:07:15.412 [API-Q] (TNWA8QCGZ) noversion-1788682035.412 Flannel channels/membership is ACTIVE @ https://a.slack-edge.com/bv1-13-br/gantry-v2-shared.cdda0aad0eba53be.min.js?cacheKey=gantry-1788679051:46
[   58296ms] [INFO] Sep-06 11:07:15.486 [API-Q] (TNWA8QCGZ) 32962251-1788682035.286 dnd.teamInfo is RESOLVED @ https://a.slack-edge.com/bv1-13-br/gantry-v2-shared.cdda0aad0eba53be.min.js?cacheKey=gantry-1788679051:46
[   58296ms] [INFO] Sep-06 11:07:15.486 [DND] (TNWA8QCGZ) Fetched DND info for the following members: U0B1S48PZ9T,U09A1G8H6R5,U0BUADZ249Y @ https://a.slack-edge.com/bv1-13-br/gantry-v2-shared.cdda0aad0eba53be.min.js?cacheKey=gantry-1788679051:46
[   58296ms] [INFO] Sep-06 11:07:15.487 [DND_V2] (TNWA8QCGZ) Will check for changes in DND status again in 5 minutes @ https://a.slack-edge.com/bv1-13-br/gantry-v2-shared.cdda0aad0eba53be.min.js?cacheKey=gantry-1788679051:46
[   58355ms] [INFO] Sep-06 11:07:15.545 [CHECK-UNREADS] (TNWA8QCGZ) Checking unreads after unread line became visible @ https://a.slack-edge.com/bv1-13-br/gantry-v2-shared.cdda0aad0eba53be.min.js?cacheKey=gantry-1788679051:46
[   58355ms] [INFO] Sep-06 11:07:15.545 [CHECK-UNREADS] (TNWA8QCGZ) Not marking C04JHEXJC4Q because last_read >= latest && channel is read @ https://a.slack-edge.com/bv1-13-br/gantry-v2-shared.cdda0aad0eba53be.min.js?cacheKey=gantry-1788679051:46
[   58397ms] [INFO] Sep-06 11:07:15.587 [API-Q] (TNWA8QCGZ) noversion-1788682035.412 Flannel channels/membership is RESOLVED @ https://a.slack-edge.com/bv1-13-br/gantry-v2-shared.cdda0aad0eba53be.min.js?cacheKey=gantry-1788679051:46
[   58399ms] [INFO] Sep-06 11:07:15.590 [API-Q] (TNWA8QCGZ) noversion-1788682035.199 Flannel channels/membership is RESOLVED @ https://a.slack-edge.com/bv1-13-br/gantry-v2-shared.cdda0aad0eba53be.min.js?cacheKey=gantry-1788679051:46
[   58761ms] [INFO] Sep-06 11:07:15.951 [API-Q] (TNWA8QCGZ) noversion-1788682035.951 Flannel users/info called with reason: flannel-call:users/info @ https://a.slack-edge.com/bv1-13-br/gantry-v2-shared.cdda0aad0eba53be.min.js?cacheKey=gantry-1788679051:46
[   58761ms] [INFO] Sep-06 11:07:15.951 [API-Q] (TNWA8QCGZ) noversion-1788682035.951 Flannel users/info is ENQUEUED @ https://a.slack-edge.com/bv1-13-br/gantry-v2-shared.cdda0aad0eba53be.min.js?cacheKey=gantry-1788679051:46
[   58761ms] [INFO] Sep-06 11:07:15.952 [API-Q] (TNWA8QCGZ) noversion-1788682035.951 Flannel users/info is ACTIVE @ https://a.slack-edge.com/bv1-13-br/gantry-v2-shared.cdda0aad0eba53be.min.js?cacheKey=gantry-1788679051:46
[   58821ms] [INFO] Sep-06 11:07:16.012 [API-Q] (TNWA8QCGZ) noversion-1788682035.951 Flannel users/info is RESOLVED @ https://a.slack-edge.com/bv1-13-br/gantry-v2-shared.cdda0aad0eba53be.min.js?cacheKey=gantry-1788679051:46
[   59242ms] [ERROR] Failed to load resource: the server responded with a status of 503 () @ https://slackb.com/traces/v1/list_of_spans/json:0
[   59243ms] [ERROR] Failed to load resource: the server responded with a status of 503 () @ https://slackb.com/traces/v1/list_of_spans/json:0
[   59309ms] [INFO] Sep-06 11:07:16.499 [API-Q] (TNWA8QCGZ) 32962251-1788682036.499 saved.list called with reason: saved-api/savedList @ https://a.slack-edge.com/bv1-13-br/gantry-v2-shared.cdda0aad0eba53be.min.js?cacheKey=gantry-1788679051:46
[   59309ms] [INFO] Sep-06 11:07:16.499 [API-Q] (TNWA8QCGZ) 32962251-1788682036.499 saved.list is ENQUEUED @ https://a.slack-edge.com/bv1-13-br/gantry-v2-shared.cdda0aad0eba53be.min.js?cacheKey=gantry-1788679051:46
[   59309ms] [INFO] Sep-06 11:07:16.499 [API-Q] (TNWA8QCGZ) 32962251-1788682036.499 saved.list is ACTIVE @ https://a.slack-edge.com/bv1-13-br/gantry-v2-shared.cdda0aad0eba53be.min.js?cacheKey=gantry-1788679051:46
[   59316ms] [INFO] Sep-06 11:07:16.506 [UFM-FLANNELEMOJI] (TNWA8QCGZ) requesting 1 objects (1) @ https://a.slack-edge.com/bv1-13-br/gantry-v2-shared.cdda0aad0eba53be.min.js?cacheKey=gantry-1788679051:46
[   59316ms] [INFO] Sep-06 11:07:16.506 [API-Q] (TNWA8QCGZ) noversion-1788682036.506 Flannel emojis/info called with reason: flannel-call:emojis/info @ https://a.slack-edge.com/bv1-13-br/gantry-v2-shared.cdda0aad0eba53be.min.js?cacheKey=gantry-1788679051:46
[   59316ms] [INFO] Sep-06 11:07:16.506 [API-Q] (TNWA8QCGZ) noversion-1788682036.506 Flannel emojis/info is ENQUEUED @ https://a.slack-edge.com/bv1-13-br/gantry-v2-shared.cdda0aad0eba53be.min.js?cacheKey=gantry-1788679051:46
[   59316ms] [INFO] Sep-06 11:07:16.506 [API-Q] (TNWA8QCGZ) noversion-1788682036.506 Flannel emojis/info is ACTIVE @ https://a.slack-edge.com/bv1-13-br/gantry-v2-shared.cdda0aad0eba53be.min.js?cacheKey=gantry-1788679051:46
[   59377ms] [INFO] Sep-06 11:07:16.567 [API-Q] (TNWA8QCGZ) noversion-1788682036.506 Flannel emojis/info is RESOLVED @ https://a.slack-edge.com/bv1-13-br/gantry-v2-shared.cdda0aad0eba53be.min.js?cacheKey=gantry-1788679051:46
[   59377ms] [INFO] Sep-06 11:07:16.568 [UFM-FLANNELEMOJI] (TNWA8QCGZ) received 1 objects (1) @ https://a.slack-edge.com/bv1-13-br/gantry-v2-shared.cdda0aad0eba53be.min.js?cacheKey=gantry-1788679051:46
[   59498ms] [INFO] Sep-06 11:07:16.689 [API-Q] (TNWA8QCGZ) 32962251-1788682036.499 saved.list is RESOLVED @ https://a.slack-edge.com/bv1-13-br/gantry-v2-shared.cdda0aad0eba53be.min.js?cacheKey=gantry-1788679051:46
[   75604ms] [INFO] Sep-06 11:07:32.794 [API-Q] (TNWA8QCGZ) 32962251-1788682052.794 chat.slugifyUrl called with reason: link-paste-slugify @ https://a.slack-edge.com/bv1-13-br/gantry-v2-shared.cdda0aad0eba53be.min.js?cacheKey=gantry-1788679051:46
[   75604ms] [INFO] Sep-06 11:07:32.795 [API-Q] (TNWA8QCGZ) 32962251-1788682052.794 chat.slugifyUrl is ENQUEUED @ https://a.slack-edge.com/bv1-13-br/gantry-v2-shared.cdda0aad0eba53be.min.js?cacheKey=gantry-1788679051:46
[   75614ms] [INFO] Sep-06 11:07:32.804 [API-Q] (TNWA8QCGZ) 32962251-1788682052.794 chat.slugifyUrl is ACTIVE @ https://a.slack-edge.com/bv1-13-br/gantry-v2-shared.cdda0aad0eba53be.min.js?cacheKey=gantry-1788679051:46
[   75620ms] [INFO] Sep-06 11:07:32.810 [DRAFTS] (TNWA8QCGZ) Storing draft changes locally - C04JHEXJC4Q @ https://a.slack-edge.com/bv1-13-br/gantry-v2-shared.cdda0aad0eba53be.min.js?cacheKey=gantry-1788679051:46
[   75621ms] [INFO] Sep-06 11:07:32.812 [API-Q] (TNWA8QCGZ) 32962251-1788682052.812 chat.unfurlLink called with reason: fetch-unfurl-preview @ https://a.slack-edge.com/bv1-13-br/gantry-v2-shared.cdda0aad0eba53be.min.js?cacheKey=gantry-1788679051:46
[   75622ms] [INFO] Sep-06 11:07:32.812 [API-Q] (TNWA8QCGZ) 32962251-1788682052.812 chat.unfurlLink is ENQUEUED @ https://a.slack-edge.com/bv1-13-br/gantry-v2-shared.cdda0aad0eba53be.min.js?cacheKey=gantry-1788679051:46
[   75622ms] [INFO] Sep-06 11:07:32.812 [API-Q] (TNWA8QCGZ) 32962251-1788682052.812 chat.unfurlLink is ACTIVE @ https://a.slack-edge.com/bv1-13-br/gantry-v2-shared.cdda0aad0eba53be.min.js?cacheKey=gantry-1788679051:46
[   75812ms] [INFO] Sep-06 11:07:33.002 [API-Q] (TNWA8QCGZ) 32962251-1788682052.794 chat.slugifyUrl is RESOLVED @ https://a.slack-edge.com/bv1-13-br/gantry-v2-shared.cdda0aad0eba53be.min.js?cacheKey=gantry-1788679051:46
[   75840ms] [INFO] Sep-06 11:07:33.031 [API-Q] (TNWA8QCGZ) 32962251-1788682052.812 chat.unfurlLink is RESOLVED @ https://a.slack-edge.com/bv1-13-br/gantry-v2-shared.cdda0aad0eba53be.min.js?cacheKey=gantry-1788679051:46
[   76815ms] [INFO] Sep-06 11:07:34.005 [DRAFTS] (TNWA8QCGZ) Storing draft changes locally - C04JHEXJC4Q @ https://a.slack-edge.com/bv1-13-br/gantry-v2-shared.cdda0aad0eba53be.min.js?cacheKey=gantry-1788679051:46
[   77599ms] [INFO] Sep-06 11:07:34.789 [MESSAGEPANEINPUT] (TNWA8QCGZ) Initiating message sending @ https://a.slack-edge.com/bv1-13-br/gantry-v2-shared.cdda0aad0eba53be.min.js?cacheKey=gantry-1788679051:46
[   77599ms] [INFO] Sep-06 11:07:34.790 [DRAFTS] Cancelling a pending draft sync - C04JHEXJC4Q @ https://a.slack-edge.com/bv1-13-br/gantry-v2-shared.cdda0aad0eba53be.min.js?cacheKey=gantry-1788679051:46
[   77600ms] [INFO] Sep-06 11:07:34.790 [DRAFTS] (TNWA8QCGZ) Clearing a local draft - C04JHEXJC4Q (reason: MessagePaneInput:sendMessage) @ https://a.slack-edge.com/bv1-13-br/gantry-v2-shared.cdda0aad0eba53be.min.js?cacheKey=gantry-1788679051:46
[   77608ms] [INFO] Sep-06 11:07:34.798 [API-Q] (TNWA8QCGZ) 32962251-1788682054.797 onboarding.updateUser called with reason: message_suggestions_complete @ https://a.slack-edge.com/bv1-13-br/gantry-v2-shared.cdda0aad0eba53be.min.js?cacheKey=gantry-1788679051:46
[   77608ms] [INFO] Sep-06 11:07:34.798 [API-Q] (TNWA8QCGZ) 32962251-1788682054.797 onboarding.updateUser is ENQUEUED @ https://a.slack-edge.com/bv1-13-br/gantry-v2-shared.cdda0aad0eba53be.min.js?cacheKey=gantry-1788679051:46
[   77608ms] [INFO] Sep-06 11:07:34.799 [API-Q] (TNWA8QCGZ) 32962251-1788682054.799 onboarding.updateUser called with reason: message_input_cta_complete @ https://a.slack-edge.com/bv1-13-br/gantry-v2-shared.cdda0aad0eba53be.min.js?cacheKey=gantry-1788679051:46
[   77608ms] [INFO] Sep-06 11:07:34.799 [API-Q] (TNWA8QCGZ) 32962251-1788682054.799 onboarding.updateUser is ENQUEUED @ https://a.slack-edge.com/bv1-13-br/gantry-v2-shared.cdda0aad0eba53be.min.js?cacheKey=gantry-1788679051:46
[   77609ms] [INFO] Sep-06 11:07:34.799 [API-Q] (TNWA8QCGZ) 32962251-1788682054.799 onboarding.updateUser called with reason: has_sent_first_message @ https://a.slack-edge.com/bv1-13-br/gantry-v2-shared.cdda0aad0eba53be.min.js?cacheKey=gantry-1788679051:46
[   77609ms] [INFO] Sep-06 11:07:34.799 [API-Q] (TNWA8QCGZ) 32962251-1788682054.799 onboarding.updateUser is ENQUEUED @ https://a.slack-edge.com/bv1-13-br/gantry-v2-shared.cdda0aad0eba53be.min.js?cacheKey=gantry-1788679051:46
[   77609ms] [INFO] Sep-06 11:07:34.800 [API-Q] (TNWA8QCGZ) 32962251-1788682054.800 inprodsurveys.get called with reason: attempt-to-trigger-user-expectations-survey @ https://a.slack-edge.com/bv1-13-br/gantry-v2-shared.cdda0aad0eba53be.min.js?cacheKey=gantry-1788679051:46
[   77609ms] [INFO] Sep-06 11:07:34.800 [API-Q] (TNWA8QCGZ) 32962251-1788682054.800 inprodsurveys.get is ENQUEUED @ https://a.slack-edge.com/bv1-13-br/gantry-v2-shared.cdda0aad0eba53be.min.js?cacheKey=gantry-1788679051:46
[   77610ms] [INFO] Sep-06 11:07:34.800 [ACTION:MESSAGE] (TNWA8QCGZ) Sent a message to C04JHEXJC4Q via HTTP, clientMsgId: 16e2298b-0d28-474d-8e0b-72b8a6998757 @ https://a.slack-edge.com/bv1-13-br/gantry-v2-shared.cdda0aad0eba53be.min.js?cacheKey=gantry-1788679051:46
[   77610ms] [INFO] Sep-06 11:07:34.800 [UNFURL] (TNWA8QCGZ) send clientMsgId=16e2298b-0d28-474d-8e0b-72b8a6998757 channel=C04JHEXJC4Q requested=1 shown=1 hidden=0 @ https://a.slack-edge.com/bv1-13-br/gantry-v2-shared.cdda0aad0eba53be.min.js?cacheKey=gantry-1788679051:46
[   77610ms] [INFO] Sep-06 11:07:34.801 [ACTION:MESSAGE-Q] (TNWA8QCGZ) Enqueueing message with clientMsgId 16e2298b-0d28-474d-8e0b-72b8a6998757, queue has 1 messages @ https://a.slack-edge.com/bv1-13-br/gantry-v2-shared.cdda0aad0eba53be.min.js?cacheKey=gantry-1788679051:46
[   77610ms] [INFO] Sep-06 11:07:34.801 [ACTION:MESSAGE-Q] (TNWA8QCGZ) Sending message with clientMsgId 16e2298b-0d28-474d-8e0b-72b8a6998757 @ https://a.slack-edge.com/bv1-13-br/gantry-v2-shared.cdda0aad0eba53be.min.js?cacheKey=gantry-1788679051:46
[   77611ms] [INFO] Sep-06 11:07:34.801 [API-Q] (TNWA8QCGZ) 32962251-1788682054.801 chat.postMessage called with reason: webapp_message_send @ https://a.slack-edge.com/bv1-13-br/gantry-v2-shared.cdda0aad0eba53be.min.js?cacheKey=gantry-1788679051:46
[   77611ms] [INFO] Sep-06 11:07:34.801 [API-Q] (TNWA8QCGZ) 32962251-1788682054.801 chat.postMessage is ENQUEUED @ https://a.slack-edge.com/bv1-13-br/gantry-v2-shared.cdda0aad0eba53be.min.js?cacheKey=gantry-1788679051:46
[   77611ms] [INFO] Sep-06 11:07:34.801 [ACTION:MESSAGE-Q] (TNWA8QCGZ) Shifting queue, now has 0 messages @ https://a.slack-edge.com/bv1-13-br/gantry-v2-shared.cdda0aad0eba53be.min.js?cacheKey=gantry-1788679051:46
[   77616ms] [INFO] Sep-06 11:07:34.806 [CHECK-UNREADS] (TNWA8QCGZ) Not marking C04JHEXJC4Q because last_read >= latest && channel is read @ https://a.slack-edge.com/bv1-13-br/gantry-v2-shared.cdda0aad0eba53be.min.js?cacheKey=gantry-1788679051:46
[   77616ms] [INFO] Sep-06 11:07:34.806 [API-Q] (TNWA8QCGZ) 32962251-1788682054.797 onboarding.updateUser is ACTIVE @ https://a.slack-edge.com/bv1-13-br/gantry-v2-shared.cdda0aad0eba53be.min.js?cacheKey=gantry-1788679051:46
[   77616ms] [INFO] Sep-06 11:07:34.807 [API-Q] (TNWA8QCGZ) 32962251-1788682054.799 onboarding.updateUser is ACTIVE @ https://a.slack-edge.com/bv1-13-br/gantry-v2-shared.cdda0aad0eba53be.min.js?cacheKey=gantry-1788679051:46
[   77617ms] [INFO] Sep-06 11:07:34.807 [API-Q] (TNWA8QCGZ) 32962251-1788682054.799 onboarding.updateUser is ACTIVE @ https://a.slack-edge.com/bv1-13-br/gantry-v2-shared.cdda0aad0eba53be.min.js?cacheKey=gantry-1788679051:46
[   77617ms] [INFO] Sep-06 11:07:34.808 [API-Q] (TNWA8QCGZ) 32962251-1788682054.800 inprodsurveys.get is ACTIVE @ https://a.slack-edge.com/bv1-13-br/gantry-v2-shared.cdda0aad0eba53be.min.js?cacheKey=gantry-1788679051:46
[   77617ms] [INFO] Sep-06 11:07:34.808 [API-Q] (TNWA8QCGZ) 32962251-1788682054.801 chat.postMessage is ACTIVE @ https://a.slack-edge.com/bv1-13-br/gantry-v2-shared.cdda0aad0eba53be.min.js?cacheKey=gantry-1788679051:46
[   77650ms] [INFO] Sep-06 11:07:34.841 [CHECK-UNREADS] (TNWA8QCGZ) unreadLineVisible updated in main window container primary: true -> false @ https://a.slack-edge.com/bv1-13-br/gantry-v2-shared.cdda0aad0eba53be.min.js?cacheKey=gantry-1788679051:46
[   77661ms] [INFO] Sep-06 11:07:34.851 [UFM-PERMISSIONS] (TNWA8QCGZ) requesting DELETE_OWN_MESSAGE (1) @ https://a.slack-edge.com/bv1-13-br/gantry-v2-shared.cdda0aad0eba53be.min.js?cacheKey=gantry-1788679051:46
[   77661ms] [INFO] Sep-06 11:07:34.852 [API-Q] (TNWA8QCGZ) noversion-1788682054.852 Flannel permissions/info called with reason: flannel-call:permissions/info @ https://a.slack-edge.com/bv1-13-br/gantry-v2-shared.cdda0aad0eba53be.min.js?cacheKey=gantry-1788679051:46
[   77661ms] [INFO] Sep-06 11:07:34.852 [API-Q] (TNWA8QCGZ) noversion-1788682054.852 Flannel permissions/info is ENQUEUED @ https://a.slack-edge.com/bv1-13-br/gantry-v2-shared.cdda0aad0eba53be.min.js?cacheKey=gantry-1788679051:46
[   77662ms] [INFO] Sep-06 11:07:34.852 [API-Q] (TNWA8QCGZ) noversion-1788682054.852 Flannel permissions/info is ACTIVE @ https://a.slack-edge.com/bv1-13-br/gantry-v2-shared.cdda0aad0eba53be.min.js?cacheKey=gantry-1788679051:46
[   77733ms] [INFO] Sep-06 11:07:34.923 [API-Q] (TNWA8QCGZ) noversion-1788682054.852 Flannel permissions/info is RESOLVED @ https://a.slack-edge.com/bv1-13-br/gantry-v2-shared.cdda0aad0eba53be.min.js?cacheKey=gantry-1788679051:46
[   77733ms] [INFO] Sep-06 11:07:34.924 [UFM-PERMISSIONS] (TNWA8QCGZ) received DELETE_OWN_MESSAGE (1) @ https://a.slack-edge.com/bv1-13-br/gantry-v2-shared.cdda0aad0eba53be.min.js?cacheKey=gantry-1788679051:46
[   77807ms] [INFO] Sep-06 11:07:34.997 [API-Q] (TNWA8QCGZ) 32962251-1788682054.800 inprodsurveys.get is RESOLVED @ https://a.slack-edge.com/bv1-13-br/gantry-v2-shared.cdda0aad0eba53be.min.js?cacheKey=gantry-1788679051:46
[   77811ms] [INFO] Sep-06 11:07:35.001 [API-Q] (TNWA8QCGZ) 32962251-1788682055.001 users.prefs.set called with reason: prefs-api/setUserPrefByApi @ https://a.slack-edge.com/bv1-13-br/gantry-v2-shared.cdda0aad0eba53be.min.js?cacheKey=gantry-1788679051:46
[   77811ms] [INFO] Sep-06 11:07:35.002 [API-Q] (TNWA8QCGZ) 32962251-1788682055.001 users.prefs.set is ENQUEUED @ https://a.slack-edge.com/bv1-13-br/gantry-v2-shared.cdda0aad0eba53be.min.js?cacheKey=gantry-1788679051:46
[   77811ms] [INFO] Sep-06 11:07:35.002 [API-Q] (TNWA8QCGZ) 32962251-1788682055.001 users.prefs.set is ACTIVE @ https://a.slack-edge.com/bv1-13-br/gantry-v2-shared.cdda0aad0eba53be.min.js?cacheKey=gantry-1788679051:46
[   77815ms] [INFO] Sep-06 11:07:35.006 [API-Q] (TNWA8QCGZ) 32962251-1788682054.797 onboarding.updateUser is RESOLVED @ https://a.slack-edge.com/bv1-13-br/gantry-v2-shared.cdda0aad0eba53be.min.js?cacheKey=gantry-1788679051:46
[   77816ms] [INFO] Sep-06 11:07:35.006 [API-Q] (TNWA8QCGZ) 32962251-1788682054.799 onboarding.updateUser is RESOLVED @ https://a.slack-edge.com/bv1-13-br/gantry-v2-shared.cdda0aad0eba53be.min.js?cacheKey=gantry-1788679051:46
[   77816ms] [INFO] Sep-06 11:07:35.006 [API-Q] (TNWA8QCGZ) 32962251-1788682054.799 onboarding.updateUser is RESOLVED @ https://a.slack-edge.com/bv1-13-br/gantry-v2-shared.cdda0aad0eba53be.min.js?cacheKey=gantry-1788679051:46
[   77824ms] [INFO] Sep-06 11:07:35.014 [ACTION:MESSAGE] (TNWA8QCGZ) Resolved a message with clientMsgId 16e2298b-0d28-474d-8e0b-72b8a6998757 in C04JHEXJC4Q with ts 1788682054.923839 @ https://a.slack-edge.com/bv1-13-br/gantry-v2-shared.cdda0aad0eba53be.min.js?cacheKey=gantry-1788679051:46
[   77825ms] [INFO] Sep-06 11:07:35.016 [ACTION:MESSAGE-Q] (TNWA8QCGZ) Resolving active request with clientMsgId 16e2298b-0d28-474d-8e0b-72b8a6998757 @ https://a.slack-edge.com/bv1-13-br/gantry-v2-shared.cdda0aad0eba53be.min.js?cacheKey=gantry-1788679051:46
[   77826ms] [INFO] Sep-06 11:07:35.016 [NOTIFICATIONS] (TNWA8QCGZ) checkPermission: false @ https://a.slack-edge.com/bv1-13-br/gantry-v2-shared.cdda0aad0eba53be.min.js?cacheKey=gantry-1788679051:46
[   77826ms] [INFO] Sep-06 11:07:35.016 [NOTIFICATIONS] (TNWA8QCGZ) shouldShowNotificationForChannelMessage: '15' @ https://a.slack-edge.com/bv1-13-br/gantry-v2-shared.cdda0aad0eba53be.min.js?cacheKey=gantry-1788679051:46
[   77826ms] [WARNING] Sep-06 11:07:35.017 NOTIFICATIONS (TNWA8QCGZ) Notification (message) suppressed because:
The user did not grant permission to show notifications @ https://a.slack-edge.com/bv1-13-br/gantry-v2-shared.cdda0aad0eba53be.min.js?cacheKey=gantry-1788679051:46
[   77827ms] [INFO] Sep-06 11:07:35.017 [UNREAD-COUNTS] (TNWA8QCGZ) Counting unreads in C04JHEXJC4Q because message removed @ https://a.slack-edge.com/bv1-13-br/gantry-v2-shared.cdda0aad0eba53be.min.js?cacheKey=gantry-1788679051:46
[   77828ms] [INFO] Sep-06 11:07:35.019 [CHECK-UNREADS] (TNWA8QCGZ) unreadLineVisible updated in main window container primary: false -> true @ https://a.slack-edge.com/bv1-13-br/gantry-v2-shared.cdda0aad0eba53be.min.js?cacheKey=gantry-1788679051:46
[   77854ms] [INFO] Sep-06 11:07:35.045 [UFM-MEMBERS] (TNWA8QCGZ) requesting UCHANNELEXPERT (1) @ https://a.slack-edge.com/bv1-13-br/gantry-v2-shared.cdda0aad0eba53be.min.js?cacheKey=gantry-1788679051:46
[   77854ms] [INFO] Sep-06 11:07:35.045 [API-Q] (TNWA8QCGZ) noversion-1788682055.045 Flannel users/info called with reason: flannel-call:users/info @ https://a.slack-edge.com/bv1-13-br/gantry-v2-shared.cdda0aad0eba53be.min.js?cacheKey=gantry-1788679051:46
[   77855ms] [INFO] Sep-06 11:07:35.045 [API-Q] (TNWA8QCGZ) noversion-1788682055.045 Flannel users/info is ENQUEUED @ https://a.slack-edge.com/bv1-13-br/gantry-v2-shared.cdda0aad0eba53be.min.js?cacheKey=gantry-1788679051:46
[   77855ms] [INFO] Sep-06 11:07:35.045 [API-Q] (TNWA8QCGZ) noversion-1788682055.045 Flannel users/info is ACTIVE @ https://a.slack-edge.com/bv1-13-br/gantry-v2-shared.cdda0aad0eba53be.min.js?cacheKey=gantry-1788679051:46
[   77872ms] [INFO] Sep-06 11:07:35.063 [API-Q] (TNWA8QCGZ) 32962251-1788682054.801 chat.postMessage is RESOLVED @ https://a.slack-edge.com/bv1-13-br/gantry-v2-shared.cdda0aad0eba53be.min.js?cacheKey=gantry-1788679051:46
[   77914ms] [INFO] Sep-06 11:07:35.104 [API-Q] (TNWA8QCGZ) noversion-1788682055.045 Flannel users/info is RESOLVED @ https://a.slack-edge.com/bv1-13-br/gantry-v2-shared.cdda0aad0eba53be.min.js?cacheKey=gantry-1788679051:46
[   77924ms] [INFO] Sep-06 11:07:35.114 [UNREAD-COUNTS] (TNWA8QCGZ) Counting unreads in C04JHEXJC4Q because last_read changed to 1788682054.923839 @ https://a.slack-edge.com/bv1-13-br/gantry-v2-shared.cdda0aad0eba53be.min.js?cacheKey=gantry-1788679051:46
[   78004ms] [INFO] Sep-06 11:07:35.194 [API-Q] (TNWA8QCGZ) 32962251-1788682055.001 users.prefs.set is RESOLVED @ https://a.slack-edge.com/bv1-13-br/gantry-v2-shared.cdda0aad0eba53be.min.js?cacheKey=gantry-1788679051:46
[   78116ms] [INFO] Sep-06 11:07:35.307 [CHECK-UNREADS] (TNWA8QCGZ) Not marking C04JHEXJC4Q because last_read >= latest && channel is read @ https://a.slack-edge.com/bv1-13-br/gantry-v2-shared.cdda0aad0eba53be.min.js?cacheKey=gantry-1788679051:46
[   78179ms] [INFO] Sep-06 11:07:35.369 [CHECK-UNREADS] (TNWA8QCGZ) Checking unreads after unread line became visible @ https://a.slack-edge.com/bv1-13-br/gantry-v2-shared.cdda0aad0eba53be.min.js?cacheKey=gantry-1788679051:46
[   78179ms] [INFO] Sep-06 11:07:35.369 [CHECK-UNREADS] (TNWA8QCGZ) Not marking C04JHEXJC4Q because last_read >= latest && channel is read @ https://a.slack-edge.com/bv1-13-br/gantry-v2-shared.cdda0aad0eba53be.min.js?cacheKey=gantry-1788679051:46
[   78414ms] [INFO] Sep-06 11:07:35.605 [API-Q] (TNWA8QCGZ) noversion-1788682055.604 Flannel users/info called with reason: flannel-call:users/info @ https://a.slack-edge.com/bv1-13-br/gantry-v2-shared.cdda0aad0eba53be.min.js?cacheKey=gantry-1788679051:46
[   78414ms] [INFO] Sep-06 11:07:35.605 [API-Q] (TNWA8QCGZ) noversion-1788682055.604 Flannel users/info is ENQUEUED @ https://a.slack-edge.com/bv1-13-br/gantry-v2-shared.cdda0aad0eba53be.min.js?cacheKey=gantry-1788679051:46
[   78414ms] [INFO] Sep-06 11:07:35.605 [API-Q] (TNWA8QCGZ) noversion-1788682055.604 Flannel users/info is ACTIVE @ https://a.slack-edge.com/bv1-13-br/gantry-v2-shared.cdda0aad0eba53be.min.js?cacheKey=gantry-1788679051:46
[   78476ms] [INFO] Sep-06 11:07:35.667 [API-Q] (TNWA8QCGZ) noversion-1788682055.604 Flannel users/info is RESOLVED @ https://a.slack-edge.com/bv1-13-br/gantry-v2-shared.cdda0aad0eba53be.min.js?cacheKey=gantry-1788679051:46
[   79477ms] [INFO] Sep-06 11:07:36.667 [API-Q] (TNWA8QCGZ) noversion-1788682056.667 Flannel users/info called with reason: flannel-call:users/info @ https://a.slack-edge.com/bv1-13-br/gantry-v2-shared.cdda0aad0eba53be.min.js?cacheKey=gantry-1788679051:46
[   79477ms] [INFO] Sep-06 11:07:36.667 [API-Q] (TNWA8QCGZ) noversion-1788682056.667 Flannel users/info is ENQUEUED @ https://a.slack-edge.com/bv1-13-br/gantry-v2-shared.cdda0aad0eba53be.min.js?cacheKey=gantry-1788679051:46
[   79477ms] [INFO] Sep-06 11:07:36.667 [API-Q] (TNWA8QCGZ) noversion-1788682056.667 Flannel users/info is ACTIVE @ https://a.slack-edge.com/bv1-13-br/gantry-v2-shared.cdda0aad0eba53be.min.js?cacheKey=gantry-1788679051:46
[   79537ms] [INFO] Sep-06 11:07:36.728 [API-Q] (TNWA8QCGZ) noversion-1788682056.667 Flannel users/info is RESOLVED @ https://a.slack-edge.com/bv1-13-br/gantry-v2-shared.cdda0aad0eba53be.min.js?cacheKey=gantry-1788679051:46
[   81038ms] [INFO] Sep-06 11:07:38.228 [API-Q] (TNWA8QCGZ) noversion-1788682058.228 Flannel users/info called with reason: flannel-call:users/info @ https://a.slack-edge.com/bv1-13-br/gantry-v2-shared.cdda0aad0eba53be.min.js?cacheKey=gantry-1788679051:46
[   81038ms] [INFO] Sep-06 11:07:38.228 [API-Q] (TNWA8QCGZ) noversion-1788682058.228 Flannel users/info is ENQUEUED @ https://a.slack-edge.com/bv1-13-br/gantry-v2-shared.cdda0aad0eba53be.min.js?cacheKey=gantry-1788679051:46
[   81038ms] [INFO] Sep-06 11:07:38.229 [API-Q] (TNWA8QCGZ) noversion-1788682058.228 Flannel users/info is ACTIVE @ https://a.slack-edge.com/bv1-13-br/gantry-v2-shared.cdda0aad0eba53be.min.js?cacheKey=gantry-1788679051:46
[   81100ms] [INFO] Sep-06 11:07:38.290 [API-Q] (TNWA8QCGZ) noversion-1788682058.228 Flannel users/info is RESOLVED @ https://a.slack-edge.com/bv1-13-br/gantry-v2-shared.cdda0aad0eba53be.min.js?cacheKey=gantry-1788679051:46
[   81100ms] [INFO] Sep-06 11:07:38.290 [UFM-MEMBERS] (TNWA8QCGZ) received UCHANNELEXPERT (1) @ https://a.slack-edge.com/bv1-13-br/gantry-v2-shared.cdda0aad0eba53be.min.js?cacheKey=gantry-1788679051:46
[   81100ms] [WARNING] Sep-06 11:07:38.290 UFM-members (TNWA8QCGZ) UnknownFetchManager requested 1 objects but received 0. Missing objects: UCHANNELEXPERT @ https://a.slack-edge.com/bv1-13-br/gantry-v2-shared.cdda0aad0eba53be.min.js?cacheKey=gantry-1788679051:46
[   81103ms] [INFO] Sep-06 11:07:38.294 [API-Q] (TNWA8QCGZ) noversion-1788682058.294 Flannel users/info called with reason: flannel-call:users/info @ https://a.slack-edge.com/bv1-13-br/gantry-v2-shared.cdda0aad0eba53be.min.js?cacheKey=gantry-1788679051:46
[   81103ms] [INFO] Sep-06 11:07:38.294 [API-Q] (TNWA8QCGZ) noversion-1788682058.294 Flannel users/info is ENQUEUED @ https://a.slack-edge.com/bv1-13-br/gantry-v2-shared.cdda0aad0eba53be.min.js?cacheKey=gantry-1788679051:46
[   81103ms] [INFO] Sep-06 11:07:38.294 [API-Q] (TNWA8QCGZ) noversion-1788682058.294 Flannel users/info is ACTIVE @ https://a.slack-edge.com/bv1-13-br/gantry-v2-shared.cdda0aad0eba53be.min.js?cacheKey=gantry-1788679051:46
[   81163ms] [INFO] Sep-06 11:07:38.353 [API-Q] (TNWA8QCGZ) noversion-1788682058.294 Flannel users/info is RESOLVED @ https://a.slack-edge.com/bv1-13-br/gantry-v2-shared.cdda0aad0eba53be.min.js?cacheKey=gantry-1788679051:46
[   92690ms] [INFO] Sep-06 11:07:49.881 [QUIP] (TNWA8QCGZ) Initializing Collab SDK client: preload @ https://a.slack-edge.com/bv1-13-br/gantry-v2-shared.cdda0aad0eba53be.min.js?cacheKey=gantry-1788679051:46
[   92735ms] [INFO] [Diagnostics] Adding window recorder 9a46fa25f992498f9812a4c0f @ https://a.slack-edge.com/bv1-13-br/gantry-v2-async-quip-collab-webapp.4fa94b2c72575241.min.js?cacheKey=gantry-1788679051:3
[   92796ms] [LOG] [WD] All assets have reported back; s: 19; f: 0 @ https://app.slack.com/client/TNWA8QCGZ:0
[   93367ms] [INFO] Sep-06 11:07:50.558 [QUIP] (TNWA8QCGZ) {type: set_current_user_id, timestamp_ms: 1788682070556, user_id: PTb9EAU8RMg} @ https://a.slack-edge.com/bv1-13-br/gantry-v2-shared.cdda0aad0eba53be.min.js?cacheKey=gantry-1788679051:46
[   93368ms] [INFO] Sep-06 11:07:50.558 [QUIP] (TNWA8QCGZ) {type: indexeddb_event, timestamp_ms: 1788682070557, db_type: 0, description: Deleting DB, stack: Error
    at Object.recordEventWithStack (https://…72575241.min.js?cacheKey=gantry-1788679051:2:4114} @ https://a.slack-edge.com/bv1-13-br/gantry-v2-shared.cdda0aad0eba53be.min.js?cacheKey=gantry-1788679051:46
[   93368ms] [WARNING] Sep-06 11:07:50.559 QUIP (TNWA8QCGZ) Deleting IndexedDB database 'quip-test' @ https://a.slack-edge.com/bv1-13-br/gantry-v2-shared.cdda0aad0eba53be.min.js?cacheKey=gantry-1788679051:46
[   93368ms] [WARNING] Sep-06 11:07:50.559 TRACER (TNWA8QCGZ) (canvas:collab-init) was forced closed and marked with the _flush=true tag. @ https://a.slack-edge.com/bv1-13-br/gantry-v2-shared.cdda0aad0eba53be.min.js?cacheKey=gantry-1788679051:46
[   93403ms] [INFO] Sep-06 11:07:50.594 [QUIP] (TNWA8QCGZ) {type: indexeddb_event, timestamp_ms: 1788682070594, db_type: 1, description: Deleting DB, stack: Error
    at Object.recordEventWithStack (https://…28d1a.min.js?cacheKey=gantry-1788679051:20:31764)} @ https://a.slack-edge.com/bv1-13-br/gantry-v2-shared.cdda0aad0eba53be.min.js?cacheKey=gantry-1788679051:46
[   93404ms] [WARNING] Sep-06 11:07:50.594 QUIP (TNWA8QCGZ) Deleting IndexedDB database 'quip' @ https://a.slack-edge.com/bv1-13-br/gantry-v2-shared.cdda0aad0eba53be.min.js?cacheKey=gantry-1788679051:46
[   93405ms] [INFO] Sep-06 11:07:50.595 [QUIP] (TNWA8QCGZ) {type: indexeddb_event, timestamp_ms: 1788682070595, db_type: 2, description: Deleting DB, stack: Error
    at Object.recordEventWithStack (https://…28d1a.min.js?cacheKey=gantry-1788679051:20:31764)} @ https://a.slack-edge.com/bv1-13-br/gantry-v2-shared.cdda0aad0eba53be.min.js?cacheKey=gantry-1788679051:46
[   93405ms] [WARNING] Sep-06 11:07:50.596 QUIP (TNWA8QCGZ) Deleting IndexedDB database 'metrics' @ https://a.slack-edge.com/bv1-13-br/gantry-v2-shared.cdda0aad0eba53be.min.js?cacheKey=gantry-1788679051:46
[   93405ms] [INFO] Sep-06 11:07:50.596 [QUIP] (TNWA8QCGZ) {type: indexeddb_event, timestamp_ms: 1788682070596, db_type: 3, description: Deleting DB, stack: Error
    at Object.recordEventWithStack (https://…28d1a.min.js?cacheKey=gantry-1788679051:20:31764)} @ https://a.slack-edge.com/bv1-13-br/gantry-v2-shared.cdda0aad0eba53be.min.js?cacheKey=gantry-1788679051:46
[   93406ms] [WARNING] Sep-06 11:07:50.596 QUIP (TNWA8QCGZ) Deleting IndexedDB database 'local-storage' @ https://a.slack-edge.com/bv1-13-br/gantry-v2-shared.cdda0aad0eba53be.min.js?cacheKey=gantry-1788679051:46
[   93406ms] [INFO] Sep-06 11:07:50.596 [QUIP] (TNWA8QCGZ) {type: indexeddb_event, timestamp_ms: 1788682070596, db_type: 4, description: Deleting DB, stack: Error
    at Object.recordEventWithStack (https://…28d1a.min.js?cacheKey=gantry-1788679051:20:31764)} @ https://a.slack-edge.com/bv1-13-br/gantry-v2-shared.cdda0aad0eba53be.min.js?cacheKey=gantry-1788679051:46
[   93406ms] [WARNING] Sep-06 11:07:50.596 QUIP (TNWA8QCGZ) Deleting IndexedDB database 'canvas' @ https://a.slack-edge.com/bv1-13-br/gantry-v2-shared.cdda0aad0eba53be.min.js?cacheKey=gantry-1788679051:46
[  104354ms] [INFO] Sep-06 11:08:01.544 [CHECK-UNREADS] (TNWA8QCGZ) unreadLineVisible updated in main window container primary: true -> false @ https://a.slack-edge.com/bv1-13-br/gantry-v2-shared.cdda0aad0eba53be.min.js?cacheKey=gantry-1788679051:46
[  108302ms] [INFO] Sep-06 11:08:05.492 [CHECK-UNREADS] (TNWA8QCGZ) unreadLineVisible updated in main window container primary: false -> true @ https://a.slack-edge.com/bv1-13-br/gantry-v2-shared.cdda0aad0eba53be.min.js?cacheKey=gantry-1788679051:46
[  108653ms] [INFO] Sep-06 11:08:05.843 [CHECK-UNREADS] (TNWA8QCGZ) Checking unreads after unread line became visible @ https://a.slack-edge.com/bv1-13-br/gantry-v2-shared.cdda0aad0eba53be.min.js?cacheKey=gantry-1788679051:46
[  108653ms] [INFO] Sep-06 11:08:05.844 [CHECK-UNREADS] (TNWA8QCGZ) Not marking C04JHEXJC4Q because last_read >= latest && channel is read @ https://a.slack-edge.com/bv1-13-br/gantry-v2-shared.cdda0aad0eba53be.min.js?cacheKey=gantry-1788679051:46
[  114593ms] [INFO] Sep-06 11:08:11.783 [API-Q] (TNWA8QCGZ) 32962251-1788682091.783 client.counts called with reason: pollClientCountsAfterTimeout @ https://a.slack-edge.com/bv1-13-br/gantry-v2-shared.cdda0aad0eba53be.min.js?cacheKey=gantry-1788679051:46
[  114593ms] [INFO] Sep-06 11:08:11.783 [API-Q] (TNWA8QCGZ) 32962251-1788682091.783 client.counts is ENQUEUED @ https://a.slack-edge.com/bv1-13-br/gantry-v2-shared.cdda0aad0eba53be.min.js?cacheKey=gantry-1788679051:46
[  114593ms] [INFO] Sep-06 11:08:11.784 [API-Q] (TNWA8QCGZ) 32962251-1788682091.783 client.counts is ACTIVE @ https://a.slack-edge.com/bv1-13-br/gantry-v2-shared.cdda0aad0eba53be.min.js?cacheKey=gantry-1788679051:46
[  114793ms] [INFO] Sep-06 11:08:11.983 [API-Q] (TNWA8QCGZ) 32962251-1788682091.783 client.counts is RESOLVED @ https://a.slack-edge.com/bv1-13-br/gantry-v2-shared.cdda0aad0eba53be.min.js?cacheKey=gantry-1788679051:46
[  114794ms] [INFO] Sep-06 11:08:11.984 [COUNTS] (TNWA8QCGZ) Applying counts to channels. wasLastConnectFast: false isConnected: true applying: 21 out of total: 21 @ https://a.slack-edge.com/bv1-13-br/gantry-v2-shared.cdda0aad0eba53be.min.js?cacheKey=gantry-1788679051:46
[  114795ms] [INFO] Sep-06 11:08:11.985 [COUNTS] (TNWA8QCGZ) Threads has_unreads:false mention_count:0 @ https://a.slack-edge.com/bv1-13-br/gantry-v2-shared.cdda0aad0eba53be.min.js?cacheKey=gantry-1788679051:46
[  114795ms] [INFO] Sep-06 11:08:11.985 [COUNTS] (TNWA8QCGZ) Completed counts processing @ https://a.slack-edge.com/bv1-13-br/gantry-v2-shared.cdda0aad0eba53be.min.js?cacheKey=gantry-1788679051:46
[  155496ms] [INFO] Sep-06 11:08:52.686 [API-Q] (TNWA8QCGZ) 32962251-1788682132.686 conversations.suggestions called with reason: trigger-channel-suggestions @ https://a.slack-edge.com/bv1-13-br/gantry-v2-shared.cdda0aad0eba53be.min.js?cacheKey=gantry-1788679051:46
[  155496ms] [INFO] Sep-06 11:08:52.687 [API-Q] (TNWA8QCGZ) 32962251-1788682132.686 conversations.suggestions is ENQUEUED @ https://a.slack-edge.com/bv1-13-br/gantry-v2-shared.cdda0aad0eba53be.min.js?cacheKey=gantry-1788679051:46
[  155496ms] [INFO] Sep-06 11:08:52.687 [API-Q] (TNWA8QCGZ) 32962251-1788682132.686 conversations.suggestions is ACTIVE @ https://a.slack-edge.com/bv1-13-br/gantry-v2-shared.cdda0aad0eba53be.min.js?cacheKey=gantry-1788679051:46
[  155680ms] [INFO] Sep-06 11:08:52.871 [API-Q] (TNWA8QCGZ) 32962251-1788682132.686 conversations.suggestions is RESOLVED @ https://a.slack-edge.com/bv1-13-br/gantry-v2-shared.cdda0aad0eba53be.min.js?cacheKey=gantry-1788679051:46
[  168325ms] [INFO] Sep-06 11:09:05.515 [CHECK-FOR-OLD-CHANNEL] (TNWA8QCGZ) Start cleaning up DMs/MPDMs — starting with 2 entries. @ https://a.slack-edge.com/bv1-13-br/gantry-v2-shared.cdda0aad0eba53be.min.js?cacheKey=gantry-1788679051:46
[  168325ms] [INFO] Sep-06 11:09:05.516 [CHECK-FOR-OLD-CHANNEL] (TNWA8QCGZ) Eligible DMs/MPDMs for cleanup — [external DMs]:0, [internal DMs]: 1, [app DMs]: 0 @ https://a.slack-edge.com/bv1-13-br/gantry-v2-shared.cdda0aad0eba53be.min.js?cacheKey=gantry-1788679051:46
[  168325ms] [INFO] Sep-06 11:09:05.516 [CHECK-FOR-OLD-CHANNEL] (TNWA8QCGZ) Identified 0 DMs/MPDMs of externalDMs type for closure @ https://a.slack-edge.com/bv1-13-br/gantry-v2-shared.cdda0aad0eba53be.min.js?cacheKey=gantry-1788679051:46
[  168325ms] [INFO] Sep-06 11:09:05.516 [CHECK-FOR-OLD-CHANNEL] (TNWA8QCGZ) Not eligible D0C0QPCJK88: Self DM @ https://a.slack-edge.com/bv1-13-br/gantry-v2-shared.cdda0aad0eba53be.min.js?cacheKey=gantry-1788679051:46
[  168325ms] [INFO] Sep-06 11:09:05.516 [CHECK-FOR-OLD-CHANNEL] (TNWA8QCGZ) Identified 0 DMs/MPDMs of internalDMs type for closure @ https://a.slack-edge.com/bv1-13-br/gantry-v2-shared.cdda0aad0eba53be.min.js?cacheKey=gantry-1788679051:46
[  168325ms] [INFO] Sep-06 11:09:05.516 [CHECK-FOR-OLD-CHANNEL] (TNWA8QCGZ) Identified 0 DMs/MPDMs of appDMs type for closure @ https://a.slack-edge.com/bv1-13-br/gantry-v2-shared.cdda0aad0eba53be.min.js?cacheKey=gantry-1788679051:46
[  168326ms] [INFO] Sep-06 11:09:05.516 [CHECK-FOR-OLD-CODE-CH] (TNWA8QCGZ) Start checking code channels — 0 open code channels. @ https://a.slack-edge.com/bv1-13-br/gantry-v2-shared.cdda0aad0eba53be.min.js?cacheKey=gantry-1788679051:46
[  247917ms] [INFO] Sep-06 11:10:25.107 [UFM] (TNWA8QCGZ) requesting D0BVAC9KXL2 (1) @ https://a.slack-edge.com/bv1-13-br/gantry-v2-shared.cdda0aad0eba53be.min.js?cacheKey=gantry-1788679051:46
[  247917ms] [INFO] Sep-06 11:10:25.108 [API-Q] (TNWA8QCGZ) noversion-1788682225.108 Flannel huddles/info called with reason: flannel-call:huddles/info @ https://a.slack-edge.com/bv1-13-br/gantry-v2-shared.cdda0aad0eba53be.min.js?cacheKey=gantry-1788679051:46
[  247917ms] [INFO] Sep-06 11:10:25.108 [API-Q] (TNWA8QCGZ) noversion-1788682225.108 Flannel huddles/info is ENQUEUED @ https://a.slack-edge.com/bv1-13-br/gantry-v2-shared.cdda0aad0eba53be.min.js?cacheKey=gantry-1788679051:46
[  247917ms] [INFO] Sep-06 11:10:25.108 [API-Q] (TNWA8QCGZ) noversion-1788682225.108 Flannel huddles/info is ACTIVE @ https://a.slack-edge.com/bv1-13-br/gantry-v2-shared.cdda0aad0eba53be.min.js?cacheKey=gantry-1788679051:46
[  247981ms] [INFO] Sep-06 11:10:25.171 [API-Q] (TNWA8QCGZ) noversion-1788682225.108 Flannel huddles/info is RESOLVED @ https://a.slack-edge.com/bv1-13-br/gantry-v2-shared.cdda0aad0eba53be.min.js?cacheKey=gantry-1788679051:46
[  247981ms] [INFO] Sep-06 11:10:25.171 [UFM] (TNWA8QCGZ) received D0BVAC9KXL2 (1) @ https://a.slack-edge.com/bv1-13-br/gantry-v2-shared.cdda0aad0eba53be.min.js?cacheKey=gantry-1788679051:46
[  248009ms] [INFO] Sep-06 11:10:25.200 [NOTIFICATIONS] (TNWA8QCGZ) shouldShowNotificationForDirectMessage: '15' @ https://a.slack-edge.com/bv1-13-br/gantry-v2-shared.cdda0aad0eba53be.min.js?cacheKey=gantry-1788679051:46
[  248011ms] [INFO] Sep-06 11:10:25.201 [COUNTS] (TNWA8QCGZ) Updated counts for D0BVAC9KXL2: unreadCnt 1, unreadHighlightCnt 0, unreadVIPMentionCnt 0 @ https://a.slack-edge.com/bv1-13-br/gantry-v2-shared.cdda0aad0eba53be.min.js?cacheKey=gantry-1788679051:46
[  248012ms] [INFO] Sep-06 11:10:25.202 [UNREAD-COUNTS] (TNWA8QCGZ) Fetching history for unread counting: D0BVAC9KXL2, waiting 7620 ms @ https://a.slack-edge.com/bv1-13-br/gantry-v2-shared.cdda0aad0eba53be.min.js?cacheKey=gantry-1788679051:46
[  248012ms] [INFO] Sep-06 11:10:25.202 [CHECK-UNREADS] (TNWA8QCGZ) Not marking D0BVAC9KXL2 because it is not in an active view @ https://a.slack-edge.com/bv1-13-br/gantry-v2-shared.cdda0aad0eba53be.min.js?cacheKey=gantry-1788679051:46
[  248029ms] [INFO] Sep-06 11:10:25.220 [COUNTS] (TNWA8QCGZ) dmsBadgeCount: 1 @ https://a.slack-edge.com/bv1-13-br/gantry-v2-shared.cdda0aad0eba53be.min.js?cacheKey=gantry-1788679051:46
[  248029ms] [INFO] Sep-06 11:10:25.220 [COUNTS] (TNWA8QCGZ) activityBadgeCount: 0 @ https://a.slack-edge.com/bv1-13-br/gantry-v2-shared.cdda0aad0eba53be.min.js?cacheKey=gantry-1788679051:46
[  248108ms] [INFO] Sep-06 11:10:25.299 [RTM-ACTIVITY] (TNWA8QCGZ) RTM-ACTIVITY activity_updated @ https://a.slack-edge.com/bv1-13-br/gantry-v2-shared.cdda0aad0eba53be.min.js?cacheKey=gantry-1788679051:46
[  248111ms] [INFO] Sep-06 11:10:25.302 [RTM-BADGE-COUNTS-UPDA] (TNWA8QCGZ) badge_counts_updated @ https://a.slack-edge.com/bv1-13-br/gantry-v2-shared.cdda0aad0eba53be.min.js?cacheKey=gantry-1788679051:46
[  248117ms] [INFO] Sep-06 11:10:25.308 [COUNTS] (TNWA8QCGZ) dmsBadgeCount: 1 @ https://a.slack-edge.com/bv1-13-br/gantry-v2-shared.cdda0aad0eba53be.min.js?cacheKey=gantry-1788679051:46
[  248118ms] [INFO] Sep-06 11:10:25.308 [COUNTS] (TNWA8QCGZ) activityBadgeCount: 1 @ https://a.slack-edge.com/bv1-13-br/gantry-v2-shared.cdda0aad0eba53be.min.js?cacheKey=gantry-1788679051:46
[  255632ms] [INFO] Sep-06 11:10:32.823 [HISTORY-FETCH] (TNWA8QCGZ) Fetching history for unread counting: D0BVAC9KXL2 @ https://a.slack-edge.com/bv1-13-br/gantry-v2-shared.cdda0aad0eba53be.min.js?cacheKey=gantry-1788679051:46
[  255633ms] [INFO] Sep-06 11:10:32.823 [API-Q] (TNWA8QCGZ) 32962251-1788682232.823 conversations.history called with reason: unread-counts/onAddTimestamps @ https://a.slack-edge.com/bv1-13-br/gantry-v2-shared.cdda0aad0eba53be.min.js?cacheKey=gantry-1788679051:46
[  255633ms] [INFO] Sep-06 11:10:32.823 [API-Q] (TNWA8QCGZ) 32962251-1788682232.823 conversations.history is ENQUEUED @ https://a.slack-edge.com/bv1-13-br/gantry-v2-shared.cdda0aad0eba53be.min.js?cacheKey=gantry-1788679051:46
[  255633ms] [INFO] Sep-06 11:10:32.824 [API-Q] (TNWA8QCGZ) 32962251-1788682232.823 conversations.history is ACTIVE @ https://a.slack-edge.com/bv1-13-br/gantry-v2-shared.cdda0aad0eba53be.min.js?cacheKey=gantry-1788679051:46
[  255832ms] [INFO] Sep-06 11:10:33.022 [API-Q] (TNWA8QCGZ) 32962251-1788682232.823 conversations.history is RESOLVED @ https://a.slack-edge.com/bv1-13-br/gantry-v2-shared.cdda0aad0eba53be.min.js?cacheKey=gantry-1788679051:46
[  255832ms] [INFO] Sep-06 11:10:33.023 [PLATFORM-CHANNEL-ACTI] (TNWA8QCGZ) setting count for channel D0BVAC9KXL2 to 0, and marking channel as stale. @ https://a.slack-edge.com/bv1-13-br/gantry-v2-shared.cdda0aad0eba53be.min.js?cacheKey=gantry-1788679051:46
[  255834ms] [INFO] Sep-06 11:10:33.024 [PINS] (TNWA8QCGZ) Pins count updated for channel D0BVAC9KXL2: 0 @ https://a.slack-edge.com/bv1-13-br/gantry-v2-shared.cdda0aad0eba53be.min.js?cacheKey=gantry-1788679051:46
[  256132ms] [INFO] Sep-06 11:10:33.322 [CHECK-UNREADS] (TNWA8QCGZ) Not marking D0BVAC9KXL2 because it is not in an active view @ https://a.slack-edge.com/bv1-13-br/gantry-v2-shared.cdda0aad0eba53be.min.js?cacheKey=gantry-1788679051:46
[  348325ms] [INFO] Sep-06 11:12:05.515 [SIDEBAR-NOISE-METRICS] (TNWA8QCGZ) Logging sidebar noise metrics @ https://a.slack-edge.com/bv1-13-br/gantry-v2-shared.cdda0aad0eba53be.min.js?cacheKey=gantry-1788679051:46
[  348325ms] [INFO] Sep-06 11:12:05.516 [SIDEBAR-STATS] (TNWA8QCGZ) Begin gathering sidebar stats @ https://a.slack-edge.com/bv1-13-br/gantry-v2-shared.cdda0aad0eba53be.min.js?cacheKey=gantry-1788679051:46
[  348326ms] [INFO] Sep-06 11:12:05.516 [SIDEBAR-NOISE-METRICS] (TNWA8QCGZ) Stored first sidebar metrics (no previous data) @ https://a.slack-edge.com/bv1-13-br/gantry-v2-shared.cdda0aad0eba53be.min.js?cacheKey=gantry-1788679051:46
[  358297ms] [INFO] Sep-06 11:12:15.487 [DND_V2] (TNWA8QCGZ) Checking for changes in DND status for the following members: U0C0QPC5YNL,U0354HK94FL,U0BUQAMSN5S,U0AR8238BEZ,U0ACNNLHEDB,U0BMJ6HQYTD,U095MB0Q5HU,U08FAMP04US,U01T6FYS0RY,U09L4DUMJ3G,U0B0TEDBH8V,U0B1S48PZ9T,U09A1G8H6R5,U0BUADZ249Y @ https://a.slack-edge.com/bv1-13-br/gantry-v2-shared.cdda0aad0eba53be.min.js?cacheKey=gantry-1788679051:46
[  358298ms] [INFO] Sep-06 11:12:15.488 [DND_V2] (TNWA8QCGZ) Will check for changes in DND status again in 5 minutes @ https://a.slack-edge.com/bv1-13-br/gantry-v2-shared.cdda0aad0eba53be.min.js?cacheKey=gantry-1788679051:46
[  448764ms] [INFO] Sep-06 11:13:45.955 [NAVIGATE-IN-MAIN-WIND] Starting a new navigation event {id: D0BVAC9KXL2, viewType: Channel, viewParams: undefined, options: Object} @ https://a.slack-edge.com/bv1-13-br/gantry-v2-shared.cdda0aad0eba53be.min.js?cacheKey=gantry-1788679051:46
[  448766ms] [INFO] Sep-06 11:13:45.956 [APPLY-DETAIL-VIEW] ViewSet with detail view applied {viewSet: Object} @ https://a.slack-edge.com/bv1-13-br/gantry-v2-shared.cdda0aad0eba53be.min.js?cacheKey=gantry-1788679051:46
[  448766ms] [INFO] Sep-06 11:13:45.957 [NAVIGATE-IN-MAIN-WIND] Applying changes to the primary container {viewSet: Object, nextTab: home} @ https://a.slack-edge.com/bv1-13-br/gantry-v2-shared.cdda0aad0eba53be.min.js?cacheKey=gantry-1788679051:46
[  448767ms] [INFO] Sep-06 11:13:45.957 [NAVIGATION-MIDDLEWARE] Starting a new navigation middleware execution {context: navigation, nextViewSet: Object, nextSplitView: undefined, middlewareCount: 26, nextTab: home} @ https://a.slack-edge.com/bv1-13-br/gantry-v2-shared.cdda0aad0eba53be.min.js?cacheKey=gantry-1788679051:46
[  448768ms] [INFO] Sep-06 11:13:45.958 [NAVIGATION-MIDDLEWARE] Async action execution is complete for a view {nextView: Object, results: Array(26), shouldTerminateNavigation: false, executionTime: 0.900000000372529, nextTab: home} @ https://a.slack-edge.com/bv1-13-br/gantry-v2-shared.cdda0aad0eba53be.min.js?cacheKey=gantry-1788679051:46
[  448769ms] [INFO] Sep-06 11:13:45.959 [NAVIGATION-MIDDLEWARE] Finish middleware execution for sidebar container {maybeTransformedViewSet: Object, maybeTransformedSplitView: undefined, terminateNavigation: false, isViewTransformed: false, iterationCount: 0} @ https://a.slack-edge.com/bv1-13-br/gantry-v2-shared.cdda0aad0eba53be.min.js?cacheKey=gantry-1788679051:46
[  448770ms] [INFO] Sep-06 11:13:45.961 [API-Q] (TNWA8QCGZ) 32962251-1788682425.960 canvases.getCannedTemplates called with reason: fetch-and-upsert-canned-canvas-templates @ https://a.slack-edge.com/bv1-13-br/gantry-v2-shared.cdda0aad0eba53be.min.js?cacheKey=gantry-1788679051:46
[  448770ms] [INFO] Sep-06 11:13:45.961 [API-Q] (TNWA8QCGZ) 32962251-1788682425.960 canvases.getCannedTemplates is ENQUEUED @ https://a.slack-edge.com/bv1-13-br/gantry-v2-shared.cdda0aad0eba53be.min.js?cacheKey=gantry-1788679051:46
[  448771ms] [INFO] Sep-06 11:13:45.961 [API-Q] (TNWA8QCGZ) 32962251-1788682425.960 canvases.getCannedTemplates is ACTIVE @ https://a.slack-edge.com/bv1-13-br/gantry-v2-shared.cdda0aad0eba53be.min.js?cacheKey=gantry-1788679051:46
[  448976ms] [INFO] Sep-06 11:13:46.166 [API-Q] (TNWA8QCGZ) 32962251-1788682425.960 canvases.getCannedTemplates is RESOLVED @ https://a.slack-edge.com/bv1-13-br/gantry-v2-shared.cdda0aad0eba53be.min.js?cacheKey=gantry-1788679051:46
[  448977ms] [INFO] Sep-06 11:13:46.168 [NAVIGATION-MIDDLEWARE] Async action execution is complete for a view {nextView: Object, results: Array(26), shouldTerminateNavigation: false, executionTime: 208.09999999962747, nextTab: home} @ https://a.slack-edge.com/bv1-13-br/gantry-v2-shared.cdda0aad0eba53be.min.js?cacheKey=gantry-1788679051:46
[  448977ms] [INFO] Sep-06 11:13:46.168 [APPLY-DETAIL-VIEW] ViewSet with detail view applied {viewSet: Object} @ https://a.slack-edge.com/bv1-13-br/gantry-v2-shared.cdda0aad0eba53be.min.js?cacheKey=gantry-1788679051:46
[  448978ms] [INFO] Sep-06 11:13:46.168 [NAVIGATION-MIDDLEWARE] View has been transformed {container: primary, initialView: Object, transformedView: Object, iterationCount: 0} @ https://a.slack-edge.com/bv1-13-br/gantry-v2-shared.cdda0aad0eba53be.min.js?cacheKey=gantry-1788679051:46
[  448978ms] [INFO] Sep-06 11:13:46.168 [NAVIGATION-MIDDLEWARE] Skipping middleware execution for sidebar container as we have cached value {initialView: Object, iterationCount: 1} @ https://a.slack-edge.com/bv1-13-br/gantry-v2-shared.cdda0aad0eba53be.min.js?cacheKey=gantry-1788679051:46
[  448978ms] [INFO] Sep-06 11:13:46.168 [NAVIGATION-MIDDLEWARE] Async action execution is complete for a view {nextView: Object, results: Array(26), shouldTerminateNavigation: false, executionTime: 0.09999999962747097, nextTab: home} @ https://a.slack-edge.com/bv1-13-br/gantry-v2-shared.cdda0aad0eba53be.min.js?cacheKey=gantry-1788679051:46
[  448978ms] [INFO] Sep-06 11:13:46.168 [NAVIGATION-MIDDLEWARE] Finish middleware execution for primary container {maybeTransformedViewSet: Object, maybeTransformedSplitView: undefined, terminateNavigation: false, isViewTransformed: false, iterationCount: 1} @ https://a.slack-edge.com/bv1-13-br/gantry-v2-shared.cdda0aad0eba53be.min.js?cacheKey=gantry-1788679051:46
[  448978ms] [INFO] Sep-06 11:13:46.168 [NAVIGATION-MIDDLEWARE] Finish middleware execution for primary container {maybeTransformedViewSet: Object, maybeTransformedSplitView: undefined, terminateNavigation: false, isViewTransformed: true, iterationCount: 0} @ https://a.slack-edge.com/bv1-13-br/gantry-v2-shared.cdda0aad0eba53be.min.js?cacheKey=gantry-1788679051:46
[  448978ms] [INFO] Sep-06 11:13:46.168 [NAVIGATION-MIDDLEWARE] Navigation middleware execution is complete {maybeUpdatedViewSet: Object, maybeUpdatedSplitView: undefined, terminateNavigation: false, executionTime: 210.90000000037253, nextTab: home} @ https://a.slack-edge.com/bv1-13-br/gantry-v2-shared.cdda0aad0eba53be.min.js?cacheKey=gantry-1788679051:46
[  448978ms] [INFO] Sep-06 11:13:46.168 [NAVIGATE-IN-MAIN-WIND] Built view set after middleware {viewSet: Object, splitView: undefined, nextTab: home} @ https://a.slack-edge.com/bv1-13-br/gantry-v2-shared.cdda0aad0eba53be.min.js?cacheKey=gantry-1788679051:46
[  448980ms] [INFO] Sep-06 11:13:46.170 [NAVIGATE-LISTENERS] (TNWA8QCGZ) Starting navigation listeners for triggerType NAVIGATION @ https://a.slack-edge.com/bv1-13-br/gantry-v2-shared.cdda0aad0eba53be.min.js?cacheKey=gantry-1788679051:46
[  448982ms] [INFO] Sep-06 11:13:46.173 [SET-LAST-READ] (TNWA8QCGZ) markLastRead D0BVAC9KXL2:1788682224.992449, immediate: false @ https://a.slack-edge.com/bv1-13-br/gantry-v2-shared.cdda0aad0eba53be.min.js?cacheKey=gantry-1788679051:46
[  448983ms] [INFO] Sep-06 11:13:46.173 [SET-LAST-READ] (TNWA8QCGZ) delaying D0BVAC9KXL2:1788682224.992449 mark by 1325.1302713185619ms @ https://a.slack-edge.com/bv1-13-br/gantry-v2-shared.cdda0aad0eba53be.min.js?cacheKey=gantry-1788679051:46
[  448984ms] [INFO] Sep-06 11:13:46.174 [QUIP] (TNWA8QCGZ) Auto-opening canvas (F0817A32Y1E) for channel D0BVAC9KXL2. Prefill: true @ https://a.slack-edge.com/bv1-13-br/gantry-v2-shared.cdda0aad0eba53be.min.js?cacheKey=gantry-1788679051:46
[  448986ms] [INFO] Sep-06 11:13:46.176 [NAVIGATE-LISTENERS] (TNWA8QCGZ) Navigation listeners complete without errors @ https://a.slack-edge.com/bv1-13-br/gantry-v2-shared.cdda0aad0eba53be.min.js?cacheKey=gantry-1788679051:46
[  448986ms] [INFO] Sep-06 11:13:46.177 [NAVIGATE-IN-MAIN-WIND]  Navigation thunk execution complete {id: D0BVAC9KXL2, viewType: Channel, viewParams: undefined, options: Object} @ https://a.slack-edge.com/bv1-13-br/gantry-v2-shared.cdda0aad0eba53be.min.js?cacheKey=gantry-1788679051:46
[  448986ms] [INFO] Sep-06 11:13:46.177 [UNREAD-COUNTS] (TNWA8QCGZ) Counting unreads in D0BVAC9KXL2 because last_read changed to 1788682224.992449 @ https://a.slack-edge.com/bv1-13-br/gantry-v2-shared.cdda0aad0eba53be.min.js?cacheKey=gantry-1788679051:46
[  448986ms] [INFO] Sep-06 11:13:46.177 [COUNTS] (TNWA8QCGZ) Updated counts for D0BVAC9KXL2: unreadCnt 0, unreadHighlightCnt 0, unreadVIPMentionCnt 0 @ https://a.slack-edge.com/bv1-13-br/gantry-v2-shared.cdda0aad0eba53be.min.js?cacheKey=gantry-1788679051:46
[  448987ms] [INFO] Sep-06 11:13:46.178 [API-Q] (TNWA8QCGZ) 32962251-1788682426.178 users.prefs.set called with reason: prefs-api/setUserPrefByApi @ https://a.slack-edge.com/bv1-13-br/gantry-v2-shared.cdda0aad0eba53be.min.js?cacheKey=gantry-1788679051:46
[  448988ms] [INFO] Sep-06 11:13:46.178 [API-Q] (TNWA8QCGZ) 32962251-1788682426.178 users.prefs.set is ENQUEUED @ https://a.slack-edge.com/bv1-13-br/gantry-v2-shared.cdda0aad0eba53be.min.js?cacheKey=gantry-1788679051:46
[  448988ms] [INFO] Sep-06 11:13:46.178 [API-Q] (TNWA8QCGZ) 32962251-1788682426.178 users.prefs.set is ACTIVE @ https://a.slack-edge.com/bv1-13-br/gantry-v2-shared.cdda0aad0eba53be.min.js?cacheKey=gantry-1788679051:46
[  449031ms] [INFO] Sep-06 11:13:46.222 [MESSAGE-LIST] (TNWA8QCGZ) getScrollmark reason:channel_change channelId:C04JHEXJC4Q at end @ https://a.slack-edge.com/bv1-13-br/gantry-v2-shared.cdda0aad0eba53be.min.js?cacheKey=gantry-1788679051:46
[  449033ms] [INFO] Sep-06 11:13:46.223 [MESSAGE-LIST] (TNWA8QCGZ) Switching channels: D0BVAC9KXL2 timestamps: 1 @ https://a.slack-edge.com/bv1-13-br/gantry-v2-shared.cdda0aad0eba53be.min.js?cacheKey=gantry-1788679051:46
[  449045ms] [ERROR] Icon undefined not found @ https://a.slack-edge.com/bv1-13-br/gantry-v2-vendors.7adf7698d3b43b99.min.js?cacheKey=gantry-1788679051:237
[  449060ms] [INFO] Sep-06 11:13:46.250 [API-Q] (TNWA8QCGZ) 32962251-1788682426.250 users.isEarlyJoiner called with reason: prefill-dm-canvas @ https://a.slack-edge.com/bv1-13-br/gantry-v2-shared.cdda0aad0eba53be.min.js?cacheKey=gantry-1788679051:46
[  449060ms] [INFO] Sep-06 11:13:46.251 [API-Q] (TNWA8QCGZ) 32962251-1788682426.250 users.isEarlyJoiner is ENQUEUED @ https://a.slack-edge.com/bv1-13-br/gantry-v2-shared.cdda0aad0eba53be.min.js?cacheKey=gantry-1788679051:46
[  449098ms] [INFO] Sep-06 11:13:46.288 [CHECK-UNREADS] (TNWA8QCGZ) unreadLineVisible updated in main window container primary: undefined -> true @ https://a.slack-edge.com/bv1-13-br/gantry-v2-shared.cdda0aad0eba53be.min.js?cacheKey=gantry-1788679051:46
[  449103ms] [INFO] Sep-06 11:13:46.294 [COUNTS] (TNWA8QCGZ) dmsBadgeCount: 0 @ https://a.slack-edge.com/bv1-13-br/gantry-v2-shared.cdda0aad0eba53be.min.js?cacheKey=gantry-1788679051:46
[  449103ms] [INFO] Sep-06 11:13:46.294 [COUNTS] (TNWA8QCGZ) activityBadgeCount: 0 @ https://a.slack-edge.com/bv1-13-br/gantry-v2-shared.cdda0aad0eba53be.min.js?cacheKey=gantry-1788679051:46
[  449105ms] [INFO] Sep-06 11:13:46.295 [API-Q] (TNWA8QCGZ) 32962251-1788682426.295 users.profile.getSections called with reason: profiles @ https://a.slack-edge.com/bv1-13-br/gantry-v2-shared.cdda0aad0eba53be.min.js?cacheKey=gantry-1788679051:46
[  449105ms] [INFO] Sep-06 11:13:46.296 [API-Q] (TNWA8QCGZ) 32962251-1788682426.295 users.profile.getSections is ENQUEUED @ https://a.slack-edge.com/bv1-13-br/gantry-v2-shared.cdda0aad0eba53be.min.js?cacheKey=gantry-1788679051:46
[  449117ms] [INFO] Sep-06 11:13:46.307 [API-Q] (TNWA8QCGZ) noversion-1788682426.307 Flannel permissions/info called with reason: flannel-call:permissions/info @ https://a.slack-edge.com/bv1-13-br/gantry-v2-shared.cdda0aad0eba53be.min.js?cacheKey=gantry-1788679051:46
[  449117ms] [INFO] Sep-06 11:13:46.308 [API-Q] (TNWA8QCGZ) noversion-1788682426.307 Flannel permissions/info is ENQUEUED @ https://a.slack-edge.com/bv1-13-br/gantry-v2-shared.cdda0aad0eba53be.min.js?cacheKey=gantry-1788679051:46
[  449117ms] [INFO] Sep-06 11:13:46.308 [API-Q] (TNWA8QCGZ) 32962251-1788682426.250 users.isEarlyJoiner is ACTIVE @ https://a.slack-edge.com/bv1-13-br/gantry-v2-shared.cdda0aad0eba53be.min.js?cacheKey=gantry-1788679051:46
[  449118ms] [INFO] Sep-06 11:13:46.308 [API-Q] (TNWA8QCGZ) 32962251-1788682426.295 users.profile.getSections is ACTIVE @ https://a.slack-edge.com/bv1-13-br/gantry-v2-shared.cdda0aad0eba53be.min.js?cacheKey=gantry-1788679051:46
[  449118ms] [INFO] Sep-06 11:13:46.308 [API-Q] (TNWA8QCGZ) noversion-1788682426.307 Flannel permissions/info is ACTIVE @ https://a.slack-edge.com/bv1-13-br/gantry-v2-shared.cdda0aad0eba53be.min.js?cacheKey=gantry-1788679051:46
[  449128ms] [INFO] Sep-06 11:13:46.319 [API-Q] (TNWA8QCGZ) 32962251-1788682426.319 conversations.listPrefs called with reason: client_redux_store @ https://a.slack-edge.com/bv1-13-br/gantry-v2-shared.cdda0aad0eba53be.min.js?cacheKey=gantry-1788679051:46
[  449128ms] [INFO] Sep-06 11:13:46.319 [API-Q] (TNWA8QCGZ) 32962251-1788682426.319 conversations.listPrefs is ENQUEUED @ https://a.slack-edge.com/bv1-13-br/gantry-v2-shared.cdda0aad0eba53be.min.js?cacheKey=gantry-1788679051:46
[  449129ms] [INFO] Sep-06 11:13:46.319 [API-Q] (TNWA8QCGZ) 32962251-1788682426.319 conversations.listPrefs is ACTIVE @ https://a.slack-edge.com/bv1-13-br/gantry-v2-shared.cdda0aad0eba53be.min.js?cacheKey=gantry-1788679051:46
[  449129ms] [INFO] Sep-06 11:13:46.319 [UFM] (TNWA8QCGZ) requesting D0BVAC9KXL2 (1) @ https://a.slack-edge.com/bv1-13-br/gantry-v2-shared.cdda0aad0eba53be.min.js?cacheKey=gantry-1788679051:46
[  449129ms] [INFO] Sep-06 11:13:46.319 [UFM] (TNWA8QCGZ) received D0BVAC9KXL2 (1) @ https://a.slack-edge.com/bv1-13-br/gantry-v2-shared.cdda0aad0eba53be.min.js?cacheKey=gantry-1788679051:46
[  449129ms] [INFO] Sep-06 11:13:46.320 [UFM-PERMISSIONS] (TNWA8QCGZ) requesting CAN_AT_CHANNEL,CAN_AT_EVERYONE,ARCHIVE_CHANNEL (1) @ https://a.slack-edge.com/bv1-13-br/gantry-v2-shared.cdda0aad0eba53be.min.js?cacheKey=gantry-1788679051:46
[  449129ms] [INFO] Sep-06 11:13:46.320 [API-Q] (TNWA8QCGZ) noversion-1788682426.320 Flannel permissions/info called with reason: flannel-call:permissions/info @ https://a.slack-edge.com/bv1-13-br/gantry-v2-shared.cdda0aad0eba53be.min.js?cacheKey=gantry-1788679051:46
[  449129ms] [INFO] Sep-06 11:13:46.320 [API-Q] (TNWA8QCGZ) noversion-1788682426.320 Flannel permissions/info is ENQUEUED @ https://a.slack-edge.com/bv1-13-br/gantry-v2-shared.cdda0aad0eba53be.min.js?cacheKey=gantry-1788679051:46
[  449129ms] [INFO] Sep-06 11:13:46.320 [API-Q] (TNWA8QCGZ) noversion-1788682426.320 Flannel permissions/info is ACTIVE @ https://a.slack-edge.com/bv1-13-br/gantry-v2-shared.cdda0aad0eba53be.min.js?cacheKey=gantry-1788679051:46
[  449130ms] [INFO] Sep-06 11:13:46.320 [UFM-USERGROUPS] (TNWA8QCGZ) requesting S0BTAFNBLEP (1) @ https://a.slack-edge.com/bv1-13-br/gantry-v2-shared.cdda0aad0eba53be.min.js?cacheKey=gantry-1788679051:46
[  449130ms] [INFO] Sep-06 11:13:46.320 [API-Q] (TNWA8QCGZ) noversion-1788682426.320 Flannel usergroups/info called with reason: flannel-call:usergroups/info @ https://a.slack-edge.com/bv1-13-br/gantry-v2-shared.cdda0aad0eba53be.min.js?cacheKey=gantry-1788679051:46
[  449130ms] [INFO] Sep-06 11:13:46.320 [API-Q] (TNWA8QCGZ) noversion-1788682426.320 Flannel usergroups/info is ENQUEUED @ https://a.slack-edge.com/bv1-13-br/gantry-v2-shared.cdda0aad0eba53be.min.js?cacheKey=gantry-1788679051:46
[  449130ms] [INFO] Sep-06 11:13:46.321 [API-Q] (TNWA8QCGZ) noversion-1788682426.320 Flannel usergroups/info is ACTIVE @ https://a.slack-edge.com/bv1-13-br/gantry-v2-shared.cdda0aad0eba53be.min.js?cacheKey=gantry-1788679051:46
[  449133ms] [INFO] Sep-06 11:13:46.324 [API-Q] (TNWA8QCGZ) 32962251-1788682426.324 bookmarks.list called with reason: bookmarks-store/conditional-fetching @ https://a.slack-edge.com/bv1-13-br/gantry-v2-shared.cdda0aad0eba53be.min.js?cacheKey=gantry-1788679051:46
[  449134ms] [INFO] Sep-06 11:13:46.324 [API-Q] (TNWA8QCGZ) 32962251-1788682426.324 bookmarks.list is ENQUEUED @ https://a.slack-edge.com/bv1-13-br/gantry-v2-shared.cdda0aad0eba53be.min.js?cacheKey=gantry-1788679051:46
[  449134ms] [INFO] Sep-06 11:13:46.324 [API-Q] (TNWA8QCGZ) 32962251-1788682426.324 bookmarks.list is ACTIVE @ https://a.slack-edge.com/bv1-13-br/gantry-v2-shared.cdda0aad0eba53be.min.js?cacheKey=gantry-1788679051:46
[  449142ms] [LOG] [WD] All assets have reported back; s: 20; f: 0 @ https://app.slack.com/client/TNWA8QCGZ:0
[  449154ms] [INFO] Sep-06 11:13:46.344 [UFM] (TNWA8QCGZ) requesting F0817A32Y1E (1) @ https://a.slack-edge.com/bv1-13-br/gantry-v2-shared.cdda0aad0eba53be.min.js?cacheKey=gantry-1788679051:46
[  449154ms] [INFO] Sep-06 11:13:46.345 [API-Q] (TNWA8QCGZ) 32962251-1788682426.344 quip.lookupThreadIds called with reason: fetch-quip-ids @ https://a.slack-edge.com/bv1-13-br/gantry-v2-shared.cdda0aad0eba53be.min.js?cacheKey=gantry-1788679051:46
[  449154ms] [INFO] Sep-06 11:13:46.345 [API-Q] (TNWA8QCGZ) 32962251-1788682426.344 quip.lookupThreadIds is ENQUEUED @ https://a.slack-edge.com/bv1-13-br/gantry-v2-shared.cdda0aad0eba53be.min.js?cacheKey=gantry-1788679051:46
[  449155ms] [INFO] Sep-06 11:13:46.345 [API-Q] (TNWA8QCGZ) 32962251-1788682426.344 quip.lookupThreadIds is ACTIVE @ https://a.slack-edge.com/bv1-13-br/gantry-v2-shared.cdda0aad0eba53be.min.js?cacheKey=gantry-1788679051:46
[  449180ms] [INFO] Sep-06 11:13:46.370 [API-Q] (TNWA8QCGZ) 32962251-1788682426.178 users.prefs.set is RESOLVED @ https://a.slack-edge.com/bv1-13-br/gantry-v2-shared.cdda0aad0eba53be.min.js?cacheKey=gantry-1788679051:46
[  449295ms] [INFO] Sep-06 11:13:46.485 [API-Q] (TNWA8QCGZ) noversion-1788682426.320 Flannel usergroups/info is RESOLVED @ https://a.slack-edge.com/bv1-13-br/gantry-v2-shared.cdda0aad0eba53be.min.js?cacheKey=gantry-1788679051:46
[  449295ms] [INFO] Sep-06 11:13:46.486 [UFM-USERGROUPS] (TNWA8QCGZ) received S0BTAFNBLEP (1) @ https://a.slack-edge.com/bv1-13-br/gantry-v2-shared.cdda0aad0eba53be.min.js?cacheKey=gantry-1788679051:46
[  449307ms] [INFO] Sep-06 11:13:46.498 [API-Q] (TNWA8QCGZ) 32962251-1788682426.250 users.isEarlyJoiner is RESOLVED @ https://a.slack-edge.com/bv1-13-br/gantry-v2-shared.cdda0aad0eba53be.min.js?cacheKey=gantry-1788679051:46
[  449310ms] [INFO] Sep-06 11:13:46.500 [API-Q] (TNWA8QCGZ) 32962251-1788682426.295 users.profile.getSections is RESOLVED @ https://a.slack-edge.com/bv1-13-br/gantry-v2-shared.cdda0aad0eba53be.min.js?cacheKey=gantry-1788679051:46
[  449313ms] [INFO] Sep-06 11:13:46.503 [API-Q] (TNWA8QCGZ) 32962251-1788682426.319 conversations.listPrefs is RESOLVED @ https://a.slack-edge.com/bv1-13-br/gantry-v2-shared.cdda0aad0eba53be.min.js?cacheKey=gantry-1788679051:46
[  449328ms] [INFO] Sep-06 11:13:46.518 [API-Q] (TNWA8QCGZ) 32962251-1788682426.324 bookmarks.list is RESOLVED @ https://a.slack-edge.com/bv1-13-br/gantry-v2-shared.cdda0aad0eba53be.min.js?cacheKey=gantry-1788679051:46
[  449340ms] [INFO] Sep-06 11:13:46.530 [API-Q] (TNWA8QCGZ) 32962251-1788682426.344 quip.lookupThreadIds is RESOLVED @ https://a.slack-edge.com/bv1-13-br/gantry-v2-shared.cdda0aad0eba53be.min.js?cacheKey=gantry-1788679051:46
[  449340ms] [INFO] Sep-06 11:13:46.530 [UFM] (TNWA8QCGZ) received F0817A32Y1E (1) @ https://a.slack-edge.com/bv1-13-br/gantry-v2-shared.cdda0aad0eba53be.min.js?cacheKey=gantry-1788679051:46
[  449360ms] [INFO] Sep-06 11:13:46.550 [API-Q] (TNWA8QCGZ) 32962251-1788682426.550 files.info called with reason: quip-action-item-file @ https://a.slack-edge.com/bv1-13-br/gantry-v2-shared.cdda0aad0eba53be.min.js?cacheKey=gantry-1788679051:46
[  449360ms] [INFO] Sep-06 11:13:46.551 [API-Q] (TNWA8QCGZ) 32962251-1788682426.550 files.info is ENQUEUED @ https://a.slack-edge.com/bv1-13-br/gantry-v2-shared.cdda0aad0eba53be.min.js?cacheKey=gantry-1788679051:46
[  449361ms] [INFO] Sep-06 11:13:46.552 [QUIP] (TNWA8QCGZ) QUIP Mounting QuipEmbedWithEntityId - F0817A32Y1E @ https://a.slack-edge.com/bv1-13-br/gantry-v2-shared.cdda0aad0eba53be.min.js?cacheKey=gantry-1788679051:46
[  449373ms] [INFO] Sep-06 11:13:46.563 [API-Q] (TNWA8QCGZ) 32962251-1788682426.563 users.interactions.list called with reason: close-canvas-template-buttons-bar @ https://a.slack-edge.com/bv1-13-br/gantry-v2-shared.cdda0aad0eba53be.min.js?cacheKey=gantry-1788679051:46
[  449373ms] [INFO] Sep-06 11:13:46.564 [API-Q] (TNWA8QCGZ) 32962251-1788682426.563 users.interactions.list is ENQUEUED @ https://a.slack-edge.com/bv1-13-br/gantry-v2-shared.cdda0aad0eba53be.min.js?cacheKey=gantry-1788679051:46
[  449374ms] [INFO] Sep-06 11:13:46.565 [QUIP] (TNWA8QCGZ) bcC9AAFLNo4 QUIP Embedding doc @ https://a.slack-edge.com/bv1-13-br/gantry-v2-shared.cdda0aad0eba53be.min.js?cacheKey=gantry-1788679051:46
[  449374ms] [INFO] Sep-06 11:13:46.565 [QUIP] (TNWA8QCGZ) bcC9AAFLNo4 QUIP Opening doc to versionId: undefined @ https://a.slack-edge.com/bv1-13-br/gantry-v2-shared.cdda0aad0eba53be.min.js?cacheKey=gantry-1788679051:46
[  449375ms] [INFO] Sep-06 11:13:46.565 [QUIP] (TNWA8QCGZ) [QUIP] createdViewFrame collab-doc-8x.840f6y0qf-0-0 @ https://a.slack-edge.com/bv1-13-br/gantry-v2-shared.cdda0aad0eba53be.min.js?cacheKey=gantry-1788679051:46
[  449376ms] [INFO] Sep-06 11:13:46.567 [QUIP] (TNWA8QCGZ) [QUIP] Starting render. thread: bcC9AAFLNo4 frameName: collab-doc-8x.840f6y0qf-0-0 map identifier: 1788682069969-0.2717372911649366 @ https://a.slack-edge.com/bv1-13-br/gantry-v2-shared.cdda0aad0eba53be.min.js?cacheKey=gantry-1788679051:46
[  449380ms] [INFO] Sep-06 11:13:46.570 [QUIP] (TNWA8QCGZ) bcC9AAFLNo4 QUIP Docs open: 1 @ https://a.slack-edge.com/bv1-13-br/gantry-v2-shared.cdda0aad0eba53be.min.js?cacheKey=gantry-1788679051:46
[  449381ms] [INFO] Sep-06 11:13:46.571 [QUIP] (TNWA8QCGZ) bcC9AAFLNo4 Autofocus false {inFlexpane: undefined, isPreview: undefined, isInSuggestedTab: undefined, hasFileId: true, hasKeyboardFocus: false} @ https://a.slack-edge.com/bv1-13-br/gantry-v2-shared.cdda0aad0eba53be.min.js?cacheKey=gantry-1788679051:46
[  449381ms] [INFO] Sep-06 11:13:46.572 [API-Q] (TNWA8QCGZ) 32962251-1788682426.572 files.open called with reason: open-file @ https://a.slack-edge.com/bv1-13-br/gantry-v2-shared.cdda0aad0eba53be.min.js?cacheKey=gantry-1788679051:46
[  449382ms] [INFO] Sep-06 11:13:46.572 [API-Q] (TNWA8QCGZ) 32962251-1788682426.572 files.open is ENQUEUED @ https://a.slack-edge.com/bv1-13-br/gantry-v2-shared.cdda0aad0eba53be.min.js?cacheKey=gantry-1788679051:46
[  449382ms] [INFO] Sep-06 11:13:46.573 [API-Q] (TNWA8QCGZ) Deduped request for method: users.interactions.list @ https://a.slack-edge.com/bv1-13-br/gantry-v2-shared.cdda0aad0eba53be.min.js?cacheKey=gantry-1788679051:46
[  449386ms] [INFO] Sep-06 11:13:46.576 [QUIP] (TNWA8QCGZ) construct QuipEmbeddedUiProvider F0817A32Y1E @ https://a.slack-edge.com/bv1-13-br/gantry-v2-shared.cdda0aad0eba53be.min.js?cacheKey=gantry-1788679051:46
[  449388ms] [INFO] Sep-06 11:13:46.578 [API-Q] (TNWA8QCGZ) 32962251-1788682426.550 files.info is ACTIVE @ https://a.slack-edge.com/bv1-13-br/gantry-v2-shared.cdda0aad0eba53be.min.js?cacheKey=gantry-1788679051:46
[  449388ms] [INFO] Sep-06 11:13:46.579 [API-Q] (TNWA8QCGZ) 32962251-1788682426.563 users.interactions.list is ACTIVE @ https://a.slack-edge.com/bv1-13-br/gantry-v2-shared.cdda0aad0eba53be.min.js?cacheKey=gantry-1788679051:46
[  449388ms] [INFO] Sep-06 11:13:46.579 [API-Q] (TNWA8QCGZ) 32962251-1788682426.572 files.open is ACTIVE @ https://a.slack-edge.com/bv1-13-br/gantry-v2-shared.cdda0aad0eba53be.min.js?cacheKey=gantry-1788679051:46
[  449427ms] [INFO] Sep-06 11:13:46.618 [UFM-CHANNELS] (TNWA8QCGZ) requesting C0817A32Y1E (1) @ https://a.slack-edge.com/bv1-13-br/gantry-v2-shared.cdda0aad0eba53be.min.js?cacheKey=gantry-1788679051:46
[  449428ms] [INFO] Sep-06 11:13:46.618 [API-Q] (TNWA8QCGZ) noversion-1788682426.618 Flannel channels/info called with reason: flannel-call:channels/info @ https://a.slack-edge.com/bv1-13-br/gantry-v2-shared.cdda0aad0eba53be.min.js?cacheKey=gantry-1788679051:46
[  449428ms] [INFO] Sep-06 11:13:46.618 [API-Q] (TNWA8QCGZ) noversion-1788682426.618 Flannel channels/info is ENQUEUED @ https://a.slack-edge.com/bv1-13-br/gantry-v2-shared.cdda0aad0eba53be.min.js?cacheKey=gantry-1788679051:46
[  449428ms] [INFO] Sep-06 11:13:46.619 [API-Q] (TNWA8QCGZ) noversion-1788682426.618 Flannel channels/info is ACTIVE @ https://a.slack-edge.com/bv1-13-br/gantry-v2-shared.cdda0aad0eba53be.min.js?cacheKey=gantry-1788679051:46
[  449479ms] [LOG] [WD] All assets have reported back; s: 21; f: 0 @ https://app.slack.com/client/TNWA8QCGZ:0
[  449486ms] [INFO] Sep-06 11:13:46.677 [CHECK-UNREADS] (TNWA8QCGZ) Checking unreads after unread line became visible @ https://a.slack-edge.com/bv1-13-br/gantry-v2-shared.cdda0aad0eba53be.min.js?cacheKey=gantry-1788679051:46
[  449486ms] [INFO] Sep-06 11:13:46.677 [CHECK-UNREADS] (TNWA8QCGZ) Not marking D0BVAC9KXL2 because last_read >= latest && channel is read @ https://a.slack-edge.com/bv1-13-br/gantry-v2-shared.cdda0aad0eba53be.min.js?cacheKey=gantry-1788679051:46
[  449497ms] [INFO] Sep-06 11:13:46.688 [API-Q] (TNWA8QCGZ) noversion-1788682426.307 Flannel permissions/info is RESOLVED @ https://a.slack-edge.com/bv1-13-br/gantry-v2-shared.cdda0aad0eba53be.min.js?cacheKey=gantry-1788679051:46
[  449498ms] [INFO] Sep-06 11:13:46.689 [API-Q] (TNWA8QCGZ) noversion-1788682426.320 Flannel permissions/info is RESOLVED @ https://a.slack-edge.com/bv1-13-br/gantry-v2-shared.cdda0aad0eba53be.min.js?cacheKey=gantry-1788679051:46
[  449498ms] [INFO] Sep-06 11:13:46.689 [UFM-PERMISSIONS] (TNWA8QCGZ) received CAN_AT_CHANNEL,CAN_AT_EVERYONE,ARCHIVE_CHANNEL (1) @ https://a.slack-edge.com/bv1-13-br/gantry-v2-shared.cdda0aad0eba53be.min.js?cacheKey=gantry-1788679051:46
[  449588ms] [INFO] Sep-06 11:13:46.778 [API-Q] (TNWA8QCGZ) 32962251-1788682426.550 files.info is RESOLVED @ https://a.slack-edge.com/bv1-13-br/gantry-v2-shared.cdda0aad0eba53be.min.js?cacheKey=gantry-1788679051:46
[  449595ms] [INFO] Sep-06 11:13:46.785 [API-Q] (TNWA8QCGZ) noversion-1788682426.618 Flannel channels/info is RESOLVED @ https://a.slack-edge.com/bv1-13-br/gantry-v2-shared.cdda0aad0eba53be.min.js?cacheKey=gantry-1788679051:46
[  449595ms] [INFO] Sep-06 11:13:46.786 [API-Q] (TNWA8QCGZ) 32962251-1788682426.786 conversations.genericInfo called with reason: fallback:UnknownFetchManager @ https://a.slack-edge.com/bv1-13-br/gantry-v2-shared.cdda0aad0eba53be.min.js?cacheKey=gantry-1788679051:46
[  449595ms] [INFO] Sep-06 11:13:46.786 [API-Q] (TNWA8QCGZ) 32962251-1788682426.786 conversations.genericInfo is ENQUEUED @ https://a.slack-edge.com/bv1-13-br/gantry-v2-shared.cdda0aad0eba53be.min.js?cacheKey=gantry-1788679051:46
[  449596ms] [INFO] Sep-06 11:13:46.786 [API-Q] (TNWA8QCGZ) 32962251-1788682426.786 conversations.genericInfo is ACTIVE @ https://a.slack-edge.com/bv1-13-br/gantry-v2-shared.cdda0aad0eba53be.min.js?cacheKey=gantry-1788679051:46
[  449597ms] [INFO] Sep-06 11:13:46.787 [API-Q] (TNWA8QCGZ) 32962251-1788682426.572 files.open is RESOLVED @ https://a.slack-edge.com/bv1-13-br/gantry-v2-shared.cdda0aad0eba53be.min.js?cacheKey=gantry-1788679051:46
[  449599ms] [INFO] Sep-06 11:13:46.789 [API-Q] (TNWA8QCGZ) 32962251-1788682426.789 megaphone.notifications.list called with reason: load-megaphone-notification-data @ https://a.slack-edge.com/bv1-13-br/gantry-v2-shared.cdda0aad0eba53be.min.js?cacheKey=gantry-1788679051:46
[  449599ms] [INFO] Sep-06 11:13:46.789 [API-Q] (TNWA8QCGZ) 32962251-1788682426.789 megaphone.notifications.list is ENQUEUED @ https://a.slack-edge.com/bv1-13-br/gantry-v2-shared.cdda0aad0eba53be.min.js?cacheKey=gantry-1788679051:46
[  449599ms] [INFO] Sep-06 11:13:46.789 [API-Q] (TNWA8QCGZ) 32962251-1788682426.789 megaphone.notifications.list is ACTIVE @ https://a.slack-edge.com/bv1-13-br/gantry-v2-shared.cdda0aad0eba53be.min.js?cacheKey=gantry-1788679051:46
[  449643ms] [INFO] Sep-06 11:13:46.833 [API-Q] (TNWA8QCGZ) 32962251-1788682426.563 users.interactions.list is RESOLVED @ https://a.slack-edge.com/bv1-13-br/gantry-v2-shared.cdda0aad0eba53be.min.js?cacheKey=gantry-1788679051:46
[  449777ms] [INFO] Sep-06 11:13:46.967 [API-Q] (TNWA8QCGZ) 32962251-1788682426.786 conversations.genericInfo is RESOLVED @ https://a.slack-edge.com/bv1-13-br/gantry-v2-shared.cdda0aad0eba53be.min.js?cacheKey=gantry-1788679051:46
[  449777ms] [INFO] Sep-06 11:13:46.968 [UFM-CHANNELS] (TNWA8QCGZ) received C0817A32Y1E (1) @ https://a.slack-edge.com/bv1-13-br/gantry-v2-shared.cdda0aad0eba53be.min.js?cacheKey=gantry-1788679051:46
[  449777ms] [WARNING] Sep-06 11:13:46.968 UFM-channels (TNWA8QCGZ) UnknownFetchManager requested 1 objects but received 0. Missing objects: C0817A32Y1E @ https://a.slack-edge.com/bv1-13-br/gantry-v2-shared.cdda0aad0eba53be.min.js?cacheKey=gantry-1788679051:46
[  449791ms] [INFO] Sep-06 11:13:46.981 [API-Q] (TNWA8QCGZ) 32962251-1788682426.789 megaphone.notifications.list is RESOLVED @ https://a.slack-edge.com/bv1-13-br/gantry-v2-shared.cdda0aad0eba53be.min.js?cacheKey=gantry-1788679051:46
[  449833ms] [INFO] Sep-06 11:13:47.023 [QUIP] (TNWA8QCGZ) [QUIP] Render loaded thread bcC9AAFLNo4. @ https://a.slack-edge.com/bv1-13-br/gantry-v2-shared.cdda0aad0eba53be.min.js?cacheKey=gantry-1788679051:46
[  449833ms] [INFO] Sep-06 11:13:47.023 [QUIP] (TNWA8QCGZ) [QUIP] Loading thread bcC9AAFLNo4 for mode editor @ https://a.slack-edge.com/bv1-13-br/gantry-v2-shared.cdda0aad0eba53be.min.js?cacheKey=gantry-1788679051:46
[  449833ms] [INFO] Sep-06 11:13:47.024 [QUIP] (TNWA8QCGZ) [QUIP] Ready to render editor thread bcC9AAFLNo4 @ https://a.slack-edge.com/bv1-13-br/gantry-v2-shared.cdda0aad0eba53be.min.js?cacheKey=gantry-1788679051:46
[  449834ms] [INFO] Sep-06 11:13:47.024 [QUIP] (TNWA8QCGZ) [QUIP] Render thread editor. frameName: collab-doc-8x.840f6y0qf-0-0, map identifier: 1788682069969-0.2717372911649366 @ https://a.slack-edge.com/bv1-13-br/gantry-v2-shared.cdda0aad0eba53be.min.js?cacheKey=gantry-1788679051:46
[  449840ms] [INFO] Sep-06 11:13:47.031 [QUIP] (TNWA8QCGZ) [QUIP] Loading models. bcC9AAFLNo4 collab-doc-8x.840f6y0qf-0-0 @ https://a.slack-edge.com/bv1-13-br/gantry-v2-shared.cdda0aad0eba53be.min.js?cacheKey=gantry-1788679051:46
[  449842ms] [INFO] Sep-06 11:13:47.032 [QUIP] (TNWA8QCGZ) [QUIP] Loaded thread in editor bcC9AAFLNo4 @ https://a.slack-edge.com/bv1-13-br/gantry-v2-shared.cdda0aad0eba53be.min.js?cacheKey=gantry-1788679051:46
[  449848ms] [INFO] Sep-06 11:13:47.038 [QUIP] (TNWA8QCGZ) bcC9AAFLNo4 QUIP Loaded models from memory with web cache enabled @ https://a.slack-edge.com/bv1-13-br/gantry-v2-shared.cdda0aad0eba53be.min.js?cacheKey=gantry-1788679051:46
[  449848ms] [INFO] Sep-06 11:13:47.038 [QUIP] (TNWA8QCGZ) [QUIP] Model load end and editor load start bcC9AAFLNo4 collab-doc-8x.840f6y0qf-0-0 @ https://a.slack-edge.com/bv1-13-br/gantry-v2-shared.cdda0aad0eba53be.min.js?cacheKey=gantry-1788679051:46
[  449855ms] [INFO] Sep-06 11:13:47.045 [QUIP] (TNWA8QCGZ) [QUIP] Setting editor document frame name map for frame name collab-doc-8x.840f6y0qf-0-0 @ https://a.slack-edge.com/bv1-13-br/gantry-v2-shared.cdda0aad0eba53be.min.js?cacheKey=gantry-1788679051:46
[  449859ms] [INFO] Sep-06 11:13:47.049 [QUIP] (TNWA8QCGZ) [QUIP] (bcC9AAFLNo4) [LazyRenderer] Render start: 22 updates 1 chunks @ https://a.slack-edge.com/bv1-13-br/gantry-v2-shared.cdda0aad0eba53be.min.js?cacheKey=gantry-1788679051:46
[  449882ms] [INFO] Sep-06 11:13:47.073 [QUIP] (TNWA8QCGZ) [QUIP] (bcC9AAFLNo4) [ScrollChunkRenderer] Rendered chunk 1 / 1 of size 22 @ https://a.slack-edge.com/bv1-13-br/gantry-v2-shared.cdda0aad0eba53be.min.js?cacheKey=gantry-1788679051:46
[  449882ms] [INFO] Sep-06 11:13:47.073 [QUIP] (TNWA8QCGZ) [QUIP] (bcC9AAFLNo4) [LazyRenderer] Render complete @ https://a.slack-edge.com/bv1-13-br/gantry-v2-shared.cdda0aad0eba53be.min.js?cacheKey=gantry-1788679051:46
[  449883ms] [INFO] Sep-06 11:13:47.073 [QUIP] (TNWA8QCGZ) [QUIP] Editor load end bcC9AAFLNo4 collab-doc-8x.840f6y0qf-0-0 @ https://a.slack-edge.com/bv1-13-br/gantry-v2-shared.cdda0aad0eba53be.min.js?cacheKey=gantry-1788679051:46
[  449912ms] [INFO] Sep-06 11:13:47.102 [QUIP] (TNWA8QCGZ) bcC9AAFLNo4 QUIP Rendered doc @ https://a.slack-edge.com/bv1-13-br/gantry-v2-shared.cdda0aad0eba53be.min.js?cacheKey=gantry-1788679051:46
[  449912ms] [INFO] Sep-06 11:13:47.103 [QUIP] (TNWA8QCGZ) [QUIP] Thread bcC9AAFLNo4 finished loading @ https://a.slack-edge.com/bv1-13-br/gantry-v2-shared.cdda0aad0eba53be.min.js?cacheKey=gantry-1788679051:46
[  449915ms] [INFO] Sep-06 11:13:47.106 [QUIP] (TNWA8QCGZ) embed null undefined 16 @ https://a.slack-edge.com/bv1-13-br/gantry-v2-shared.cdda0aad0eba53be.min.js?cacheKey=gantry-1788679051:46
[  449920ms] [INFO] Sep-06 11:13:47.110 [QUIP] (TNWA8QCGZ) Update mutable props {fileId: F0817A32Y1E} @ https://a.slack-edge.com/bv1-13-br/gantry-v2-shared.cdda0aad0eba53be.min.js?cacheKey=gantry-1788679051:46
[  449922ms] [INFO] Sep-06 11:13:47.112 [QUIP] (TNWA8QCGZ) embed type: 0, subtype: 11, id: imageplace:TWO_EMPLOYEES_EXAMPLE_IMAGE:static bcC9CAosYbL 1 @ https://a.slack-edge.com/bv1-13-br/gantry-v2-shared.cdda0aad0eba53be.min.js?cacheKey=gantry-1788679051:46
[  450308ms] [INFO] Sep-06 11:13:47.498 [SET-LAST-READ] (TNWA8QCGZ) delay resolved, marking D0BVAC9KXL2:1788682224.992449 with API @ https://a.slack-edge.com/bv1-13-br/gantry-v2-shared.cdda0aad0eba53be.min.js?cacheKey=gantry-1788679051:46
[  450308ms] [INFO] Sep-06 11:13:47.499 [SET-LAST-READ] (TNWA8QCGZ) dispatch conversations.mark with markWithAPI D0BVAC9KXL2:1788682224.992449 @ https://a.slack-edge.com/bv1-13-br/gantry-v2-shared.cdda0aad0eba53be.min.js?cacheKey=gantry-1788679051:46
[  450309ms] [INFO] Sep-06 11:13:47.499 [API-Q] (TNWA8QCGZ) 32962251-1788682427.499 conversations.mark called with reason: viewed @ https://a.slack-edge.com/bv1-13-br/gantry-v2-shared.cdda0aad0eba53be.min.js?cacheKey=gantry-1788679051:46
[  450309ms] [INFO] Sep-06 11:13:47.499 [API-Q] (TNWA8QCGZ) 32962251-1788682427.499 conversations.mark is ENQUEUED @ https://a.slack-edge.com/bv1-13-br/gantry-v2-shared.cdda0aad0eba53be.min.js?cacheKey=gantry-1788679051:46
[  450309ms] [INFO] Sep-06 11:13:47.500 [API-Q] (TNWA8QCGZ) 32962251-1788682427.499 conversations.mark is ACTIVE @ https://a.slack-edge.com/bv1-13-br/gantry-v2-shared.cdda0aad0eba53be.min.js?cacheKey=gantry-1788679051:46
[  450571ms] [INFO] Sep-06 11:13:47.761 [API-Q] (TNWA8QCGZ) 32962251-1788682427.499 conversations.mark is RESOLVED @ https://a.slack-edge.com/bv1-13-br/gantry-v2-shared.cdda0aad0eba53be.min.js?cacheKey=gantry-1788679051:46
[  450584ms] [INFO] Sep-06 11:13:47.775 [RTM-ACTIVITY] (TNWA8QCGZ) RTM-ACTIVITY activity_updated @ https://a.slack-edge.com/bv1-13-br/gantry-v2-shared.cdda0aad0eba53be.min.js?cacheKey=gantry-1788679051:46
[  450586ms] [INFO] Sep-06 11:13:47.776 [RTM-BADGE-COUNTS-UPDA] (TNWA8QCGZ) badge_counts_updated @ https://a.slack-edge.com/bv1-13-br/gantry-v2-shared.cdda0aad0eba53be.min.js?cacheKey=gantry-1788679051:46
[  450586ms] [INFO] Sep-06 11:13:47.777 [RTM-ACTIVITY] (TNWA8QCGZ) RTM-ACTIVITY activity_updated @ https://a.slack-edge.com/bv1-13-br/gantry-v2-shared.cdda0aad0eba53be.min.js?cacheKey=gantry-1788679051:46
[  451940ms] [INFO] Sep-06 11:13:49.131 [QUIP] (TNWA8QCGZ) bcC9AAFLNo4 Mounted embeds {updateCount: 2, mountedEmbeds: 2} @ https://a.slack-edge.com/bv1-13-br/gantry-v2-shared.cdda0aad0eba53be.min.js?cacheKey=gantry-1788679051:46
[  451940ms] [INFO] Sep-06 11:13:49.131 [QUIP] (TNWA8QCGZ) bcC9AAFLNo4 Mounted embed {containerLength: 174, parentSection: undefined, contentsType: ModalStateObserver} @ https://a.slack-edge.com/bv1-13-br/gantry-v2-shared.cdda0aad0eba53be.min.js?cacheKey=gantry-1788679051:46
[  451940ms] [INFO] Sep-06 11:13:49.131 [QUIP] (TNWA8QCGZ) bcC9AAFLNo4 Mounted embed {containerLength: 591, parentSection: bcC9CAosYbL, contentsType: Card} @ https://a.slack-edge.com/bv1-13-br/gantry-v2-shared.cdda0aad0eba53be.min.js?cacheKey=gantry-1788679051:46
[  455055ms] [INFO] Sep-06 11:13:52.245 [API-Q] (TNWA8QCGZ) 32962251-1788682432.245 blocks.actions called with reason: dispatch_action_to_developer @ https://a.slack-edge.com/bv1-13-br/gantry-v2-shared.cdda0aad0eba53be.min.js?cacheKey=gantry-1788679051:46
[  455055ms] [INFO] Sep-06 11:13:52.246 [API-Q] (TNWA8QCGZ) 32962251-1788682432.245 blocks.actions is ENQUEUED @ https://a.slack-edge.com/bv1-13-br/gantry-v2-shared.cdda0aad0eba53be.min.js?cacheKey=gantry-1788679051:46
[  455071ms] [INFO] Sep-06 11:13:52.261 [API-Q] (TNWA8QCGZ) 32962251-1788682432.245 blocks.actions is ACTIVE @ https://a.slack-edge.com/bv1-13-br/gantry-v2-shared.cdda0aad0eba53be.min.js?cacheKey=gantry-1788679051:46
[  455837ms] [INFO] Sep-06 11:13:53.027 [API-Q] (TNWA8QCGZ) 32962251-1788682432.245 blocks.actions is RESOLVED @ https://a.slack-edge.com/bv1-13-br/gantry-v2-shared.cdda0aad0eba53be.min.js?cacheKey=gantry-1788679051:46
[  465335ms] [INFO] Sep-06 11:14:02.526 [NAVIGATE-IN-MAIN-WIND] Starting a new navigation event {id: D0BVAC9KXL2, viewType: Channel, viewParams: undefined, options: Object} @ https://a.slack-edge.com/bv1-13-br/gantry-v2-shared.cdda0aad0eba53be.min.js?cacheKey=gantry-1788679051:46
[  465336ms] [INFO] Sep-06 11:14:02.526 [APPLY-DETAIL-VIEW] ViewSet with detail view applied {viewSet: Object} @ https://a.slack-edge.com/bv1-13-br/gantry-v2-shared.cdda0aad0eba53be.min.js?cacheKey=gantry-1788679051:46
[  465336ms] [INFO] Sep-06 11:14:02.526 [NAVIGATE-IN-MAIN-WIND] Applying changes to the primary container {viewSet: Object, nextTab: home} @ https://a.slack-edge.com/bv1-13-br/gantry-v2-shared.cdda0aad0eba53be.min.js?cacheKey=gantry-1788679051:46
[  465336ms] [INFO] Sep-06 11:14:02.527 [NAVIGATION-MIDDLEWARE] Starting a new navigation middleware execution {context: navigation, nextViewSet: Object, nextSplitView: undefined, middlewareCount: 26, nextTab: home} @ https://a.slack-edge.com/bv1-13-br/gantry-v2-shared.cdda0aad0eba53be.min.js?cacheKey=gantry-1788679051:46
[  465336ms] [INFO] Sep-06 11:14:02.527 [NAVIGATION-MIDDLEWARE] Async action execution is complete for a view {nextView: Object, results: Array(26), shouldTerminateNavigation: false, executionTime: 0.19999999925494194, nextTab: home} @ https://a.slack-edge.com/bv1-13-br/gantry-v2-shared.cdda0aad0eba53be.min.js?cacheKey=gantry-1788679051:46
[  465337ms] [INFO] Sep-06 11:14:02.527 [NAVIGATION-MIDDLEWARE] Finish middleware execution for sidebar container {maybeTransformedViewSet: Object, maybeTransformedSplitView: undefined, terminateNavigation: false, isViewTransformed: false, iterationCount: 0} @ https://a.slack-edge.com/bv1-13-br/gantry-v2-shared.cdda0aad0eba53be.min.js?cacheKey=gantry-1788679051:46
[  465337ms] [INFO] Sep-06 11:14:02.527 [NAVIGATION-MIDDLEWARE] Async action execution is complete for a view {nextView: Object, results: Array(26), shouldTerminateNavigation: false, executionTime: 0.09999999962747097, nextTab: home} @ https://a.slack-edge.com/bv1-13-br/gantry-v2-shared.cdda0aad0eba53be.min.js?cacheKey=gantry-1788679051:46
[  465337ms] [INFO] Sep-06 11:14:02.527 [APPLY-DETAIL-VIEW] ViewSet with detail view applied {viewSet: Object} @ https://a.slack-edge.com/bv1-13-br/gantry-v2-shared.cdda0aad0eba53be.min.js?cacheKey=gantry-1788679051:46
[  465337ms] [INFO] Sep-06 11:14:02.527 [NAVIGATION-MIDDLEWARE] View has been transformed {container: primary, initialView: Object, transformedView: Object, iterationCount: 0} @ https://a.slack-edge.com/bv1-13-br/gantry-v2-shared.cdda0aad0eba53be.min.js?cacheKey=gantry-1788679051:46
[  465337ms] [INFO] Sep-06 11:14:02.527 [NAVIGATION-MIDDLEWARE] Skipping middleware execution for sidebar container as we have cached value {initialView: Object, iterationCount: 1} @ https://a.slack-edge.com/bv1-13-br/gantry-v2-shared.cdda0aad0eba53be.min.js?cacheKey=gantry-1788679051:46
[  465337ms] [INFO] Sep-06 11:14:02.527 [NAVIGATION-MIDDLEWARE] Async action execution is complete for a view {nextView: Object, results: Array(26), shouldTerminateNavigation: false, executionTime: 0, nextTab: home} @ https://a.slack-edge.com/bv1-13-br/gantry-v2-shared.cdda0aad0eba53be.min.js?cacheKey=gantry-1788679051:46
[  465337ms] [INFO] Sep-06 11:14:02.528 [NAVIGATION-MIDDLEWARE] Finish middleware execution for primary container {maybeTransformedViewSet: Object, maybeTransformedSplitView: undefined, terminateNavigation: false, isViewTransformed: false, iterationCount: 1} @ https://a.slack-edge.com/bv1-13-br/gantry-v2-shared.cdda0aad0eba53be.min.js?cacheKey=gantry-1788679051:46
[  465337ms] [INFO] Sep-06 11:14:02.528 [NAVIGATION-MIDDLEWARE] Async action execution is complete for a view {nextView: undefined, results: Array(26), shouldTerminateNavigation: false, executionTime: 0.10000000149011612, nextTab: home} @ https://a.slack-edge.com/bv1-13-br/gantry-v2-shared.cdda0aad0eba53be.min.js?cacheKey=gantry-1788679051:46
[  465337ms] [INFO] Sep-06 11:14:02.528 [NAVIGATION-MIDDLEWARE] Finish middleware execution for secondary container {maybeTransformedViewSet: Object, maybeTransformedSplitView: undefined, terminateNavigation: false, isViewTransformed: false, iterationCount: 1} @ https://a.slack-edge.com/bv1-13-br/gantry-v2-shared.cdda0aad0eba53be.min.js?cacheKey=gantry-1788679051:46
[  465337ms] [INFO] Sep-06 11:14:02.528 [NAVIGATION-MIDDLEWARE] Finish middleware execution for primary container {maybeTransformedViewSet: Object, maybeTransformedSplitView: undefined, terminateNavigation: false, isViewTransformed: true, iterationCount: 0} @ https://a.slack-edge.com/bv1-13-br/gantry-v2-shared.cdda0aad0eba53be.min.js?cacheKey=gantry-1788679051:46
[  465337ms] [INFO] Sep-06 11:14:02.528 [NAVIGATION-MIDDLEWARE] Navigation middleware execution is complete {maybeUpdatedViewSet: Object, maybeUpdatedSplitView: undefined, terminateNavigation: false, executionTime: 0.900000000372529, nextTab: home} @ https://a.slack-edge.com/bv1-13-br/gantry-v2-shared.cdda0aad0eba53be.min.js?cacheKey=gantry-1788679051:46
[  465337ms] [INFO] Sep-06 11:14:02.528 [NAVIGATE-IN-MAIN-WIND] Built view set after middleware {viewSet: Object, splitView: undefined, nextTab: home} @ https://a.slack-edge.com/bv1-13-br/gantry-v2-shared.cdda0aad0eba53be.min.js?cacheKey=gantry-1788679051:46
[  465338ms] [INFO] Sep-06 11:14:02.529 [NAVIGATE-LISTENERS] (TNWA8QCGZ) Starting navigation listeners for triggerType NAVIGATION @ https://a.slack-edge.com/bv1-13-br/gantry-v2-shared.cdda0aad0eba53be.min.js?cacheKey=gantry-1788679051:46
[  465340ms] [INFO] Sep-06 11:14:02.530 [API-Q] (TNWA8QCGZ) 32962251-1788682442.530 megaphone.notifications.list called with reason: load-megaphone-notification-data @ https://a.slack-edge.com/bv1-13-br/gantry-v2-shared.cdda0aad0eba53be.min.js?cacheKey=gantry-1788679051:46
[  465340ms] [INFO] Sep-06 11:14:02.530 [API-Q] (TNWA8QCGZ) 32962251-1788682442.530 megaphone.notifications.list is ENQUEUED @ https://a.slack-edge.com/bv1-13-br/gantry-v2-shared.cdda0aad0eba53be.min.js?cacheKey=gantry-1788679051:46
[  465340ms] [INFO] Sep-06 11:14:02.531 [API-Q] (TNWA8QCGZ) 32962251-1788682442.531 users.prefs.set called with reason: prefs-api/setUserPrefByApi @ https://a.slack-edge.com/bv1-13-br/gantry-v2-shared.cdda0aad0eba53be.min.js?cacheKey=gantry-1788679051:46
[  465340ms] [INFO] Sep-06 11:14:02.531 [API-Q] (TNWA8QCGZ) 32962251-1788682442.531 users.prefs.set is ENQUEUED @ https://a.slack-edge.com/bv1-13-br/gantry-v2-shared.cdda0aad0eba53be.min.js?cacheKey=gantry-1788679051:46
[  465341ms] [INFO] Sep-06 11:14:02.531 [NAVIGATE-LISTENERS] (TNWA8QCGZ) Navigation listeners complete without errors @ https://a.slack-edge.com/bv1-13-br/gantry-v2-shared.cdda0aad0eba53be.min.js?cacheKey=gantry-1788679051:46
[  465341ms] [INFO] Sep-06 11:14:02.531 [NAVIGATE-IN-MAIN-WIND]  Navigation thunk execution complete {id: D0BVAC9KXL2, viewType: Channel, viewParams: undefined, options: Object} @ https://a.slack-edge.com/bv1-13-br/gantry-v2-shared.cdda0aad0eba53be.min.js?cacheKey=gantry-1788679051:46
[  465341ms] [INFO] Sep-06 11:14:02.531 [API-Q] (TNWA8QCGZ) 32962251-1788682442.530 megaphone.notifications.list is ACTIVE @ https://a.slack-edge.com/bv1-13-br/gantry-v2-shared.cdda0aad0eba53be.min.js?cacheKey=gantry-1788679051:46
[  465341ms] [INFO] Sep-06 11:14:02.532 [API-Q] (TNWA8QCGZ) 32962251-1788682442.531 users.prefs.set is ACTIVE @ https://a.slack-edge.com/bv1-13-br/gantry-v2-shared.cdda0aad0eba53be.min.js?cacheKey=gantry-1788679051:46
[  465354ms] [INFO] Sep-06 11:14:02.544 [CHECK-UNREADS] (TNWA8QCGZ) unreadLineVisible updated in main window container primary: undefined -> true @ https://a.slack-edge.com/bv1-13-br/gantry-v2-shared.cdda0aad0eba53be.min.js?cacheKey=gantry-1788679051:46
[  465356ms] [INFO] Sep-06 11:14:02.546 [QUIP] (TNWA8QCGZ) QUIP Unmounting QuipEmbedWithEntityId - F0817A32Y1E @ https://a.slack-edge.com/bv1-13-br/gantry-v2-shared.cdda0aad0eba53be.min.js?cacheKey=gantry-1788679051:46
[  465356ms] [INFO] Sep-06 11:14:02.546 [QUIP] (TNWA8QCGZ) bcC9AAFLNo4 QUIP Unmounting doc @ https://a.slack-edge.com/bv1-13-br/gantry-v2-shared.cdda0aad0eba53be.min.js?cacheKey=gantry-1788679051:46
[  465356ms] [INFO] Sep-06 11:14:02.547 [QUIP] (TNWA8QCGZ) [Quip] unmount doc with frame name collab-doc-8x.840f6y0qf-0-0. Frame loaded true @ https://a.slack-edge.com/bv1-13-br/gantry-v2-shared.cdda0aad0eba53be.min.js?cacheKey=gantry-1788679051:46
[  465356ms] [INFO] Sep-06 11:14:02.547 [QUIP] (TNWA8QCGZ) [QUIP] Clean up view frame collab-doc-8x.840f6y0qf-0-0 @ https://a.slack-edge.com/bv1-13-br/gantry-v2-shared.cdda0aad0eba53be.min.js?cacheKey=gantry-1788679051:46
[  465357ms] [INFO] Sep-06 11:14:02.547 [QUIP] (TNWA8QCGZ) bcC9AAFLNo4 QUIP Docs open: 0 @ https://a.slack-edge.com/bv1-13-br/gantry-v2-shared.cdda0aad0eba53be.min.js?cacheKey=gantry-1788679051:46
[  465357ms] [INFO] Sep-06 11:14:02.548 [QUIP] (TNWA8QCGZ) tearDown QuipEmbeddedUiProvider F0817A32Y1E @ https://a.slack-edge.com/bv1-13-br/gantry-v2-shared.cdda0aad0eba53be.min.js?cacheKey=gantry-1788679051:46
[  465359ms] [INFO] Sep-06 11:14:02.550 [QUIP] (TNWA8QCGZ) [QUIP] (bcC9AAFLNo4) Unloading document. Status:clean PageUnload:0 OnDocumentUnloaded:true SavingEnabled:true SavingPaused:false @ https://a.slack-edge.com/bv1-13-br/gantry-v2-shared.cdda0aad0eba53be.min.js?cacheKey=gantry-1788679051:46
[  465361ms] [WARNING] Sep-06 11:14:02.551 QUIP (TNWA8QCGZ) Could not find a frame with name collab-doc-8x.840f6y0qf-0-0. @ https://a.slack-edge.com/bv1-13-br/gantry-v2-shared.cdda0aad0eba53be.min.js?cacheKey=gantry-1788679051:46
[  465362ms] [WARNING] Sep-06 11:14:02.552 QUIP (TNWA8QCGZ) Could not find a frame with name collab-doc-8x.840f6y0qf-0-0. @ https://a.slack-edge.com/bv1-13-br/gantry-v2-shared.cdda0aad0eba53be.min.js?cacheKey=gantry-1788679051:46
[  465362ms] [INFO] Sep-06 11:14:02.552 [QUIP] (TNWA8QCGZ) {type: document_prepare_for_close, timestamp_ms: 1788682442552} @ https://a.slack-edge.com/bv1-13-br/gantry-v2-shared.cdda0aad0eba53be.min.js?cacheKey=gantry-1788679051:46
[  465363ms] [INFO] Sep-06 11:14:02.553 [QUIP] (TNWA8QCGZ) [QUIP] (bcC9AAFLNo4) Unload before onDocumentUnloaded @ https://a.slack-edge.com/bv1-13-br/gantry-v2-shared.cdda0aad0eba53be.min.js?cacheKey=gantry-1788679051:46
[  465363ms] [WARNING] Sep-06 11:14:02.554 QUIP (TNWA8QCGZ) Could not find a frame with name collab-doc-8x.840f6y0qf-0-0. @ https://a.slack-edge.com/bv1-13-br/gantry-v2-shared.cdda0aad0eba53be.min.js?cacheKey=gantry-1788679051:46
[  465363ms] [INFO] Sep-06 11:14:02.554 [QUIP] (TNWA8QCGZ) [QUIP] (bcC9AAFLNo4) Unload before cleanup @ https://a.slack-edge.com/bv1-13-br/gantry-v2-shared.cdda0aad0eba53be.min.js?cacheKey=gantry-1788679051:46
[  465364ms] [INFO] Sep-06 11:14:02.554 [QUIP] (TNWA8QCGZ) [QUIP] (bcC9AAFLNo4) Unload before deleteIfNeeded @ https://a.slack-edge.com/bv1-13-br/gantry-v2-shared.cdda0aad0eba53be.min.js?cacheKey=gantry-1788679051:46
[  465364ms] [INFO] Sep-06 11:14:02.555 [QUIP] (TNWA8QCGZ) [QUIP] (bcC9AAFLNo4) Unload complete. StillDirty:false PageUnload:0 @ https://a.slack-edge.com/bv1-13-br/gantry-v2-shared.cdda0aad0eba53be.min.js?cacheKey=gantry-1788679051:46
[  465364ms] [INFO] Sep-06 11:14:02.555 [QUIP] (TNWA8QCGZ) [QUIP] Cleaning up document and editor document frame name map for frame name collab-doc-8x.840f6y0qf-0-0 @ https://a.slack-edge.com/bv1-13-br/gantry-v2-shared.cdda0aad0eba53be.min.js?cacheKey=gantry-1788679051:46
[  465400ms] [WARNING] Sep-06 11:14:02.591 QUIP (TNWA8QCGZ) Could not find a frame with name collab-doc-8x.840f6y0qf-0-0. @ https://a.slack-edge.com/bv1-13-br/gantry-v2-shared.cdda0aad0eba53be.min.js?cacheKey=gantry-1788679051:46
[  465403ms] [INFO] Sep-06 11:14:02.593 [API-Q] (TNWA8QCGZ) 32962251-1788682442.593 files.close called with reason: close-file @ https://a.slack-edge.com/bv1-13-br/gantry-v2-shared.cdda0aad0eba53be.min.js?cacheKey=gantry-1788679051:46
[  465403ms] [INFO] Sep-06 11:14:02.593 [API-Q] (TNWA8QCGZ) 32962251-1788682442.593 files.close is ENQUEUED @ https://a.slack-edge.com/bv1-13-br/gantry-v2-shared.cdda0aad0eba53be.min.js?cacheKey=gantry-1788679051:46
[  465403ms] [INFO] Sep-06 11:14:02.594 [API-Q] (TNWA8QCGZ) 32962251-1788682442.593 files.close is ACTIVE @ https://a.slack-edge.com/bv1-13-br/gantry-v2-shared.cdda0aad0eba53be.min.js?cacheKey=gantry-1788679051:46
[  465533ms] [INFO] Sep-06 11:14:02.724 [API-Q] (TNWA8QCGZ) 32962251-1788682442.530 megaphone.notifications.list is RESOLVED @ https://a.slack-edge.com/bv1-13-br/gantry-v2-shared.cdda0aad0eba53be.min.js?cacheKey=gantry-1788679051:46
[  465535ms] [INFO] Sep-06 11:14:02.726 [API-Q] (TNWA8QCGZ) 32962251-1788682442.531 users.prefs.set is RESOLVED @ https://a.slack-edge.com/bv1-13-br/gantry-v2-shared.cdda0aad0eba53be.min.js?cacheKey=gantry-1788679051:46
[  465611ms] [INFO] Sep-06 11:14:02.801 [API-Q] (TNWA8QCGZ) 32962251-1788682442.593 files.close is REJECTED: API not ok file_not_found @ https://a.slack-edge.com/bv1-13-br/gantry-v2-shared.cdda0aad0eba53be.min.js?cacheKey=gantry-1788679051:46
[  465611ms] [ERROR] Sep-06 11:14:02.802 (TNWA8QCGZ) API call to files.close
						with reason close-file failed, initiated by generated fetcher @ https://a.slack-edge.com/bv1-13-br/gantry-v2-shared.cdda0aad0eba53be.min.js?cacheKey=gantry-1788679051:46
[  465709ms] [INFO] Sep-06 11:14:02.900 [CHECK-UNREADS] (TNWA8QCGZ) Checking unreads after unread line became visible @ https://a.slack-edge.com/bv1-13-br/gantry-v2-shared.cdda0aad0eba53be.min.js?cacheKey=gantry-1788679051:46
[  465709ms] [INFO] Sep-06 11:14:02.900 [CHECK-UNREADS] (TNWA8QCGZ) Not marking D0BVAC9KXL2 because last_read >= latest && channel is read @ https://a.slack-edge.com/bv1-13-br/gantry-v2-shared.cdda0aad0eba53be.min.js?cacheKey=gantry-1788679051:46
[  467057ms] [INFO] Sep-06 11:14:04.248 [NAVIGATE-IN-MAIN-WIND] Starting a new navigation event {id: D0C0QPCJK88, viewType: Channel, viewParams: undefined, options: Object} @ https://a.slack-edge.com/bv1-13-br/gantry-v2-shared.cdda0aad0eba53be.min.js?cacheKey=gantry-1788679051:46
[  467058ms] [INFO] Sep-06 11:14:04.248 [APPLY-DETAIL-VIEW] ViewSet with detail view applied {viewSet: Object} @ https://a.slack-edge.com/bv1-13-br/gantry-v2-shared.cdda0aad0eba53be.min.js?cacheKey=gantry-1788679051:46
[  467058ms] [INFO] Sep-06 11:14:04.248 [NAVIGATE-IN-MAIN-WIND] Applying changes to the primary container {viewSet: Object, nextTab: home} @ https://a.slack-edge.com/bv1-13-br/gantry-v2-shared.cdda0aad0eba53be.min.js?cacheKey=gantry-1788679051:46
[  467058ms] [INFO] Sep-06 11:14:04.248 [NAVIGATION-MIDDLEWARE] Starting a new navigation middleware execution {context: navigation, nextViewSet: Object, nextSplitView: undefined, middlewareCount: 26, nextTab: home} @ https://a.slack-edge.com/bv1-13-br/gantry-v2-shared.cdda0aad0eba53be.min.js?cacheKey=gantry-1788679051:46
[  467058ms] [INFO] Sep-06 11:14:04.249 [NAVIGATION-MIDDLEWARE] Async action execution is complete for a view {nextView: Object, results: Array(26), shouldTerminateNavigation: false, executionTime: 0.10000000149011612, nextTab: home} @ https://a.slack-edge.com/bv1-13-br/gantry-v2-shared.cdda0aad0eba53be.min.js?cacheKey=gantry-1788679051:46
[  467058ms] [INFO] Sep-06 11:14:04.249 [NAVIGATION-MIDDLEWARE] Finish middleware execution for sidebar container {maybeTransformedViewSet: Object, maybeTransformedSplitView: undefined, terminateNavigation: false, isViewTransformed: false, iterationCount: 0} @ https://a.slack-edge.com/bv1-13-br/gantry-v2-shared.cdda0aad0eba53be.min.js?cacheKey=gantry-1788679051:46
[  467058ms] [INFO] Sep-06 11:14:04.249 [NAVIGATION-MIDDLEWARE] Async action execution is complete for a view {nextView: Object, results: Array(26), shouldTerminateNavigation: false, executionTime: 0, nextTab: home} @ https://a.slack-edge.com/bv1-13-br/gantry-v2-shared.cdda0aad0eba53be.min.js?cacheKey=gantry-1788679051:46
[  467058ms] [INFO] Sep-06 11:14:04.249 [APPLY-DETAIL-VIEW] ViewSet with detail view applied {viewSet: Object} @ https://a.slack-edge.com/bv1-13-br/gantry-v2-shared.cdda0aad0eba53be.min.js?cacheKey=gantry-1788679051:46
[  467058ms] [INFO] Sep-06 11:14:04.249 [NAVIGATION-MIDDLEWARE] View has been transformed {container: primary, initialView: Object, transformedView: Object, iterationCount: 0} @ https://a.slack-edge.com/bv1-13-br/gantry-v2-shared.cdda0aad0eba53be.min.js?cacheKey=gantry-1788679051:46
[  467059ms] [INFO] Sep-06 11:14:04.249 [NAVIGATION-MIDDLEWARE] Skipping middleware execution for sidebar container as we have cached value {initialView: Object, iterationCount: 1} @ https://a.slack-edge.com/bv1-13-br/gantry-v2-shared.cdda0aad0eba53be.min.js?cacheKey=gantry-1788679051:46
[  467059ms] [INFO] Sep-06 11:14:04.249 [NAVIGATION-MIDDLEWARE] Async action execution is complete for a view {nextView: Object, results: Array(26), shouldTerminateNavigation: false, executionTime: 0.09999999962747097, nextTab: home} @ https://a.slack-edge.com/bv1-13-br/gantry-v2-shared.cdda0aad0eba53be.min.js?cacheKey=gantry-1788679051:46
[  467059ms] [INFO] Sep-06 11:14:04.249 [NAVIGATION-MIDDLEWARE] Finish middleware execution for primary container {maybeTransformedViewSet: Object, maybeTransformedSplitView: undefined, terminateNavigation: false, isViewTransformed: false, iterationCount: 1} @ https://a.slack-edge.com/bv1-13-br/gantry-v2-shared.cdda0aad0eba53be.min.js?cacheKey=gantry-1788679051:46
[  467059ms] [INFO] Sep-06 11:14:04.249 [NAVIGATION-MIDDLEWARE] Finish middleware execution for primary container {maybeTransformedViewSet: Object, maybeTransformedSplitView: undefined, terminateNavigation: false, isViewTransformed: true, iterationCount: 0} @ https://a.slack-edge.com/bv1-13-br/gantry-v2-shared.cdda0aad0eba53be.min.js?cacheKey=gantry-1788679051:46
[  467059ms] [INFO] Sep-06 11:14:04.249 [NAVIGATION-MIDDLEWARE] Navigation middleware execution is complete {maybeUpdatedViewSet: Object, maybeUpdatedSplitView: undefined, terminateNavigation: false, executionTime: 0.8000000007450581, nextTab: home} @ https://a.slack-edge.com/bv1-13-br/gantry-v2-shared.cdda0aad0eba53be.min.js?cacheKey=gantry-1788679051:46
[  467059ms] [INFO] Sep-06 11:14:04.249 [NAVIGATE-IN-MAIN-WIND] Built view set after middleware {viewSet: Object, splitView: undefined, nextTab: home} @ https://a.slack-edge.com/bv1-13-br/gantry-v2-shared.cdda0aad0eba53be.min.js?cacheKey=gantry-1788679051:46
[  467060ms] [INFO] Sep-06 11:14:04.250 [NAVIGATE-LISTENERS] (TNWA8QCGZ) Starting navigation listeners for triggerType NAVIGATION @ https://a.slack-edge.com/bv1-13-br/gantry-v2-shared.cdda0aad0eba53be.min.js?cacheKey=gantry-1788679051:46
[  467061ms] [INFO] Sep-06 11:14:04.252 [NAVIGATE-LISTENERS] (TNWA8QCGZ) Navigation listeners complete without errors @ https://a.slack-edge.com/bv1-13-br/gantry-v2-shared.cdda0aad0eba53be.min.js?cacheKey=gantry-1788679051:46
[  467061ms] [INFO] Sep-06 11:14:04.252 [NAVIGATE-IN-MAIN-WIND]  Navigation thunk execution complete {id: D0C0QPCJK88, viewType: Channel, viewParams: undefined, options: Object} @ https://a.slack-edge.com/bv1-13-br/gantry-v2-shared.cdda0aad0eba53be.min.js?cacheKey=gantry-1788679051:46
[  467071ms] [INFO] Sep-06 11:14:04.262 [MESSAGE-LIST] (TNWA8QCGZ) getScrollmark reason:channel_change channelId:D0BVAC9KXL2 at end @ https://a.slack-edge.com/bv1-13-br/gantry-v2-shared.cdda0aad0eba53be.min.js?cacheKey=gantry-1788679051:46
[  467072ms] [INFO] Sep-06 11:14:04.263 [MESSAGE-LIST] (TNWA8QCGZ) Switching channels: D0C0QPCJK88 timestamps: 0 @ https://a.slack-edge.com/bv1-13-br/gantry-v2-shared.cdda0aad0eba53be.min.js?cacheKey=gantry-1788679051:46
[  467072ms] [INFO] Sep-06 11:14:04.263 [MESSAGE-LIST] (TNWA8QCGZ) requestAround channelId: D0C0QPCJK88 isLoading: false timestamps: 0 reachedStart: false reachedEnd: false @ https://a.slack-edge.com/bv1-13-br/gantry-v2-shared.cdda0aad0eba53be.min.js?cacheKey=gantry-1788679051:46
[  467073ms] [INFO] Sep-06 11:14:04.263 [HISTORY-FETCH] (TNWA8QCGZ) Fetching history for message pane: D0C0QPCJK88 oldest: null latest: null @ https://a.slack-edge.com/bv1-13-br/gantry-v2-shared.cdda0aad0eba53be.min.js?cacheKey=gantry-1788679051:46
[  467073ms] [INFO] Sep-06 11:14:04.264 [API-Q] (TNWA8QCGZ) 32962251-1788682444.263 conversations.history called with reason: message-pane/requestHistory @ https://a.slack-edge.com/bv1-13-br/gantry-v2-shared.cdda0aad0eba53be.min.js?cacheKey=gantry-1788679051:46
[  467073ms] [INFO] Sep-06 11:14:04.264 [API-Q] (TNWA8QCGZ) 32962251-1788682444.263 conversations.history is ENQUEUED @ https://a.slack-edge.com/bv1-13-br/gantry-v2-shared.cdda0aad0eba53be.min.js?cacheKey=gantry-1788679051:46
[  467082ms] [INFO] Sep-06 11:14:04.272 [MESSAGE-LIST] (TNWA8QCGZ) requestAround channelId: D0C0QPCJK88 isLoading: false timestamps: 0 reachedStart: false reachedEnd: false @ https://a.slack-edge.com/bv1-13-br/gantry-v2-shared.cdda0aad0eba53be.min.js?cacheKey=gantry-1788679051:46
[  467082ms] [INFO] Sep-06 11:14:04.273 [MESSAGE-LIST] (TNWA8QCGZ) requestAround channelId: D0C0QPCJK88 isLoading: false timestamps: 0 reachedStart: false reachedEnd: false @ https://a.slack-edge.com/bv1-13-br/gantry-v2-shared.cdda0aad0eba53be.min.js?cacheKey=gantry-1788679051:46
[  467089ms] [INFO] Sep-06 11:14:04.279 [API-Q] (TNWA8QCGZ) noversion-1788682444.279 Flannel permissions/info called with reason: flannel-call:permissions/info @ https://a.slack-edge.com/bv1-13-br/gantry-v2-shared.cdda0aad0eba53be.min.js?cacheKey=gantry-1788679051:46
[  467089ms] [INFO] Sep-06 11:14:04.279 [API-Q] (TNWA8QCGZ) noversion-1788682444.279 Flannel permissions/info is ENQUEUED @ https://a.slack-edge.com/bv1-13-br/gantry-v2-shared.cdda0aad0eba53be.min.js?cacheKey=gantry-1788679051:46
[  467089ms] [INFO] Sep-06 11:14:04.280 [API-Q] (TNWA8QCGZ) 32962251-1788682444.263 conversations.history is ACTIVE @ https://a.slack-edge.com/bv1-13-br/gantry-v2-shared.cdda0aad0eba53be.min.js?cacheKey=gantry-1788679051:46
[  467089ms] [INFO] Sep-06 11:14:04.280 [API-Q] (TNWA8QCGZ) noversion-1788682444.279 Flannel permissions/info is ACTIVE @ https://a.slack-edge.com/bv1-13-br/gantry-v2-shared.cdda0aad0eba53be.min.js?cacheKey=gantry-1788679051:46
[  467099ms] [INFO] Sep-06 11:14:04.290 [API-Q] (TNWA8QCGZ) 32962251-1788682444.290 conversations.listPrefs called with reason: client_redux_store @ https://a.slack-edge.com/bv1-13-br/gantry-v2-shared.cdda0aad0eba53be.min.js?cacheKey=gantry-1788679051:46
[  467099ms] [INFO] Sep-06 11:14:04.290 [API-Q] (TNWA8QCGZ) 32962251-1788682444.290 conversations.listPrefs is ENQUEUED @ https://a.slack-edge.com/bv1-13-br/gantry-v2-shared.cdda0aad0eba53be.min.js?cacheKey=gantry-1788679051:46
[  467100ms] [INFO] Sep-06 11:14:04.290 [API-Q] (TNWA8QCGZ) 32962251-1788682444.290 conversations.listPrefs is ACTIVE @ https://a.slack-edge.com/bv1-13-br/gantry-v2-shared.cdda0aad0eba53be.min.js?cacheKey=gantry-1788679051:46
[  467100ms] [INFO] Sep-06 11:14:04.290 [UFM-PERMISSIONS] (TNWA8QCGZ) requesting CAN_AT_CHANNEL,CAN_AT_EVERYONE,ARCHIVE_CHANNEL (1) @ https://a.slack-edge.com/bv1-13-br/gantry-v2-shared.cdda0aad0eba53be.min.js?cacheKey=gantry-1788679051:46
[  467100ms] [INFO] Sep-06 11:14:04.290 [API-Q] (TNWA8QCGZ) noversion-1788682444.290 Flannel permissions/info called with reason: flannel-call:permissions/info @ https://a.slack-edge.com/bv1-13-br/gantry-v2-shared.cdda0aad0eba53be.min.js?cacheKey=gantry-1788679051:46
[  467100ms] [INFO] Sep-06 11:14:04.290 [API-Q] (TNWA8QCGZ) noversion-1788682444.290 Flannel permissions/info is ENQUEUED @ https://a.slack-edge.com/bv1-13-br/gantry-v2-shared.cdda0aad0eba53be.min.js?cacheKey=gantry-1788679051:46
[  467100ms] [INFO] Sep-06 11:14:04.291 [API-Q] (TNWA8QCGZ) noversion-1788682444.290 Flannel permissions/info is ACTIVE @ https://a.slack-edge.com/bv1-13-br/gantry-v2-shared.cdda0aad0eba53be.min.js?cacheKey=gantry-1788679051:46
[  467104ms] [INFO] Sep-06 11:14:04.294 [API-Q] (TNWA8QCGZ) 32962251-1788682444.294 bookmarks.list called with reason: bookmarks-store/conditional-fetching @ https://a.slack-edge.com/bv1-13-br/gantry-v2-shared.cdda0aad0eba53be.min.js?cacheKey=gantry-1788679051:46
[  467104ms] [INFO] Sep-06 11:14:04.294 [API-Q] (TNWA8QCGZ) 32962251-1788682444.294 bookmarks.list is ENQUEUED @ https://a.slack-edge.com/bv1-13-br/gantry-v2-shared.cdda0aad0eba53be.min.js?cacheKey=gantry-1788679051:46
[  467104ms] [INFO] Sep-06 11:14:04.295 [API-Q] (TNWA8QCGZ) 32962251-1788682444.294 bookmarks.list is ACTIVE @ https://a.slack-edge.com/bv1-13-br/gantry-v2-shared.cdda0aad0eba53be.min.js?cacheKey=gantry-1788679051:46
[  467106ms] [INFO] Sep-06 11:14:04.297 [MESSAGE-LIST] (TNWA8QCGZ) componentWillReceiveProps isLoading: true isLoadingOlder: false timestamps: 0 @ https://a.slack-edge.com/bv1-13-br/gantry-v2-shared.cdda0aad0eba53be.min.js?cacheKey=gantry-1788679051:46
[  467159ms] [INFO] Sep-06 11:14:04.349 [API-Q] (TNWA8QCGZ) noversion-1788682444.279 Flannel permissions/info is RESOLVED @ https://a.slack-edge.com/bv1-13-br/gantry-v2-shared.cdda0aad0eba53be.min.js?cacheKey=gantry-1788679051:46
[  467170ms] [INFO] Sep-06 11:14:04.360 [API-Q] (TNWA8QCGZ) noversion-1788682444.290 Flannel permissions/info is RESOLVED @ https://a.slack-edge.com/bv1-13-br/gantry-v2-shared.cdda0aad0eba53be.min.js?cacheKey=gantry-1788679051:46
[  467170ms] [INFO] Sep-06 11:14:04.361 [UFM-PERMISSIONS] (TNWA8QCGZ) received CAN_AT_CHANNEL,CAN_AT_EVERYONE,ARCHIVE_CHANNEL (1) @ https://a.slack-edge.com/bv1-13-br/gantry-v2-shared.cdda0aad0eba53be.min.js?cacheKey=gantry-1788679051:46
[  467283ms] [INFO] Sep-06 11:14:04.473 [API-Q] (TNWA8QCGZ) 32962251-1788682444.290 conversations.listPrefs is RESOLVED @ https://a.slack-edge.com/bv1-13-br/gantry-v2-shared.cdda0aad0eba53be.min.js?cacheKey=gantry-1788679051:46
[  467295ms] [INFO] Sep-06 11:14:04.485 [API-Q] (TNWA8QCGZ) 32962251-1788682444.263 conversations.history is RESOLVED @ https://a.slack-edge.com/bv1-13-br/gantry-v2-shared.cdda0aad0eba53be.min.js?cacheKey=gantry-1788679051:46
[  467295ms] [INFO] Sep-06 11:14:04.486 [PLATFORM-CHANNEL-ACTI] (TNWA8QCGZ) setting count for channel D0C0QPCJK88 to 0, and marking channel as stale. @ https://a.slack-edge.com/bv1-13-br/gantry-v2-shared.cdda0aad0eba53be.min.js?cacheKey=gantry-1788679051:46
[  467296ms] [INFO] Sep-06 11:14:04.486 [PINS] (TNWA8QCGZ) Pins count updated for channel D0C0QPCJK88: 0 @ https://a.slack-edge.com/bv1-13-br/gantry-v2-shared.cdda0aad0eba53be.min.js?cacheKey=gantry-1788679051:46
[  467296ms] [INFO] Sep-06 11:14:04.487 [API-Q] (TNWA8QCGZ) 32962251-1788682444.294 bookmarks.list is RESOLVED @ https://a.slack-edge.com/bv1-13-br/gantry-v2-shared.cdda0aad0eba53be.min.js?cacheKey=gantry-1788679051:46
[  467301ms] [INFO] Sep-06 11:14:04.491 [MESSAGE-PANE] (TNWA8QCGZ) D0C0QPCJK88 is empty with timestamps:  and messages:  @ https://a.slack-edge.com/bv1-13-br/gantry-v2-shared.cdda0aad0eba53be.min.js?cacheKey=gantry-1788679051:46
[  467302ms] [INFO] Sep-06 11:14:04.493 [MESSAGE-LIST] (TNWA8QCGZ) componentWillReceiveProps isLoading: false isLoadingOlder: false timestamps: 0 @ https://a.slack-edge.com/bv1-13-br/gantry-v2-shared.cdda0aad0eba53be.min.js?cacheKey=gantry-1788679051:46
[  467304ms] [INFO] Sep-06 11:14:04.495 [API-Q] (TNWA8QCGZ) 32962251-1788682444.495 users.isEarlyJoiner called with reason: prefill-dm-canvas @ https://a.slack-edge.com/bv1-13-br/gantry-v2-shared.cdda0aad0eba53be.min.js?cacheKey=gantry-1788679051:46
[  467305ms] [INFO] Sep-06 11:14:04.495 [API-Q] (TNWA8QCGZ) 32962251-1788682444.495 users.isEarlyJoiner is ENQUEUED @ https://a.slack-edge.com/bv1-13-br/gantry-v2-shared.cdda0aad0eba53be.min.js?cacheKey=gantry-1788679051:46
[  467306ms] [INFO] Sep-06 11:14:04.496 [CHECK-UNREADS] (TNWA8QCGZ) unreadLineVisible updated in main window container primary: false -> true @ https://a.slack-edge.com/bv1-13-br/gantry-v2-shared.cdda0aad0eba53be.min.js?cacheKey=gantry-1788679051:46
[  467307ms] [INFO] Sep-06 11:14:04.497 [API-Q] (TNWA8QCGZ) 32962251-1788682444.497 users.profile.getSections called with reason: profiles @ https://a.slack-edge.com/bv1-13-br/gantry-v2-shared.cdda0aad0eba53be.min.js?cacheKey=gantry-1788679051:46
[  467307ms] [INFO] Sep-06 11:14:04.498 [API-Q] (TNWA8QCGZ) 32962251-1788682444.497 users.profile.getSections is ENQUEUED @ https://a.slack-edge.com/bv1-13-br/gantry-v2-shared.cdda0aad0eba53be.min.js?cacheKey=gantry-1788679051:46
[  467308ms] [INFO] Sep-06 11:14:04.499 [API-Q] (TNWA8QCGZ) 32962251-1788682444.495 users.isEarlyJoiner is ACTIVE @ https://a.slack-edge.com/bv1-13-br/gantry-v2-shared.cdda0aad0eba53be.min.js?cacheKey=gantry-1788679051:46
[  467309ms] [INFO] Sep-06 11:14:04.499 [API-Q] (TNWA8QCGZ) 32962251-1788682444.497 users.profile.getSections is ACTIVE @ https://a.slack-edge.com/bv1-13-br/gantry-v2-shared.cdda0aad0eba53be.min.js?cacheKey=gantry-1788679051:46
[  467314ms] [INFO] Sep-06 11:14:04.504 [MESSAGE-PANE] (TNWA8QCGZ) D0C0QPCJK88 is empty with timestamps:  and messages:  @ https://a.slack-edge.com/bv1-13-br/gantry-v2-shared.cdda0aad0eba53be.min.js?cacheKey=gantry-1788679051:46
[  467497ms] [INFO] Sep-06 11:14:04.688 [API-Q] (TNWA8QCGZ) 32962251-1788682444.495 users.isEarlyJoiner is RESOLVED @ https://a.slack-edge.com/bv1-13-br/gantry-v2-shared.cdda0aad0eba53be.min.js?cacheKey=gantry-1788679051:46
[  467505ms] [INFO] Sep-06 11:14:04.696 [API-Q] (TNWA8QCGZ) 32962251-1788682444.497 users.profile.getSections is RESOLVED @ https://a.slack-edge.com/bv1-13-br/gantry-v2-shared.cdda0aad0eba53be.min.js?cacheKey=gantry-1788679051:46
[  467658ms] [INFO] Sep-06 11:14:04.849 [CHECK-UNREADS] (TNWA8QCGZ) Checking unreads after unread line became visible @ https://a.slack-edge.com/bv1-13-br/gantry-v2-shared.cdda0aad0eba53be.min.js?cacheKey=gantry-1788679051:46
[  467659ms] [INFO] Sep-06 11:14:04.849 [CHECK-UNREADS] (TNWA8QCGZ) Not marking D0C0QPCJK88 because latest is 0000000000.000000 @ https://a.slack-edge.com/bv1-13-br/gantry-v2-shared.cdda0aad0eba53be.min.js?cacheKey=gantry-1788679051:46
[  471081ms] [INFO] Sep-06 11:14:08.271 [NAVIGATE-IN-MAIN-WIND] Starting a new navigation event {id: C04JHEXJC4Q, viewType: Channel, viewParams: undefined, options: Object} @ https://a.slack-edge.com/bv1-13-br/gantry-v2-shared.cdda0aad0eba53be.min.js?cacheKey=gantry-1788679051:46
[  471081ms] [INFO] Sep-06 11:14:08.272 [APPLY-DETAIL-VIEW] ViewSet with detail view applied {viewSet: Object} @ https://a.slack-edge.com/bv1-13-br/gantry-v2-shared.cdda0aad0eba53be.min.js?cacheKey=gantry-1788679051:46
[  471081ms] [INFO] Sep-06 11:14:08.272 [NAVIGATE-IN-MAIN-WIND] Applying changes to the primary container {viewSet: Object, nextTab: home} @ https://a.slack-edge.com/bv1-13-br/gantry-v2-shared.cdda0aad0eba53be.min.js?cacheKey=gantry-1788679051:46
[  471081ms] [INFO] Sep-06 11:14:08.272 [NAVIGATION-MIDDLEWARE] Starting a new navigation middleware execution {context: navigation, nextViewSet: Object, nextSplitView: undefined, middlewareCount: 26, nextTab: home} @ https://a.slack-edge.com/bv1-13-br/gantry-v2-shared.cdda0aad0eba53be.min.js?cacheKey=gantry-1788679051:46
[  471082ms] [INFO] Sep-06 11:14:08.272 [NAVIGATION-MIDDLEWARE] Async action execution is complete for a view {nextView: Object, results: Array(26), shouldTerminateNavigation: false, executionTime: 0.10000000149011612, nextTab: home} @ https://a.slack-edge.com/bv1-13-br/gantry-v2-shared.cdda0aad0eba53be.min.js?cacheKey=gantry-1788679051:46
[  471082ms] [INFO] Sep-06 11:14:08.272 [NAVIGATION-MIDDLEWARE] Finish middleware execution for sidebar container {maybeTransformedViewSet: Object, maybeTransformedSplitView: undefined, terminateNavigation: false, isViewTransformed: false, iterationCount: 0} @ https://a.slack-edge.com/bv1-13-br/gantry-v2-shared.cdda0aad0eba53be.min.js?cacheKey=gantry-1788679051:46
[  471082ms] [INFO] Sep-06 11:14:08.272 [NAVIGATION-MIDDLEWARE] Async action execution is complete for a view {nextView: Object, results: Array(26), shouldTerminateNavigation: false, executionTime: 0.09999999962747097, nextTab: home} @ https://a.slack-edge.com/bv1-13-br/gantry-v2-shared.cdda0aad0eba53be.min.js?cacheKey=gantry-1788679051:46
[  471082ms] [INFO] Sep-06 11:14:08.273 [APPLY-DETAIL-VIEW] ViewSet with detail view applied {viewSet: Object} @ https://a.slack-edge.com/bv1-13-br/gantry-v2-shared.cdda0aad0eba53be.min.js?cacheKey=gantry-1788679051:46
[  471082ms] [INFO] Sep-06 11:14:08.273 [NAVIGATION-MIDDLEWARE] View has been transformed {container: primary, initialView: Object, transformedView: Object, iterationCount: 0} @ https://a.slack-edge.com/bv1-13-br/gantry-v2-shared.cdda0aad0eba53be.min.js?cacheKey=gantry-1788679051:46
[  471082ms] [INFO] Sep-06 11:14:08.273 [NAVIGATION-MIDDLEWARE] Skipping middleware execution for sidebar container as we have cached value {initialView: Object, iterationCount: 1} @ https://a.slack-edge.com/bv1-13-br/gantry-v2-shared.cdda0aad0eba53be.min.js?cacheKey=gantry-1788679051:46
[  471082ms] [INFO] Sep-06 11:14:08.273 [NAVIGATION-MIDDLEWARE] Async action execution is complete for a view {nextView: Object, results: Array(26), shouldTerminateNavigation: false, executionTime: 0, nextTab: home} @ https://a.slack-edge.com/bv1-13-br/gantry-v2-shared.cdda0aad0eba53be.min.js?cacheKey=gantry-1788679051:46
[  471082ms] [INFO] Sep-06 11:14:08.273 [NAVIGATION-MIDDLEWARE] Finish middleware execution for primary container {maybeTransformedViewSet: Object, maybeTransformedSplitView: undefined, terminateNavigation: false, isViewTransformed: false, iterationCount: 1} @ https://a.slack-edge.com/bv1-13-br/gantry-v2-shared.cdda0aad0eba53be.min.js?cacheKey=gantry-1788679051:46
[  471082ms] [INFO] Sep-06 11:14:08.273 [NAVIGATION-MIDDLEWARE] Finish middleware execution for primary container {maybeTransformedViewSet: Object, maybeTransformedSplitView: undefined, terminateNavigation: false, isViewTransformed: true, iterationCount: 0} @ https://a.slack-edge.com/bv1-13-br/gantry-v2-shared.cdda0aad0eba53be.min.js?cacheKey=gantry-1788679051:46
[  471082ms] [INFO] Sep-06 11:14:08.273 [NAVIGATION-MIDDLEWARE] Navigation middleware execution is complete {maybeUpdatedViewSet: Object, maybeUpdatedSplitView: undefined, terminateNavigation: false, executionTime: 0.900000000372529, nextTab: home} @ https://a.slack-edge.com/bv1-13-br/gantry-v2-shared.cdda0aad0eba53be.min.js?cacheKey=gantry-1788679051:46
[  471082ms] [INFO] Sep-06 11:14:08.273 [NAVIGATE-IN-MAIN-WIND] Built view set after middleware {viewSet: Object, splitView: undefined, nextTab: home} @ https://a.slack-edge.com/bv1-13-br/gantry-v2-shared.cdda0aad0eba53be.min.js?cacheKey=gantry-1788679051:46
[  471084ms] [INFO] Sep-06 11:14:08.274 [NAVIGATE-LISTENERS] (TNWA8QCGZ) Starting navigation listeners for triggerType NAVIGATION @ https://a.slack-edge.com/bv1-13-br/gantry-v2-shared.cdda0aad0eba53be.min.js?cacheKey=gantry-1788679051:46
[  471085ms] [INFO] Sep-06 11:14:08.276 [NAVIGATE-LISTENERS] (TNWA8QCGZ) Navigation listeners complete without errors @ https://a.slack-edge.com/bv1-13-br/gantry-v2-shared.cdda0aad0eba53be.min.js?cacheKey=gantry-1788679051:46
[  471085ms] [INFO] Sep-06 11:14:08.276 [NAVIGATE-IN-MAIN-WIND]  Navigation thunk execution complete {id: C04JHEXJC4Q, viewType: Channel, viewParams: undefined, options: Object} @ https://a.slack-edge.com/bv1-13-br/gantry-v2-shared.cdda0aad0eba53be.min.js?cacheKey=gantry-1788679051:46
[  471098ms] [INFO] Sep-06 11:14:08.289 [MESSAGE-LIST] (TNWA8QCGZ) getScrollmark reason:channel_change channelId:D0C0QPCJK88 at end @ https://a.slack-edge.com/bv1-13-br/gantry-v2-shared.cdda0aad0eba53be.min.js?cacheKey=gantry-1788679051:46
[  471099ms] [INFO] Sep-06 11:14:08.289 [MESSAGE-LIST] (TNWA8QCGZ) Switching channels: C04JHEXJC4Q timestamps: 29 @ https://a.slack-edge.com/bv1-13-br/gantry-v2-shared.cdda0aad0eba53be.min.js?cacheKey=gantry-1788679051:46
[  471130ms] [INFO] Sep-06 11:14:08.321 [CHECK-UNREADS] (TNWA8QCGZ) unreadLineVisible updated in main window container primary: false -> true @ https://a.slack-edge.com/bv1-13-br/gantry-v2-shared.cdda0aad0eba53be.min.js?cacheKey=gantry-1788679051:46
[  471138ms] [INFO] Sep-06 11:14:08.328 [API-Q] (TNWA8QCGZ) noversion-1788682448.328 Flannel permissions/info called with reason: flannel-call:permissions/info @ https://a.slack-edge.com/bv1-13-br/gantry-v2-shared.cdda0aad0eba53be.min.js?cacheKey=gantry-1788679051:46
[  471138ms] [INFO] Sep-06 11:14:08.328 [API-Q] (TNWA8QCGZ) noversion-1788682448.328 Flannel permissions/info is ENQUEUED @ https://a.slack-edge.com/bv1-13-br/gantry-v2-shared.cdda0aad0eba53be.min.js?cacheKey=gantry-1788679051:46
[  471138ms] [INFO] Sep-06 11:14:08.329 [API-Q] (TNWA8QCGZ) noversion-1788682448.328 Flannel permissions/info is ACTIVE @ https://a.slack-edge.com/bv1-13-br/gantry-v2-shared.cdda0aad0eba53be.min.js?cacheKey=gantry-1788679051:46
[  471215ms] [INFO] Sep-06 11:14:08.405 [API-Q] (TNWA8QCGZ) noversion-1788682448.328 Flannel permissions/info is RESOLVED @ https://a.slack-edge.com/bv1-13-br/gantry-v2-shared.cdda0aad0eba53be.min.js?cacheKey=gantry-1788679051:46
[  471488ms] [INFO] Sep-06 11:14:08.678 [CHECK-UNREADS] (TNWA8QCGZ) Checking unreads after unread line became visible @ https://a.slack-edge.com/bv1-13-br/gantry-v2-shared.cdda0aad0eba53be.min.js?cacheKey=gantry-1788679051:46
[  471488ms] [INFO] Sep-06 11:14:08.678 [CHECK-UNREADS] (TNWA8QCGZ) Not marking C04JHEXJC4Q because last_read >= latest && channel is read @ https://a.slack-edge.com/bv1-13-br/gantry-v2-shared.cdda0aad0eba53be.min.js?cacheKey=gantry-1788679051:46
[  473116ms] [INFO] Sep-06 11:14:10.306 [NAVIGATE-IN-MAIN-WIND] Starting a new navigation event {id: CTRCR8RBP, viewType: Channel, viewParams: undefined, options: Object} @ https://a.slack-edge.com/bv1-13-br/gantry-v2-shared.cdda0aad0eba53be.min.js?cacheKey=gantry-1788679051:46
[  473117ms] [INFO] Sep-06 11:14:10.307 [APPLY-DETAIL-VIEW] ViewSet with detail view applied {viewSet: Object} @ https://a.slack-edge.com/bv1-13-br/gantry-v2-shared.cdda0aad0eba53be.min.js?cacheKey=gantry-1788679051:46
[  473117ms] [INFO] Sep-06 11:14:10.307 [NAVIGATE-IN-MAIN-WIND] Applying changes to the primary container {viewSet: Object, nextTab: home} @ https://a.slack-edge.com/bv1-13-br/gantry-v2-shared.cdda0aad0eba53be.min.js?cacheKey=gantry-1788679051:46
[  473117ms] [INFO] Sep-06 11:14:10.308 [NAVIGATION-MIDDLEWARE] Starting a new navigation middleware execution {context: navigation, nextViewSet: Object, nextSplitView: undefined, middlewareCount: 26, nextTab: home} @ https://a.slack-edge.com/bv1-13-br/gantry-v2-shared.cdda0aad0eba53be.min.js?cacheKey=gantry-1788679051:46
[  473120ms] [INFO] Sep-06 11:14:10.311 [NAVIGATION-MIDDLEWARE] Async action execution is complete for a view {nextView: Object, results: Array(26), shouldTerminateNavigation: false, executionTime: 2.800000000745058, nextTab: home} @ https://a.slack-edge.com/bv1-13-br/gantry-v2-shared.cdda0aad0eba53be.min.js?cacheKey=gantry-1788679051:46
[  473121ms] [INFO] Sep-06 11:14:10.311 [NAVIGATION-MIDDLEWARE] Finish middleware execution for sidebar container {maybeTransformedViewSet: Object, maybeTransformedSplitView: undefined, terminateNavigation: false, isViewTransformed: false, iterationCount: 0} @ https://a.slack-edge.com/bv1-13-br/gantry-v2-shared.cdda0aad0eba53be.min.js?cacheKey=gantry-1788679051:46
[  473121ms] [INFO] Sep-06 11:14:10.311 [NAVIGATION-MIDDLEWARE] Async action execution is complete for a view {nextView: Object, results: Array(26), shouldTerminateNavigation: false, executionTime: 0.09999999962747097, nextTab: home} @ https://a.slack-edge.com/bv1-13-br/gantry-v2-shared.cdda0aad0eba53be.min.js?cacheKey=gantry-1788679051:46
[  473121ms] [INFO] Sep-06 11:14:10.311 [APPLY-DETAIL-VIEW] ViewSet with detail view applied {viewSet: Object} @ https://a.slack-edge.com/bv1-13-br/gantry-v2-shared.cdda0aad0eba53be.min.js?cacheKey=gantry-1788679051:46
[  473121ms] [INFO] Sep-06 11:14:10.311 [NAVIGATION-MIDDLEWARE] View has been transformed {container: primary, initialView: Object, transformedView: Object, iterationCount: 0} @ https://a.slack-edge.com/bv1-13-br/gantry-v2-shared.cdda0aad0eba53be.min.js?cacheKey=gantry-1788679051:46
[  473121ms] [INFO] Sep-06 11:14:10.311 [NAVIGATION-MIDDLEWARE] Skipping middleware execution for sidebar container as we have cached value {initialView: Object, iterationCount: 1} @ https://a.slack-edge.com/bv1-13-br/gantry-v2-shared.cdda0aad0eba53be.min.js?cacheKey=gantry-1788679051:46
[  473121ms] [INFO] Sep-06 11:14:10.311 [NAVIGATION-MIDDLEWARE] Async action execution is complete for a view {nextView: Object, results: Array(26), shouldTerminateNavigation: false, executionTime: 0, nextTab: home} @ https://a.slack-edge.com/bv1-13-br/gantry-v2-shared.cdda0aad0eba53be.min.js?cacheKey=gantry-1788679051:46
[  473121ms] [INFO] Sep-06 11:14:10.312 [NAVIGATION-MIDDLEWARE] Finish middleware execution for primary container {maybeTransformedViewSet: Object, maybeTransformedSplitView: undefined, terminateNavigation: false, isViewTransformed: false, iterationCount: 1} @ https://a.slack-edge.com/bv1-13-br/gantry-v2-shared.cdda0aad0eba53be.min.js?cacheKey=gantry-1788679051:46
[  473121ms] [INFO] Sep-06 11:14:10.312 [NAVIGATION-MIDDLEWARE] Finish middleware execution for primary container {maybeTransformedViewSet: Object, maybeTransformedSplitView: undefined, terminateNavigation: false, isViewTransformed: true, iterationCount: 0} @ https://a.slack-edge.com/bv1-13-br/gantry-v2-shared.cdda0aad0eba53be.min.js?cacheKey=gantry-1788679051:46
[  473121ms] [INFO] Sep-06 11:14:10.312 [NAVIGATION-MIDDLEWARE] Navigation middleware execution is complete {maybeUpdatedViewSet: Object, maybeUpdatedSplitView: undefined, terminateNavigation: false, executionTime: 3.900000000372529, nextTab: home} @ https://a.slack-edge.com/bv1-13-br/gantry-v2-shared.cdda0aad0eba53be.min.js?cacheKey=gantry-1788679051:46
[  473121ms] [INFO] Sep-06 11:14:10.312 [NAVIGATE-IN-MAIN-WIND] Built view set after middleware {viewSet: Object, splitView: undefined, nextTab: home} @ https://a.slack-edge.com/bv1-13-br/gantry-v2-shared.cdda0aad0eba53be.min.js?cacheKey=gantry-1788679051:46
[  473125ms] [INFO] Sep-06 11:14:10.316 [NAVIGATE-LISTENERS] (TNWA8QCGZ) Starting navigation listeners for triggerType NAVIGATION @ https://a.slack-edge.com/bv1-13-br/gantry-v2-shared.cdda0aad0eba53be.min.js?cacheKey=gantry-1788679051:46
[  473132ms] [INFO] Sep-06 11:14:10.323 [MARK-MOST-RECENT] (TNWA8QCGZ) Skip marking most recent message in CTRCR8RBP as read because getLatestTs (1788373831.657199) is less than getLastReadTs (1788616267.821249) @ https://a.slack-edge.com/bv1-13-br/gantry-v2-shared.cdda0aad0eba53be.min.js?cacheKey=gantry-1788679051:46
[  473133ms] [INFO] Sep-06 11:14:10.323 [NAVIGATE-LISTENERS] (TNWA8QCGZ) Navigation listeners complete without errors @ https://a.slack-edge.com/bv1-13-br/gantry-v2-shared.cdda0aad0eba53be.min.js?cacheKey=gantry-1788679051:46
[  473134ms] [INFO] Sep-06 11:14:10.324 [NAVIGATE-IN-MAIN-WIND]  Navigation thunk execution complete {id: CTRCR8RBP, viewType: Channel, viewParams: undefined, options: Object} @ https://a.slack-edge.com/bv1-13-br/gantry-v2-shared.cdda0aad0eba53be.min.js?cacheKey=gantry-1788679051:46
[  473147ms] [INFO] Sep-06 11:14:10.338 [MESSAGE-LIST] (TNWA8QCGZ) getScrollmark reason:channel_change channelId:C04JHEXJC4Q at end @ https://a.slack-edge.com/bv1-13-br/gantry-v2-shared.cdda0aad0eba53be.min.js?cacheKey=gantry-1788679051:46
[  473148ms] [INFO] Sep-06 11:14:10.339 [MESSAGE-LIST] (TNWA8QCGZ) Switching channels: CTRCR8RBP timestamps: 0 @ https://a.slack-edge.com/bv1-13-br/gantry-v2-shared.cdda0aad0eba53be.min.js?cacheKey=gantry-1788679051:46
[  473149ms] [INFO] Sep-06 11:14:10.339 [MESSAGE-LIST] (TNWA8QCGZ) requestAround channelId: CTRCR8RBP isLoading: false timestamps: 0 reachedStart: false reachedEnd: false @ https://a.slack-edge.com/bv1-13-br/gantry-v2-shared.cdda0aad0eba53be.min.js?cacheKey=gantry-1788679051:46
[  473149ms] [INFO] Sep-06 11:14:10.339 [HISTORY-FETCH] (TNWA8QCGZ) Fetching history for message pane: CTRCR8RBP oldest: null latest: null @ https://a.slack-edge.com/bv1-13-br/gantry-v2-shared.cdda0aad0eba53be.min.js?cacheKey=gantry-1788679051:46
[  473149ms] [INFO] Sep-06 11:14:10.340 [API-Q] (TNWA8QCGZ) 32962251-1788682450.339 conversations.history called with reason: message-pane/requestHistory @ https://a.slack-edge.com/bv1-13-br/gantry-v2-shared.cdda0aad0eba53be.min.js?cacheKey=gantry-1788679051:46
[  473149ms] [INFO] Sep-06 11:14:10.340 [API-Q] (TNWA8QCGZ) 32962251-1788682450.339 conversations.history is ENQUEUED @ https://a.slack-edge.com/bv1-13-br/gantry-v2-shared.cdda0aad0eba53be.min.js?cacheKey=gantry-1788679051:46
[  473180ms] [INFO] Sep-06 11:14:10.371 [MESSAGE-LIST] (TNWA8QCGZ) requestAround channelId: CTRCR8RBP isLoading: false timestamps: 0 reachedStart: false reachedEnd: false @ https://a.slack-edge.com/bv1-13-br/gantry-v2-shared.cdda0aad0eba53be.min.js?cacheKey=gantry-1788679051:46
[  473181ms] [INFO] Sep-06 11:14:10.371 [MESSAGE-LIST] (TNWA8QCGZ) requestAround channelId: CTRCR8RBP isLoading: false timestamps: 0 reachedStart: false reachedEnd: false @ https://a.slack-edge.com/bv1-13-br/gantry-v2-shared.cdda0aad0eba53be.min.js?cacheKey=gantry-1788679051:46
[  473185ms] [INFO] Sep-06 11:14:10.375 [API-Q] (TNWA8QCGZ) 32962251-1788682450.375 megaphone.notifications.list called with reason: load-megaphone-notification-data @ https://a.slack-edge.com/bv1-13-br/gantry-v2-shared.cdda0aad0eba53be.min.js?cacheKey=gantry-1788679051:46
[  473185ms] [INFO] Sep-06 11:14:10.375 [API-Q] (TNWA8QCGZ) 32962251-1788682450.375 megaphone.notifications.list is ENQUEUED @ https://a.slack-edge.com/bv1-13-br/gantry-v2-shared.cdda0aad0eba53be.min.js?cacheKey=gantry-1788679051:46
[  473188ms] [INFO] Sep-06 11:14:10.378 [API-Q] (TNWA8QCGZ) noversion-1788682450.378 Flannel users/list called with reason: flannel-call:users/list @ https://a.slack-edge.com/bv1-13-br/gantry-v2-shared.cdda0aad0eba53be.min.js?cacheKey=gantry-1788679051:46
[  473188ms] [INFO] Sep-06 11:14:10.378 [API-Q] (TNWA8QCGZ) noversion-1788682450.378 Flannel users/list is ENQUEUED @ https://a.slack-edge.com/bv1-13-br/gantry-v2-shared.cdda0aad0eba53be.min.js?cacheKey=gantry-1788679051:46
[  473188ms] [INFO] Sep-06 11:14:10.378 [API-Q] (TNWA8QCGZ) noversion-1788682450.378 Flannel permissions/info called with reason: flannel-call:permissions/info @ https://a.slack-edge.com/bv1-13-br/gantry-v2-shared.cdda0aad0eba53be.min.js?cacheKey=gantry-1788679051:46
[  473188ms] [INFO] Sep-06 11:14:10.379 [API-Q] (TNWA8QCGZ) noversion-1788682450.378 Flannel permissions/info is ENQUEUED @ https://a.slack-edge.com/bv1-13-br/gantry-v2-shared.cdda0aad0eba53be.min.js?cacheKey=gantry-1788679051:46
[  473188ms] [INFO] Sep-06 11:14:10.379 [API-Q] (TNWA8QCGZ) 32962251-1788682450.339 conversations.history is ACTIVE @ https://a.slack-edge.com/bv1-13-br/gantry-v2-shared.cdda0aad0eba53be.min.js?cacheKey=gantry-1788679051:46
[  473188ms] [INFO] Sep-06 11:14:10.379 [API-Q] (TNWA8QCGZ) 32962251-1788682450.375 megaphone.notifications.list is ACTIVE @ https://a.slack-edge.com/bv1-13-br/gantry-v2-shared.cdda0aad0eba53be.min.js?cacheKey=gantry-1788679051:46
[  473189ms] [INFO] Sep-06 11:14:10.379 [API-Q] (TNWA8QCGZ) noversion-1788682450.378 Flannel users/list is ACTIVE @ https://a.slack-edge.com/bv1-13-br/gantry-v2-shared.cdda0aad0eba53be.min.js?cacheKey=gantry-1788679051:46
[  473189ms] [INFO] Sep-06 11:14:10.379 [API-Q] (TNWA8QCGZ) noversion-1788682450.378 Flannel permissions/info is ACTIVE @ https://a.slack-edge.com/bv1-13-br/gantry-v2-shared.cdda0aad0eba53be.min.js?cacheKey=gantry-1788679051:46
[  473198ms] [INFO] Sep-06 11:14:10.389 [API-Q] (TNWA8QCGZ) 32962251-1788682450.389 conversations.listPrefs called with reason: client_redux_store @ https://a.slack-edge.com/bv1-13-br/gantry-v2-shared.cdda0aad0eba53be.min.js?cacheKey=gantry-1788679051:46
[  473199ms] [INFO] Sep-06 11:14:10.389 [API-Q] (TNWA8QCGZ) 32962251-1788682450.389 conversations.listPrefs is ENQUEUED @ https://a.slack-edge.com/bv1-13-br/gantry-v2-shared.cdda0aad0eba53be.min.js?cacheKey=gantry-1788679051:46
[  473199ms] [INFO] Sep-06 11:14:10.389 [API-Q] (TNWA8QCGZ) 32962251-1788682450.389 conversations.listPrefs is ACTIVE @ https://a.slack-edge.com/bv1-13-br/gantry-v2-shared.cdda0aad0eba53be.min.js?cacheKey=gantry-1788679051:46
[  473199ms] [INFO] Sep-06 11:14:10.389 [UFM-PERMISSIONS] (TNWA8QCGZ) requesting SET_CHANNEL_TOPIC,ASSIGN_CHANNEL_MANAGER,CAN_AT_CHANNEL,CAN_AT_EVERYONE,ARCHIVE_CHANNEL (1) @ https://a.slack-edge.com/bv1-13-br/gantry-v2-shared.cdda0aad0eba53be.min.js?cacheKey=gantry-1788679051:46
[  473199ms] [INFO] Sep-06 11:14:10.390 [API-Q] (TNWA8QCGZ) noversion-1788682450.390 Flannel permissions/info called with reason: flannel-call:permissions/info @ https://a.slack-edge.com/bv1-13-br/gantry-v2-shared.cdda0aad0eba53be.min.js?cacheKey=gantry-1788679051:46
[  473199ms] [INFO] Sep-06 11:14:10.390 [API-Q] (TNWA8QCGZ) noversion-1788682450.390 Flannel permissions/info is ENQUEUED @ https://a.slack-edge.com/bv1-13-br/gantry-v2-shared.cdda0aad0eba53be.min.js?cacheKey=gantry-1788679051:46
[  473199ms] [INFO] Sep-06 11:14:10.390 [API-Q] (TNWA8QCGZ) noversion-1788682450.390 Flannel permissions/info is ACTIVE @ https://a.slack-edge.com/bv1-13-br/gantry-v2-shared.cdda0aad0eba53be.min.js?cacheKey=gantry-1788679051:46
[  473200ms] [INFO] Sep-06 11:14:10.390 [API-Q] (TNWA8QCGZ) noversion-1788682450.390 Flannel users/counts called with reason: flannel-call:users/counts @ https://a.slack-edge.com/bv1-13-br/gantry-v2-shared.cdda0aad0eba53be.min.js?cacheKey=gantry-1788679051:46
[  473200ms] [INFO] Sep-06 11:14:10.390 [API-Q] (TNWA8QCGZ) noversion-1788682450.390 Flannel users/counts is ENQUEUED @ https://a.slack-edge.com/bv1-13-br/gantry-v2-shared.cdda0aad0eba53be.min.js?cacheKey=gantry-1788679051:46
[  473200ms] [INFO] Sep-06 11:14:10.390 [API-Q] (TNWA8QCGZ) noversion-1788682450.390 Flannel users/counts is ACTIVE @ https://a.slack-edge.com/bv1-13-br/gantry-v2-shared.cdda0aad0eba53be.min.js?cacheKey=gantry-1788679051:46
[  473200ms] [INFO] Sep-06 11:14:10.390 [UFM] (TNWA8QCGZ) requesting CTRCR8RBP (1) @ https://a.slack-edge.com/bv1-13-br/gantry-v2-shared.cdda0aad0eba53be.min.js?cacheKey=gantry-1788679051:46
[  473200ms] [INFO] Sep-06 11:14:10.390 [UFM] (TNWA8QCGZ) received CTRCR8RBP (1) @ https://a.slack-edge.com/bv1-13-br/gantry-v2-shared.cdda0aad0eba53be.min.js?cacheKey=gantry-1788679051:46
[  473203ms] [INFO] Sep-06 11:14:10.394 [API-Q] (TNWA8QCGZ) 32962251-1788682450.393 bookmarks.list called with reason: bookmarks-store/conditional-fetching @ https://a.slack-edge.com/bv1-13-br/gantry-v2-shared.cdda0aad0eba53be.min.js?cacheKey=gantry-1788679051:46
[  473203ms] [INFO] Sep-06 11:14:10.394 [API-Q] (TNWA8QCGZ) 32962251-1788682450.393 bookmarks.list is ENQUEUED @ https://a.slack-edge.com/bv1-13-br/gantry-v2-shared.cdda0aad0eba53be.min.js?cacheKey=gantry-1788679051:46
[  473203ms] [INFO] Sep-06 11:14:10.394 [API-Q] (TNWA8QCGZ) 32962251-1788682450.393 bookmarks.list is ACTIVE @ https://a.slack-edge.com/bv1-13-br/gantry-v2-shared.cdda0aad0eba53be.min.js?cacheKey=gantry-1788679051:46
[  473205ms] [INFO] Sep-06 11:14:10.396 [MESSAGE-LIST] (TNWA8QCGZ) componentWillReceiveProps isLoading: true isLoadingOlder: false timestamps: 0 @ https://a.slack-edge.com/bv1-13-br/gantry-v2-shared.cdda0aad0eba53be.min.js?cacheKey=gantry-1788679051:46
[  473252ms] [INFO] Sep-06 11:14:10.442 [API-Q] (TNWA8QCGZ) noversion-1788682450.378 Flannel users/list is RESOLVED @ https://a.slack-edge.com/bv1-13-br/gantry-v2-shared.cdda0aad0eba53be.min.js?cacheKey=gantry-1788679051:46
[  473256ms] [INFO] Sep-06 11:14:10.446 [API-Q] (TNWA8QCGZ) noversion-1788682450.446 Flannel users/info called with reason: flannel-call:users/info @ https://a.slack-edge.com/bv1-13-br/gantry-v2-shared.cdda0aad0eba53be.min.js?cacheKey=gantry-1788679051:46
[  473256ms] [INFO] Sep-06 11:14:10.446 [API-Q] (TNWA8QCGZ) noversion-1788682450.446 Flannel users/info is ENQUEUED @ https://a.slack-edge.com/bv1-13-br/gantry-v2-shared.cdda0aad0eba53be.min.js?cacheKey=gantry-1788679051:46
[  473256ms] [INFO] Sep-06 11:14:10.447 [API-Q] (TNWA8QCGZ) noversion-1788682450.446 Flannel users/info is ACTIVE @ https://a.slack-edge.com/bv1-13-br/gantry-v2-shared.cdda0aad0eba53be.min.js?cacheKey=gantry-1788679051:46
[  473265ms] [INFO] Sep-06 11:14:10.455 [API-Q] (TNWA8QCGZ) noversion-1788682450.378 Flannel permissions/info is RESOLVED @ https://a.slack-edge.com/bv1-13-br/gantry-v2-shared.cdda0aad0eba53be.min.js?cacheKey=gantry-1788679051:46
[  473272ms] [INFO] Sep-06 11:14:10.462 [API-Q] (TNWA8QCGZ) noversion-1788682450.390 Flannel permissions/info is RESOLVED @ https://a.slack-edge.com/bv1-13-br/gantry-v2-shared.cdda0aad0eba53be.min.js?cacheKey=gantry-1788679051:46
[  473272ms] [INFO] Sep-06 11:14:10.462 [UFM-PERMISSIONS] (TNWA8QCGZ) received SET_CHANNEL_TOPIC,ASSIGN_CHANNEL_MANAGER,CAN_AT_CHANNEL,CAN_AT_EVERYONE,ARCHIVE_CHANNEL (1) @ https://a.slack-edge.com/bv1-13-br/gantry-v2-shared.cdda0aad0eba53be.min.js?cacheKey=gantry-1788679051:46
[  473299ms] [INFO] Sep-06 11:14:10.489 [API-Q] (TNWA8QCGZ) noversion-1788682450.390 Flannel users/counts is RESOLVED @ https://a.slack-edge.com/bv1-13-br/gantry-v2-shared.cdda0aad0eba53be.min.js?cacheKey=gantry-1788679051:46
[  473317ms] [INFO] Sep-06 11:14:10.508 [API-Q] (TNWA8QCGZ) noversion-1788682450.446 Flannel users/info is RESOLVED @ https://a.slack-edge.com/bv1-13-br/gantry-v2-shared.cdda0aad0eba53be.min.js?cacheKey=gantry-1788679051:46
[  473379ms] [INFO] Sep-06 11:14:10.569 [API-Q] (TNWA8QCGZ) 32962251-1788682450.389 conversations.listPrefs is RESOLVED @ https://a.slack-edge.com/bv1-13-br/gantry-v2-shared.cdda0aad0eba53be.min.js?cacheKey=gantry-1788679051:46
[  473384ms] [INFO] Sep-06 11:14:10.574 [API-Q] (TNWA8QCGZ) 32962251-1788682450.393 bookmarks.list is RESOLVED @ https://a.slack-edge.com/bv1-13-br/gantry-v2-shared.cdda0aad0eba53be.min.js?cacheKey=gantry-1788679051:46
[  473390ms] [INFO] Sep-06 11:14:10.581 [API-Q] (TNWA8QCGZ) 32962251-1788682450.375 megaphone.notifications.list is RESOLVED @ https://a.slack-edge.com/bv1-13-br/gantry-v2-shared.cdda0aad0eba53be.min.js?cacheKey=gantry-1788679051:46
[  473454ms] [INFO] Sep-06 11:14:10.644 [API-Q] (TNWA8QCGZ) noversion-1788682450.644 Flannel channels/membership called with reason: flannel-call:channels/membership @ https://a.slack-edge.com/bv1-13-br/gantry-v2-shared.cdda0aad0eba53be.min.js?cacheKey=gantry-1788679051:46
[  473454ms] [INFO] Sep-06 11:14:10.645 [API-Q] (TNWA8QCGZ) noversion-1788682450.644 Flannel channels/membership is ENQUEUED @ https://a.slack-edge.com/bv1-13-br/gantry-v2-shared.cdda0aad0eba53be.min.js?cacheKey=gantry-1788679051:46
[  473454ms] [INFO] Sep-06 11:14:10.645 [API-Q] (TNWA8QCGZ) noversion-1788682450.644 Flannel channels/membership is ACTIVE @ https://a.slack-edge.com/bv1-13-br/gantry-v2-shared.cdda0aad0eba53be.min.js?cacheKey=gantry-1788679051:46
[  473513ms] [INFO] Sep-06 11:14:10.703 [API-Q] (TNWA8QCGZ) 32962251-1788682450.339 conversations.history is RESOLVED @ https://a.slack-edge.com/bv1-13-br/gantry-v2-shared.cdda0aad0eba53be.min.js?cacheKey=gantry-1788679051:46
[  473516ms] [INFO] Sep-06 11:14:10.706 [PLATFORM-CHANNEL-ACTI] (TNWA8QCGZ) setting count for channel CTRCR8RBP to 0, and marking channel as stale. @ https://a.slack-edge.com/bv1-13-br/gantry-v2-shared.cdda0aad0eba53be.min.js?cacheKey=gantry-1788679051:46
[  473517ms] [INFO] Sep-06 11:14:10.707 [PINS] (TNWA8QCGZ) Pins count updated for channel CTRCR8RBP: 11 @ https://a.slack-edge.com/bv1-13-br/gantry-v2-shared.cdda0aad0eba53be.min.js?cacheKey=gantry-1788679051:46
[  473523ms] [INFO] Sep-06 11:14:10.713 [MESSAGE-LIST] (TNWA8QCGZ) componentWillReceiveProps isLoading: false isLoadingOlder: false timestamps: 28 @ https://a.slack-edge.com/bv1-13-br/gantry-v2-shared.cdda0aad0eba53be.min.js?cacheKey=gantry-1788679051:46
[  473552ms] [INFO] Sep-06 11:14:10.743 [CHECK-UNREADS] (TNWA8QCGZ) unreadLineVisible updated in main window container primary: false -> true @ https://a.slack-edge.com/bv1-13-br/gantry-v2-shared.cdda0aad0eba53be.min.js?cacheKey=gantry-1788679051:46
[  473569ms] [INFO] Sep-06 11:14:10.760 [UFM-MEMBERS] (TNWA8QCGZ) requesting U089TTKTNTX,U0BMXJ14TU1,U098HRG49J5,U0AUD0T97ND,U02S12F7VFZ,U0BSKS8EK88,U029Z37AJMA,U0B216N6TJA,U0BJDJFT64T,U0BS29X8ESJ,U0BSH2ZPJAU,U04PWEQ62H1,U0A0T1EJS01,U0BQXPCKUKS,U0AQKC4QNUT,U0B6REAUBMX,U0A7A70UWL9,U0BMH096GSZ,U09SSP1LQUS,U0BMMJVG3PD,U036Q5MAK4Z,U0BL6427F0T,U0ADNTLJQNM,U0B9C5RQQFL,U0BRQ69E1L5,U0B2XUZK50T (1) @ https://a.slack-edge.com/bv1-13-br/gantry-v2-shared.cdda0aad0eba53be.min.js?cacheKey=gantry-1788679051:46
[  473570ms] [INFO] Sep-06 11:14:10.760 [API-Q] (TNWA8QCGZ) noversion-1788682450.760 Flannel users/info called with reason: flannel-call:users/info @ https://a.slack-edge.com/bv1-13-br/gantry-v2-shared.cdda0aad0eba53be.min.js?cacheKey=gantry-1788679051:46
[  473570ms] [INFO] Sep-06 11:14:10.760 [API-Q] (TNWA8QCGZ) noversion-1788682450.760 Flannel users/info is ENQUEUED @ https://a.slack-edge.com/bv1-13-br/gantry-v2-shared.cdda0aad0eba53be.min.js?cacheKey=gantry-1788679051:46
[  473570ms] [INFO] Sep-06 11:14:10.760 [API-Q] (TNWA8QCGZ) noversion-1788682450.760 Flannel users/info is ACTIVE @ https://a.slack-edge.com/bv1-13-br/gantry-v2-shared.cdda0aad0eba53be.min.js?cacheKey=gantry-1788679051:46
[  473570ms] [INFO] Sep-06 11:14:10.761 [API-Q] (TNWA8QCGZ) 32962251-1788682450.761 files.channelSettingsAllowDownloads called with reason: file-download-allowed-store.ConditionalFetchManager.fetch @ https://a.slack-edge.com/bv1-13-br/gantry-v2-shared.cdda0aad0eba53be.min.js?cacheKey=gantry-1788679051:46
[  473570ms] [INFO] Sep-06 11:14:10.761 [API-Q] (TNWA8QCGZ) 32962251-1788682450.761 files.channelSettingsAllowDownloads is ENQUEUED @ https://a.slack-edge.com/bv1-13-br/gantry-v2-shared.cdda0aad0eba53be.min.js?cacheKey=gantry-1788679051:46
[  473571ms] [INFO] Sep-06 11:14:10.761 [API-Q] (TNWA8QCGZ) 32962251-1788682450.761 files.channelSettingsAllowDownloads is ACTIVE @ https://a.slack-edge.com/bv1-13-br/gantry-v2-shared.cdda0aad0eba53be.min.js?cacheKey=gantry-1788679051:46
[  473571ms] [INFO] Sep-06 11:14:10.761 [UFM-REACJITRIGGERS] (TNWA8QCGZ) requesting CTRCR8RBP (1) @ https://a.slack-edge.com/bv1-13-br/gantry-v2-shared.cdda0aad0eba53be.min.js?cacheKey=gantry-1788679051:46
[  473571ms] [INFO] Sep-06 11:14:10.761 [API-Q] (TNWA8QCGZ) 32962251-1788682450.761 conversations.bulkReacjiTriggers called with reason: reacji_triggers_ufm @ https://a.slack-edge.com/bv1-13-br/gantry-v2-shared.cdda0aad0eba53be.min.js?cacheKey=gantry-1788679051:46
[  473571ms] [INFO] Sep-06 11:14:10.761 [API-Q] (TNWA8QCGZ) 32962251-1788682450.761 conversations.bulkReacjiTriggers is ENQUEUED @ https://a.slack-edge.com/bv1-13-br/gantry-v2-shared.cdda0aad0eba53be.min.js?cacheKey=gantry-1788679051:46
[  473571ms] [INFO] Sep-06 11:14:10.762 [API-Q] (TNWA8QCGZ) 32962251-1788682450.761 conversations.bulkReacjiTriggers is ACTIVE @ https://a.slack-edge.com/bv1-13-br/gantry-v2-shared.cdda0aad0eba53be.min.js?cacheKey=gantry-1788679051:46
[  473632ms] [INFO] Sep-06 11:14:10.822 [API-Q] (TNWA8QCGZ) noversion-1788682450.760 Flannel users/info is RESOLVED @ https://a.slack-edge.com/bv1-13-br/gantry-v2-shared.cdda0aad0eba53be.min.js?cacheKey=gantry-1788679051:46
[  473632ms] [INFO] Sep-06 11:14:10.823 [UFM-MEMBERS] (TNWA8QCGZ) received U089TTKTNTX,U0BMXJ14TU1,U098HRG49J5,U0AUD0T97ND,U02S12F7VFZ,U0BSKS8EK88,U029Z37AJMA,U0B216N6TJA,U0BJDJFT64T,U0BS29X8ESJ,U0BSH2ZPJAU,U04PWEQ62H1,U0A0T1EJS01,U0BQXPCKUKS,U0AQKC4QNUT,U0B6REAUBMX,U0A7A70UWL9,U0BMH096GSZ,U09SSP1LQUS,U0BMMJVG3PD,U036Q5MAK4Z,U0BL6427F0T,U0ADNTLJQNM,U0B9C5RQQFL,U0BRQ69E1L5,U0B2XUZK50T (1) @ https://a.slack-edge.com/bv1-13-br/gantry-v2-shared.cdda0aad0eba53be.min.js?cacheKey=gantry-1788679051:46
[  473644ms] [INFO] Sep-06 11:14:10.834 [DND_V2] (TNWA8QCGZ) fetchAndUpsertDndForUsers - Preparing to fetch DND times for the following members: U0AUD0T97ND,U098HRG49J5,U0BMXJ14TU1,U089TTKTNTX @ https://a.slack-edge.com/bv1-13-br/gantry-v2-shared.cdda0aad0eba53be.min.js?cacheKey=gantry-1788679051:46
[  473644ms] [INFO] Sep-06 11:14:10.835 [API-Q] (TNWA8QCGZ) 32962251-1788682450.835 dnd.teamInfo called with reason: fetchAndUpsertDndForUsers-getDndTimesFor:others @ https://a.slack-edge.com/bv1-13-br/gantry-v2-shared.cdda0aad0eba53be.min.js?cacheKey=gantry-1788679051:46
[  473644ms] [INFO] Sep-06 11:14:10.835 [API-Q] (TNWA8QCGZ) 32962251-1788682450.835 dnd.teamInfo is ENQUEUED @ https://a.slack-edge.com/bv1-13-br/gantry-v2-shared.cdda0aad0eba53be.min.js?cacheKey=gantry-1788679051:46
[  473645ms] [INFO] Sep-06 11:14:10.835 [API-Q] (TNWA8QCGZ) 32962251-1788682450.835 dnd.teamInfo is ACTIVE @ https://a.slack-edge.com/bv1-13-br/gantry-v2-shared.cdda0aad0eba53be.min.js?cacheKey=gantry-1788679051:46
[  473754ms] [INFO] Sep-06 11:14:10.944 [API-Q] (TNWA8QCGZ) 32962251-1788682450.761 conversations.bulkReacjiTriggers is RESOLVED @ https://a.slack-edge.com/bv1-13-br/gantry-v2-shared.cdda0aad0eba53be.min.js?cacheKey=gantry-1788679051:46
[  473754ms] [INFO] Sep-06 11:14:10.944 [UFM-REACJITRIGGERS] (TNWA8QCGZ) received CTRCR8RBP (1) @ https://a.slack-edge.com/bv1-13-br/gantry-v2-shared.cdda0aad0eba53be.min.js?cacheKey=gantry-1788679051:46
[  473757ms] [INFO] Sep-06 11:14:10.947 [API-Q] (TNWA8QCGZ) 32962251-1788682450.761 files.channelSettingsAllowDownloads is RESOLVED @ https://a.slack-edge.com/bv1-13-br/gantry-v2-shared.cdda0aad0eba53be.min.js?cacheKey=gantry-1788679051:46
[  473776ms] [INFO] Sep-06 11:14:10.967 [API-Q] (TNWA8QCGZ) noversion-1788682450.967 Flannel channels/membership called with reason: flannel-call:channels/membership @ https://a.slack-edge.com/bv1-13-br/gantry-v2-shared.cdda0aad0eba53be.min.js?cacheKey=gantry-1788679051:46
[  473776ms] [INFO] Sep-06 11:14:10.967 [API-Q] (TNWA8QCGZ) noversion-1788682450.967 Flannel channels/membership is ENQUEUED @ https://a.slack-edge.com/bv1-13-br/gantry-v2-shared.cdda0aad0eba53be.min.js?cacheKey=gantry-1788679051:46
[  473777ms] [INFO] Sep-06 11:14:10.967 [API-Q] (TNWA8QCGZ) noversion-1788682450.967 Flannel channels/membership is ACTIVE @ https://a.slack-edge.com/bv1-13-br/gantry-v2-shared.cdda0aad0eba53be.min.js?cacheKey=gantry-1788679051:46
[  473795ms] [INFO] Sep-06 11:14:10.985 [API-Q] (TNWA8QCGZ) noversion-1788682450.644 Flannel channels/membership is RESOLVED @ https://a.slack-edge.com/bv1-13-br/gantry-v2-shared.cdda0aad0eba53be.min.js?cacheKey=gantry-1788679051:46
[  473842ms] [INFO] Sep-06 11:14:11.032 [API-Q] (TNWA8QCGZ) noversion-1788682450.967 Flannel channels/membership is RESOLVED @ https://a.slack-edge.com/bv1-13-br/gantry-v2-shared.cdda0aad0eba53be.min.js?cacheKey=gantry-1788679051:46
[  473850ms] [INFO] Sep-06 11:14:11.040 [API-Q] (TNWA8QCGZ) 32962251-1788682450.835 dnd.teamInfo is RESOLVED @ https://a.slack-edge.com/bv1-13-br/gantry-v2-shared.cdda0aad0eba53be.min.js?cacheKey=gantry-1788679051:46
[  473850ms] [INFO] Sep-06 11:14:11.041 [DND] (TNWA8QCGZ) Fetched DND info for the following members: U0AUD0T97ND,U098HRG49J5,U0BMXJ14TU1,U089TTKTNTX @ https://a.slack-edge.com/bv1-13-br/gantry-v2-shared.cdda0aad0eba53be.min.js?cacheKey=gantry-1788679051:46
[  473851ms] [INFO] Sep-06 11:14:11.042 [DND_V2] (TNWA8QCGZ) Will check for changes in DND status again in 5 minutes @ https://a.slack-edge.com/bv1-13-br/gantry-v2-shared.cdda0aad0eba53be.min.js?cacheKey=gantry-1788679051:46
[  473911ms] [INFO] Sep-06 11:14:11.102 [CHECK-UNREADS] (TNWA8QCGZ) Checking unreads after unread line became visible @ https://a.slack-edge.com/bv1-13-br/gantry-v2-shared.cdda0aad0eba53be.min.js?cacheKey=gantry-1788679051:46
[  473911ms] [INFO] Sep-06 11:14:11.102 [CHECK-UNREADS] (TNWA8QCGZ) Not marking CTRCR8RBP because last_read >= latest && channel is read @ https://a.slack-edge.com/bv1-13-br/gantry-v2-shared.cdda0aad0eba53be.min.js?cacheKey=gantry-1788679051:46
[  474277ms] [INFO] Sep-06 11:14:11.467 [API-Q] (TNWA8QCGZ) noversion-1788682451.467 Flannel users/info called with reason: flannel-call:users/info @ https://a.slack-edge.com/bv1-13-br/gantry-v2-shared.cdda0aad0eba53be.min.js?cacheKey=gantry-1788679051:46
[  474277ms] [INFO] Sep-06 11:14:11.467 [API-Q] (TNWA8QCGZ) noversion-1788682451.467 Flannel users/info is ENQUEUED @ https://a.slack-edge.com/bv1-13-br/gantry-v2-shared.cdda0aad0eba53be.min.js?cacheKey=gantry-1788679051:46
[  474277ms] [INFO] Sep-06 11:14:11.468 [API-Q] (TNWA8QCGZ) noversion-1788682451.467 Flannel users/info is ACTIVE @ https://a.slack-edge.com/bv1-13-br/gantry-v2-shared.cdda0aad0eba53be.min.js?cacheKey=gantry-1788679051:46
[  474339ms] [INFO] Sep-06 11:14:11.530 [API-Q] (TNWA8QCGZ) noversion-1788682451.467 Flannel users/info is RESOLVED @ https://a.slack-edge.com/bv1-13-br/gantry-v2-shared.cdda0aad0eba53be.min.js?cacheKey=gantry-1788679051:46
[  475772ms] [INFO] Sep-06 11:14:12.963 [NAVIGATE-IN-MAIN-WIND] Starting a new navigation event {id: C046BRWDV2R, viewType: Channel, viewParams: undefined, options: Object} @ https://a.slack-edge.com/bv1-13-br/gantry-v2-shared.cdda0aad0eba53be.min.js?cacheKey=gantry-1788679051:46
[  475773ms] [INFO] Sep-06 11:14:12.963 [APPLY-DETAIL-VIEW] ViewSet with detail view applied {viewSet: Object} @ https://a.slack-edge.com/bv1-13-br/gantry-v2-shared.cdda0aad0eba53be.min.js?cacheKey=gantry-1788679051:46
[  475773ms] [INFO] Sep-06 11:14:12.963 [NAVIGATE-IN-MAIN-WIND] Applying changes to the primary container {viewSet: Object, nextTab: home} @ https://a.slack-edge.com/bv1-13-br/gantry-v2-shared.cdda0aad0eba53be.min.js?cacheKey=gantry-1788679051:46
[  475773ms] [INFO] Sep-06 11:14:12.964 [NAVIGATION-MIDDLEWARE] Starting a new navigation middleware execution {context: navigation, nextViewSet: Object, nextSplitView: undefined, middlewareCount: 26, nextTab: home} @ https://a.slack-edge.com/bv1-13-br/gantry-v2-shared.cdda0aad0eba53be.min.js?cacheKey=gantry-1788679051:46
[  475773ms] [INFO] Sep-06 11:14:12.964 [NAVIGATION-MIDDLEWARE] Async action execution is complete for a view {nextView: Object, results: Array(26), shouldTerminateNavigation: false, executionTime: 0.09999999962747097, nextTab: home} @ https://a.slack-edge.com/bv1-13-br/gantry-v2-shared.cdda0aad0eba53be.min.js?cacheKey=gantry-1788679051:46
[  475774ms] [INFO] Sep-06 11:14:12.964 [NAVIGATION-MIDDLEWARE] Finish middleware execution for sidebar container {maybeTransformedViewSet: Object, maybeTransformedSplitView: undefined, terminateNavigation: false, isViewTransformed: false, iterationCount: 0} @ https://a.slack-edge.com/bv1-13-br/gantry-v2-shared.cdda0aad0eba53be.min.js?cacheKey=gantry-1788679051:46
[  475774ms] [INFO] Sep-06 11:14:12.964 [NAVIGATION-MIDDLEWARE] Async action execution is complete for a view {nextView: Object, results: Array(26), shouldTerminateNavigation: false, executionTime: 0, nextTab: home} @ https://a.slack-edge.com/bv1-13-br/gantry-v2-shared.cdda0aad0eba53be.min.js?cacheKey=gantry-1788679051:46
[  475774ms] [INFO] Sep-06 11:14:12.964 [APPLY-DETAIL-VIEW] ViewSet with detail view applied {viewSet: Object} @ https://a.slack-edge.com/bv1-13-br/gantry-v2-shared.cdda0aad0eba53be.min.js?cacheKey=gantry-1788679051:46
[  475774ms] [INFO] Sep-06 11:14:12.964 [NAVIGATION-MIDDLEWARE] View has been transformed {container: primary, initialView: Object, transformedView: Object, iterationCount: 0} @ https://a.slack-edge.com/bv1-13-br/gantry-v2-shared.cdda0aad0eba53be.min.js?cacheKey=gantry-1788679051:46
[  475774ms] [INFO] Sep-06 11:14:12.964 [NAVIGATION-MIDDLEWARE] Skipping middleware execution for sidebar container as we have cached value {initialView: Object, iterationCount: 1} @ https://a.slack-edge.com/bv1-13-br/gantry-v2-shared.cdda0aad0eba53be.min.js?cacheKey=gantry-1788679051:46
[  475774ms] [INFO] Sep-06 11:14:12.964 [NAVIGATION-MIDDLEWARE] Async action execution is complete for a view {nextView: Object, results: Array(26), shouldTerminateNavigation: false, executionTime: 0, nextTab: home} @ https://a.slack-edge.com/bv1-13-br/gantry-v2-shared.cdda0aad0eba53be.min.js?cacheKey=gantry-1788679051:46
[  475774ms] [INFO] Sep-06 11:14:12.964 [NAVIGATION-MIDDLEWARE] Finish middleware execution for primary container {maybeTransformedViewSet: Object, maybeTransformedSplitView: undefined, terminateNavigation: false, isViewTransformed: false, iterationCount: 1} @ https://a.slack-edge.com/bv1-13-br/gantry-v2-shared.cdda0aad0eba53be.min.js?cacheKey=gantry-1788679051:46
[  475774ms] [INFO] Sep-06 11:14:12.964 [NAVIGATION-MIDDLEWARE] Finish middleware execution for primary container {maybeTransformedViewSet: Object, maybeTransformedSplitView: undefined, terminateNavigation: false, isViewTransformed: true, iterationCount: 0} @ https://a.slack-edge.com/bv1-13-br/gantry-v2-shared.cdda0aad0eba53be.min.js?cacheKey=gantry-1788679051:46
[  475774ms] [INFO] Sep-06 11:14:12.964 [NAVIGATION-MIDDLEWARE] Navigation middleware execution is complete {maybeUpdatedViewSet: Object, maybeUpdatedSplitView: undefined, terminateNavigation: false, executionTime: 0.7999999988824129, nextTab: home} @ https://a.slack-edge.com/bv1-13-br/gantry-v2-shared.cdda0aad0eba53be.min.js?cacheKey=gantry-1788679051:46
[  475774ms] [INFO] Sep-06 11:14:12.965 [NAVIGATE-IN-MAIN-WIND] Built view set after middleware {viewSet: Object, splitView: undefined, nextTab: home} @ https://a.slack-edge.com/bv1-13-br/gantry-v2-shared.cdda0aad0eba53be.min.js?cacheKey=gantry-1788679051:46
[  475775ms] [INFO] Sep-06 11:14:12.966 [NAVIGATE-LISTENERS] (TNWA8QCGZ) Starting navigation listeners for triggerType NAVIGATION @ https://a.slack-edge.com/bv1-13-br/gantry-v2-shared.cdda0aad0eba53be.min.js?cacheKey=gantry-1788679051:46
[  475776ms] [INFO] Sep-06 11:14:12.967 [MARK-MOST-RECENT] (TNWA8QCGZ) Skip marking most recent message in C046BRWDV2R as read because getLatestTs (1788365014.724629) is less than getLastReadTs (1788423275.345649) @ https://a.slack-edge.com/bv1-13-br/gantry-v2-shared.cdda0aad0eba53be.min.js?cacheKey=gantry-1788679051:46
[  475776ms] [INFO] Sep-06 11:14:12.967 [NAVIGATE-LISTENERS] (TNWA8QCGZ) Navigation listeners complete without errors @ https://a.slack-edge.com/bv1-13-br/gantry-v2-shared.cdda0aad0eba53be.min.js?cacheKey=gantry-1788679051:46
[  475776ms] [INFO] Sep-06 11:14:12.967 [NAVIGATE-IN-MAIN-WIND]  Navigation thunk execution complete {id: C046BRWDV2R, viewType: Channel, viewParams: undefined, options: Object} @ https://a.slack-edge.com/bv1-13-br/gantry-v2-shared.cdda0aad0eba53be.min.js?cacheKey=gantry-1788679051:46
[  475795ms] [INFO] Sep-06 11:14:12.985 [MESSAGE-LIST] (TNWA8QCGZ) getScrollmark reason:channel_change channelId:CTRCR8RBP at end @ https://a.slack-edge.com/bv1-13-br/gantry-v2-shared.cdda0aad0eba53be.min.js?cacheKey=gantry-1788679051:46
[  475796ms] [INFO] Sep-06 11:14:12.986 [MESSAGE-LIST] (TNWA8QCGZ) Switching channels: C046BRWDV2R timestamps: 0 @ https://a.slack-edge.com/bv1-13-br/gantry-v2-shared.cdda0aad0eba53be.min.js?cacheKey=gantry-1788679051:46
[  475796ms] [INFO] Sep-06 11:14:12.986 [MESSAGE-LIST] (TNWA8QCGZ) requestAround channelId: C046BRWDV2R isLoading: false timestamps: 0 reachedStart: false reachedEnd: false @ https://a.slack-edge.com/bv1-13-br/gantry-v2-shared.cdda0aad0eba53be.min.js?cacheKey=gantry-1788679051:46
[  475796ms] [INFO] Sep-06 11:14:12.987 [HISTORY-FETCH] (TNWA8QCGZ) Fetching history for message pane: C046BRWDV2R oldest: null latest: null @ https://a.slack-edge.com/bv1-13-br/gantry-v2-shared.cdda0aad0eba53be.min.js?cacheKey=gantry-1788679051:46
[  475796ms] [INFO] Sep-06 11:14:12.987 [API-Q] (TNWA8QCGZ) 32962251-1788682452.987 conversations.history called with reason: message-pane/requestHistory @ https://a.slack-edge.com/bv1-13-br/gantry-v2-shared.cdda0aad0eba53be.min.js?cacheKey=gantry-1788679051:46
[  475797ms] [INFO] Sep-06 11:14:12.987 [API-Q] (TNWA8QCGZ) 32962251-1788682452.987 conversations.history is ENQUEUED @ https://a.slack-edge.com/bv1-13-br/gantry-v2-shared.cdda0aad0eba53be.min.js?cacheKey=gantry-1788679051:46
[  475827ms] [INFO] Sep-06 11:14:13.017 [MESSAGE-LIST] (TNWA8QCGZ) requestAround channelId: C046BRWDV2R isLoading: false timestamps: 0 reachedStart: false reachedEnd: false @ https://a.slack-edge.com/bv1-13-br/gantry-v2-shared.cdda0aad0eba53be.min.js?cacheKey=gantry-1788679051:46
[  475827ms] [INFO] Sep-06 11:14:13.018 [MESSAGE-LIST] (TNWA8QCGZ) requestAround channelId: C046BRWDV2R isLoading: false timestamps: 0 reachedStart: false reachedEnd: false @ https://a.slack-edge.com/bv1-13-br/gantry-v2-shared.cdda0aad0eba53be.min.js?cacheKey=gantry-1788679051:46
[  475832ms] [INFO] Sep-06 11:14:13.022 [API-Q] (TNWA8QCGZ) 32962251-1788682453.022 megaphone.notifications.list called with reason: load-megaphone-notification-data @ https://a.slack-edge.com/bv1-13-br/gantry-v2-shared.cdda0aad0eba53be.min.js?cacheKey=gantry-1788679051:46
[  475832ms] [INFO] Sep-06 11:14:13.022 [API-Q] (TNWA8QCGZ) 32962251-1788682453.022 megaphone.notifications.list is ENQUEUED @ https://a.slack-edge.com/bv1-13-br/gantry-v2-shared.cdda0aad0eba53be.min.js?cacheKey=gantry-1788679051:46
[  475832ms] [INFO] Sep-06 11:14:13.023 [API-Q] (TNWA8QCGZ) 32962251-1788682453.023 megaphone.notifications.list called with reason: channel_opened_with_slack_connect_invites_created @ https://a.slack-edge.com/bv1-13-br/gantry-v2-shared.cdda0aad0eba53be.min.js?cacheKey=gantry-1788679051:46
[  475832ms] [INFO] Sep-06 11:14:13.023 [API-Q] (TNWA8QCGZ) 32962251-1788682453.023 megaphone.notifications.list is ENQUEUED @ https://a.slack-edge.com/bv1-13-br/gantry-v2-shared.cdda0aad0eba53be.min.js?cacheKey=gantry-1788679051:46
[  475835ms] [INFO] Sep-06 11:14:13.026 [API-Q] (TNWA8QCGZ) noversion-1788682453.026 Flannel users/list called with reason: flannel-call:users/list @ https://a.slack-edge.com/bv1-13-br/gantry-v2-shared.cdda0aad0eba53be.min.js?cacheKey=gantry-1788679051:46
[  475835ms] [INFO] Sep-06 11:14:13.026 [API-Q] (TNWA8QCGZ) noversion-1788682453.026 Flannel users/list is ENQUEUED @ https://a.slack-edge.com/bv1-13-br/gantry-v2-shared.cdda0aad0eba53be.min.js?cacheKey=gantry-1788679051:46
[  475836ms] [INFO] Sep-06 11:14:13.026 [API-Q] (TNWA8QCGZ) noversion-1788682453.026 Flannel permissions/info called with reason: flannel-call:permissions/info @ https://a.slack-edge.com/bv1-13-br/gantry-v2-shared.cdda0aad0eba53be.min.js?cacheKey=gantry-1788679051:46
[  475836ms] [INFO] Sep-06 11:14:13.026 [API-Q] (TNWA8QCGZ) noversion-1788682453.026 Flannel permissions/info is ENQUEUED @ https://a.slack-edge.com/bv1-13-br/gantry-v2-shared.cdda0aad0eba53be.min.js?cacheKey=gantry-1788679051:46
[  475836ms] [INFO] Sep-06 11:14:13.026 [API-Q] (TNWA8QCGZ) 32962251-1788682452.987 conversations.history is ACTIVE @ https://a.slack-edge.com/bv1-13-br/gantry-v2-shared.cdda0aad0eba53be.min.js?cacheKey=gantry-1788679051:46
[  475836ms] [INFO] Sep-06 11:14:13.027 [API-Q] (TNWA8QCGZ) 32962251-1788682453.022 megaphone.notifications.list is ACTIVE @ https://a.slack-edge.com/bv1-13-br/gantry-v2-shared.cdda0aad0eba53be.min.js?cacheKey=gantry-1788679051:46
[  475836ms] [INFO] Sep-06 11:14:13.027 [API-Q] (TNWA8QCGZ) 32962251-1788682453.023 megaphone.notifications.list is ACTIVE @ https://a.slack-edge.com/bv1-13-br/gantry-v2-shared.cdda0aad0eba53be.min.js?cacheKey=gantry-1788679051:46
[  475836ms] [INFO] Sep-06 11:14:13.027 [API-Q] (TNWA8QCGZ) noversion-1788682453.026 Flannel users/list is ACTIVE @ https://a.slack-edge.com/bv1-13-br/gantry-v2-shared.cdda0aad0eba53be.min.js?cacheKey=gantry-1788679051:46
[  475836ms] [INFO] Sep-06 11:14:13.027 [API-Q] (TNWA8QCGZ) noversion-1788682453.026 Flannel permissions/info is ACTIVE @ https://a.slack-edge.com/bv1-13-br/gantry-v2-shared.cdda0aad0eba53be.min.js?cacheKey=gantry-1788679051:46
[  475848ms] [INFO] Sep-06 11:14:13.038 [API-Q] (TNWA8QCGZ) 32962251-1788682453.038 conversations.listPrefs called with reason: client_redux_store @ https://a.slack-edge.com/bv1-13-br/gantry-v2-shared.cdda0aad0eba53be.min.js?cacheKey=gantry-1788679051:46
[  475848ms] [INFO] Sep-06 11:14:13.038 [API-Q] (TNWA8QCGZ) 32962251-1788682453.038 conversations.listPrefs is ENQUEUED @ https://a.slack-edge.com/bv1-13-br/gantry-v2-shared.cdda0aad0eba53be.min.js?cacheKey=gantry-1788679051:46
[  475848ms] [INFO] Sep-06 11:14:13.039 [API-Q] (TNWA8QCGZ) 32962251-1788682453.038 conversations.listPrefs is ACTIVE @ https://a.slack-edge.com/bv1-13-br/gantry-v2-shared.cdda0aad0eba53be.min.js?cacheKey=gantry-1788679051:46
[  475848ms] [INFO] Sep-06 11:14:13.039 [UFM-PERMISSIONS] (TNWA8QCGZ) requesting SET_CHANNEL_TOPIC,ASSIGN_CHANNEL_MANAGER,CAN_AT_CHANNEL,CAN_AT_EVERYONE,ARCHIVE_CHANNEL (1) @ https://a.slack-edge.com/bv1-13-br/gantry-v2-shared.cdda0aad0eba53be.min.js?cacheKey=gantry-1788679051:46
[  475848ms] [INFO] Sep-06 11:14:13.039 [API-Q] (TNWA8QCGZ) noversion-1788682453.039 Flannel permissions/info called with reason: flannel-call:permissions/info @ https://a.slack-edge.com/bv1-13-br/gantry-v2-shared.cdda0aad0eba53be.min.js?cacheKey=gantry-1788679051:46
[  475848ms] [INFO] Sep-06 11:14:13.039 [API-Q] (TNWA8QCGZ) noversion-1788682453.039 Flannel permissions/info is ENQUEUED @ https://a.slack-edge.com/bv1-13-br/gantry-v2-shared.cdda0aad0eba53be.min.js?cacheKey=gantry-1788679051:46
[  475849ms] [INFO] Sep-06 11:14:13.039 [API-Q] (TNWA8QCGZ) noversion-1788682453.039 Flannel permissions/info is ACTIVE @ https://a.slack-edge.com/bv1-13-br/gantry-v2-shared.cdda0aad0eba53be.min.js?cacheKey=gantry-1788679051:46
[  475849ms] [INFO] Sep-06 11:14:13.039 [API-Q] (TNWA8QCGZ) noversion-1788682453.039 Flannel users/counts called with reason: flannel-call:users/counts @ https://a.slack-edge.com/bv1-13-br/gantry-v2-shared.cdda0aad0eba53be.min.js?cacheKey=gantry-1788679051:46
[  475849ms] [INFO] Sep-06 11:14:13.039 [API-Q] (TNWA8QCGZ) noversion-1788682453.039 Flannel users/counts is ENQUEUED @ https://a.slack-edge.com/bv1-13-br/gantry-v2-shared.cdda0aad0eba53be.min.js?cacheKey=gantry-1788679051:46
[  475849ms] [INFO] Sep-06 11:14:13.039 [API-Q] (TNWA8QCGZ) noversion-1788682453.039 Flannel users/counts is ACTIVE @ https://a.slack-edge.com/bv1-13-br/gantry-v2-shared.cdda0aad0eba53be.min.js?cacheKey=gantry-1788679051:46
[  475849ms] [INFO] Sep-06 11:14:13.040 [UFM] (TNWA8QCGZ) requesting C046BRWDV2R (1) @ https://a.slack-edge.com/bv1-13-br/gantry-v2-shared.cdda0aad0eba53be.min.js?cacheKey=gantry-1788679051:46
[  475849ms] [INFO] Sep-06 11:14:13.040 [UFM] (TNWA8QCGZ) received C046BRWDV2R (1) @ https://a.slack-edge.com/bv1-13-br/gantry-v2-shared.cdda0aad0eba53be.min.js?cacheKey=gantry-1788679051:46
[  475853ms] [INFO] Sep-06 11:14:13.043 [API-Q] (TNWA8QCGZ) 32962251-1788682453.043 bookmarks.list called with reason: bookmarks-store/conditional-fetching @ https://a.slack-edge.com/bv1-13-br/gantry-v2-shared.cdda0aad0eba53be.min.js?cacheKey=gantry-1788679051:46
[  475853ms] [INFO] Sep-06 11:14:13.043 [API-Q] (TNWA8QCGZ) 32962251-1788682453.043 bookmarks.list is ENQUEUED @ https://a.slack-edge.com/bv1-13-br/gantry-v2-shared.cdda0aad0eba53be.min.js?cacheKey=gantry-1788679051:46
[  475853ms] [INFO] Sep-06 11:14:13.043 [API-Q] (TNWA8QCGZ) 32962251-1788682453.043 bookmarks.list is ACTIVE @ https://a.slack-edge.com/bv1-13-br/gantry-v2-shared.cdda0aad0eba53be.min.js?cacheKey=gantry-1788679051:46
[  475855ms] [INFO] Sep-06 11:14:13.045 [MESSAGE-LIST] (TNWA8QCGZ) componentWillReceiveProps isLoading: true isLoadingOlder: false timestamps: 0 @ https://a.slack-edge.com/bv1-13-br/gantry-v2-shared.cdda0aad0eba53be.min.js?cacheKey=gantry-1788679051:46
[  475899ms] [INFO] Sep-06 11:14:13.090 [API-Q] (TNWA8QCGZ) noversion-1788682453.026 Flannel users/list is RESOLVED @ https://a.slack-edge.com/bv1-13-br/gantry-v2-shared.cdda0aad0eba53be.min.js?cacheKey=gantry-1788679051:46
[  475909ms] [INFO] Sep-06 11:14:13.099 [API-Q] (TNWA8QCGZ) noversion-1788682453.026 Flannel permissions/info is RESOLVED @ https://a.slack-edge.com/bv1-13-br/gantry-v2-shared.cdda0aad0eba53be.min.js?cacheKey=gantry-1788679051:46
[  475920ms] [INFO] Sep-06 11:14:13.110 [API-Q] (TNWA8QCGZ) noversion-1788682453.039 Flannel permissions/info is RESOLVED @ https://a.slack-edge.com/bv1-13-br/gantry-v2-shared.cdda0aad0eba53be.min.js?cacheKey=gantry-1788679051:46
[  475920ms] [INFO] Sep-06 11:14:13.111 [UFM-PERMISSIONS] (TNWA8QCGZ) received SET_CHANNEL_TOPIC,ASSIGN_CHANNEL_MANAGER,CAN_AT_CHANNEL,CAN_AT_EVERYONE,ARCHIVE_CHANNEL (1) @ https://a.slack-edge.com/bv1-13-br/gantry-v2-shared.cdda0aad0eba53be.min.js?cacheKey=gantry-1788679051:46
[  475921ms] [INFO] Sep-06 11:14:13.111 [API-Q] (TNWA8QCGZ) noversion-1788682453.039 Flannel users/counts is RESOLVED @ https://a.slack-edge.com/bv1-13-br/gantry-v2-shared.cdda0aad0eba53be.min.js?cacheKey=gantry-1788679051:46
[  476024ms] [INFO] Sep-06 11:14:13.215 [API-Q] (TNWA8QCGZ) 32962251-1788682453.023 megaphone.notifications.list is RESOLVED @ https://a.slack-edge.com/bv1-13-br/gantry-v2-shared.cdda0aad0eba53be.min.js?cacheKey=gantry-1788679051:46
[  476027ms] [INFO] Sep-06 11:14:13.218 [API-Q] (TNWA8QCGZ) 32962251-1788682453.038 conversations.listPrefs is RESOLVED @ https://a.slack-edge.com/bv1-13-br/gantry-v2-shared.cdda0aad0eba53be.min.js?cacheKey=gantry-1788679051:46
[  476028ms] [INFO] Sep-06 11:14:13.219 [API-Q] (TNWA8QCGZ) 32962251-1788682453.022 megaphone.notifications.list is RESOLVED @ https://a.slack-edge.com/bv1-13-br/gantry-v2-shared.cdda0aad0eba53be.min.js?cacheKey=gantry-1788679051:46
[  476035ms] [INFO] Sep-06 11:14:13.225 [API-Q] (TNWA8QCGZ) 32962251-1788682453.043 bookmarks.list is RESOLVED @ https://a.slack-edge.com/bv1-13-br/gantry-v2-shared.cdda0aad0eba53be.min.js?cacheKey=gantry-1788679051:46
[  476101ms] [INFO] Sep-06 11:14:13.291 [API-Q] (TNWA8QCGZ) noversion-1788682453.291 Flannel channels/membership called with reason: flannel-call:channels/membership @ https://a.slack-edge.com/bv1-13-br/gantry-v2-shared.cdda0aad0eba53be.min.js?cacheKey=gantry-1788679051:46
[  476101ms] [INFO] Sep-06 11:14:13.291 [API-Q] (TNWA8QCGZ) noversion-1788682453.291 Flannel channels/membership is ENQUEUED @ https://a.slack-edge.com/bv1-13-br/gantry-v2-shared.cdda0aad0eba53be.min.js?cacheKey=gantry-1788679051:46
[  476101ms] [INFO] Sep-06 11:14:13.292 [API-Q] (TNWA8QCGZ) noversion-1788682453.291 Flannel channels/membership is ACTIVE @ https://a.slack-edge.com/bv1-13-br/gantry-v2-shared.cdda0aad0eba53be.min.js?cacheKey=gantry-1788679051:46
[  476124ms] [INFO] Sep-06 11:14:13.315 [API-Q] (TNWA8QCGZ) 32962251-1788682452.987 conversations.history is RESOLVED @ https://a.slack-edge.com/bv1-13-br/gantry-v2-shared.cdda0aad0eba53be.min.js?cacheKey=gantry-1788679051:46
[  476127ms] [INFO] Sep-06 11:14:13.317 [PLATFORM-CHANNEL-ACTI] (TNWA8QCGZ) setting count for channel C046BRWDV2R to 0, and marking channel as stale. @ https://a.slack-edge.com/bv1-13-br/gantry-v2-shared.cdda0aad0eba53be.min.js?cacheKey=gantry-1788679051:46
[  476127ms] [INFO] Sep-06 11:14:13.318 [PINS] (TNWA8QCGZ) Pins count updated for channel C046BRWDV2R: 1 @ https://a.slack-edge.com/bv1-13-br/gantry-v2-shared.cdda0aad0eba53be.min.js?cacheKey=gantry-1788679051:46
[  476141ms] [INFO] Sep-06 11:14:13.332 [MESSAGE-LIST] (TNWA8QCGZ) componentWillReceiveProps isLoading: false isLoadingOlder: false timestamps: 28 @ https://a.slack-edge.com/bv1-13-br/gantry-v2-shared.cdda0aad0eba53be.min.js?cacheKey=gantry-1788679051:46
[  476161ms] [INFO] Sep-06 11:14:13.351 [CHECK-UNREADS] (TNWA8QCGZ) unreadLineVisible updated in main window container primary: false -> true @ https://a.slack-edge.com/bv1-13-br/gantry-v2-shared.cdda0aad0eba53be.min.js?cacheKey=gantry-1788679051:46
[  476175ms] [INFO] Sep-06 11:14:13.365 [UFM-MEMBERS] (TNWA8QCGZ) requesting U05KH2U4GER,U0BU8CU8D61,U0BUY4LKP4Y,U05GP9LUNHE,U0AA3JAF7RA,U02JU2W9KE3,U0BN2EKMT62,U0ASHLM3A82,U074G8U8RJB,U0B0H2MDGP4,U0BDJAZT2N6,U0583V6K67L,U0BPA17EVM0,U0BMESEG3TQ,U0BM0G56V6V,U0BB4R2BWQY,U0BBLCBF2N7,U01R035QC86,U0BM89614M8,U08REE0JHCM,U0BLXSHQZUM,U05MZA76GBX,U0BL30ET6RW,U0B1K9B4FNH,U09HDFQ5A1L,U0944FGS7FF,U03NLV7H2SH (1) @ https://a.slack-edge.com/bv1-13-br/gantry-v2-shared.cdda0aad0eba53be.min.js?cacheKey=gantry-1788679051:46
[  476175ms] [INFO] Sep-06 11:14:13.365 [API-Q] (TNWA8QCGZ) noversion-1788682453.365 Flannel users/info called with reason: flannel-call:users/info @ https://a.slack-edge.com/bv1-13-br/gantry-v2-shared.cdda0aad0eba53be.min.js?cacheKey=gantry-1788679051:46
[  476175ms] [INFO] Sep-06 11:14:13.365 [API-Q] (TNWA8QCGZ) noversion-1788682453.365 Flannel users/info is ENQUEUED @ https://a.slack-edge.com/bv1-13-br/gantry-v2-shared.cdda0aad0eba53be.min.js?cacheKey=gantry-1788679051:46
[  476175ms] [INFO] Sep-06 11:14:13.366 [API-Q] (TNWA8QCGZ) noversion-1788682453.365 Flannel users/info is ACTIVE @ https://a.slack-edge.com/bv1-13-br/gantry-v2-shared.cdda0aad0eba53be.min.js?cacheKey=gantry-1788679051:46
[  476175ms] [INFO] Sep-06 11:14:13.366 [UFM-REACJITRIGGERS] (TNWA8QCGZ) requesting C046BRWDV2R (1) @ https://a.slack-edge.com/bv1-13-br/gantry-v2-shared.cdda0aad0eba53be.min.js?cacheKey=gantry-1788679051:46
[  476176ms] [INFO] Sep-06 11:14:13.366 [API-Q] (TNWA8QCGZ) 32962251-1788682453.366 conversations.bulkReacjiTriggers called with reason: reacji_triggers_ufm @ https://a.slack-edge.com/bv1-13-br/gantry-v2-shared.cdda0aad0eba53be.min.js?cacheKey=gantry-1788679051:46
[  476176ms] [INFO] Sep-06 11:14:13.366 [API-Q] (TNWA8QCGZ) 32962251-1788682453.366 conversations.bulkReacjiTriggers is ENQUEUED @ https://a.slack-edge.com/bv1-13-br/gantry-v2-shared.cdda0aad0eba53be.min.js?cacheKey=gantry-1788679051:46
[  476176ms] [INFO] Sep-06 11:14:13.366 [API-Q] (TNWA8QCGZ) 32962251-1788682453.366 conversations.bulkReacjiTriggers is ACTIVE @ https://a.slack-edge.com/bv1-13-br/gantry-v2-shared.cdda0aad0eba53be.min.js?cacheKey=gantry-1788679051:46
[  476176ms] [INFO] Sep-06 11:14:13.367 [API-Q] (TNWA8QCGZ) 32962251-1788682453.366 files.channelSettingsAllowDownloads called with reason: file-download-allowed-store.ConditionalFetchManager.fetch @ https://a.slack-edge.com/bv1-13-br/gantry-v2-shared.cdda0aad0eba53be.min.js?cacheKey=gantry-1788679051:46
[  476176ms] [INFO] Sep-06 11:14:13.367 [API-Q] (TNWA8QCGZ) 32962251-1788682453.366 files.channelSettingsAllowDownloads is ENQUEUED @ https://a.slack-edge.com/bv1-13-br/gantry-v2-shared.cdda0aad0eba53be.min.js?cacheKey=gantry-1788679051:46
[  476176ms] [INFO] Sep-06 11:14:13.367 [API-Q] (TNWA8QCGZ) 32962251-1788682453.366 files.channelSettingsAllowDownloads is ACTIVE @ https://a.slack-edge.com/bv1-13-br/gantry-v2-shared.cdda0aad0eba53be.min.js?cacheKey=gantry-1788679051:46
[  476238ms] [INFO] Sep-06 11:14:13.429 [API-Q] (TNWA8QCGZ) noversion-1788682453.365 Flannel users/info is RESOLVED @ https://a.slack-edge.com/bv1-13-br/gantry-v2-shared.cdda0aad0eba53be.min.js?cacheKey=gantry-1788679051:46
[  476239ms] [INFO] Sep-06 11:14:13.429 [UFM-MEMBERS] (TNWA8QCGZ) received U05KH2U4GER,U0BU8CU8D61,U0BUY4LKP4Y,U05GP9LUNHE,U0AA3JAF7RA,U02JU2W9KE3,U0BN2EKMT62,U0ASHLM3A82,U074G8U8RJB,U0B0H2MDGP4,U0BDJAZT2N6,U0583V6K67L,U0BPA17EVM0,U0BMESEG3TQ,U0BM0G56V6V,U0BB4R2BWQY,U0BBLCBF2N7,U01R035QC86,U0BM89614M8,U08REE0JHCM,U0BLXSHQZUM,U05MZA76GBX,U0BL30ET6RW,U0B1K9B4FNH,U09HDFQ5A1L,U0944FGS7FF,U03NLV7H2SH (1) @ https://a.slack-edge.com/bv1-13-br/gantry-v2-shared.cdda0aad0eba53be.min.js?cacheKey=gantry-1788679051:46
[  476242ms] [INFO] Sep-06 11:14:13.432 [API-Q] (TNWA8QCGZ) noversion-1788682453.432 Flannel users/info called with reason: flannel-call:users/info @ https://a.slack-edge.com/bv1-13-br/gantry-v2-shared.cdda0aad0eba53be.min.js?cacheKey=gantry-1788679051:46
[  476242ms] [INFO] Sep-06 11:14:13.432 [API-Q] (TNWA8QCGZ) noversion-1788682453.432 Flannel users/info is ENQUEUED @ https://a.slack-edge.com/bv1-13-br/gantry-v2-shared.cdda0aad0eba53be.min.js?cacheKey=gantry-1788679051:46
[  476242ms] [INFO] Sep-06 11:14:13.433 [API-Q] (TNWA8QCGZ) noversion-1788682453.432 Flannel users/info is ACTIVE @ https://a.slack-edge.com/bv1-13-br/gantry-v2-shared.cdda0aad0eba53be.min.js?cacheKey=gantry-1788679051:46
[  476257ms] [INFO] Sep-06 11:14:13.448 [DND_V2] (TNWA8QCGZ) fetchAndUpsertDndForUsers - Preparing to fetch DND times for the following members: U05GP9LUNHE,U0BUY4LKP4Y,U0BU8CU8D61,U05KH2U4GER @ https://a.slack-edge.com/bv1-13-br/gantry-v2-shared.cdda0aad0eba53be.min.js?cacheKey=gantry-1788679051:46
[  476258ms] [INFO] Sep-06 11:14:13.448 [API-Q] (TNWA8QCGZ) 32962251-1788682453.448 dnd.teamInfo called with reason: fetchAndUpsertDndForUsers-getDndTimesFor:others @ https://a.slack-edge.com/bv1-13-br/gantry-v2-shared.cdda0aad0eba53be.min.js?cacheKey=gantry-1788679051:46
[  476258ms] [INFO] Sep-06 11:14:13.448 [API-Q] (TNWA8QCGZ) 32962251-1788682453.448 dnd.teamInfo is ENQUEUED @ https://a.slack-edge.com/bv1-13-br/gantry-v2-shared.cdda0aad0eba53be.min.js?cacheKey=gantry-1788679051:46
[  476258ms] [INFO] Sep-06 11:14:13.449 [API-Q] (TNWA8QCGZ) 32962251-1788682453.448 dnd.teamInfo is ACTIVE @ https://a.slack-edge.com/bv1-13-br/gantry-v2-shared.cdda0aad0eba53be.min.js?cacheKey=gantry-1788679051:46
[  476303ms] [INFO] Sep-06 11:14:13.494 [API-Q] (TNWA8QCGZ) noversion-1788682453.432 Flannel users/info is RESOLVED @ https://a.slack-edge.com/bv1-13-br/gantry-v2-shared.cdda0aad0eba53be.min.js?cacheKey=gantry-1788679051:46
[  476381ms] [INFO] Sep-06 11:14:13.572 [API-Q] (TNWA8QCGZ) 32962251-1788682453.366 conversations.bulkReacjiTriggers is RESOLVED @ https://a.slack-edge.com/bv1-13-br/gantry-v2-shared.cdda0aad0eba53be.min.js?cacheKey=gantry-1788679051:46
[  476381ms] [INFO] Sep-06 11:14:13.572 [UFM-REACJITRIGGERS] (TNWA8QCGZ) received C046BRWDV2R (1) @ https://a.slack-edge.com/bv1-13-br/gantry-v2-shared.cdda0aad0eba53be.min.js?cacheKey=gantry-1788679051:46
[  476382ms] [INFO] Sep-06 11:14:13.572 [API-Q] (TNWA8QCGZ) noversion-1788682453.572 Flannel channels/membership called with reason: flannel-call:channels/membership @ https://a.slack-edge.com/bv1-13-br/gantry-v2-shared.cdda0aad0eba53be.min.js?cacheKey=gantry-1788679051:46
[  476382ms] [INFO] Sep-06 11:14:13.572 [API-Q] (TNWA8QCGZ) noversion-1788682453.572 Flannel channels/membership is ENQUEUED @ https://a.slack-edge.com/bv1-13-br/gantry-v2-shared.cdda0aad0eba53be.min.js?cacheKey=gantry-1788679051:46
[  476382ms] [INFO] Sep-06 11:14:13.573 [API-Q] (TNWA8QCGZ) noversion-1788682453.572 Flannel channels/membership is ACTIVE @ https://a.slack-edge.com/bv1-13-br/gantry-v2-shared.cdda0aad0eba53be.min.js?cacheKey=gantry-1788679051:46
[  476394ms] [INFO] Sep-06 11:14:13.585 [API-Q] (TNWA8QCGZ) noversion-1788682453.291 Flannel channels/membership is RESOLVED @ https://a.slack-edge.com/bv1-13-br/gantry-v2-shared.cdda0aad0eba53be.min.js?cacheKey=gantry-1788679051:46
[  476431ms] [INFO] Sep-06 11:14:13.622 [API-Q] (TNWA8QCGZ) 32962251-1788682453.366 files.channelSettingsAllowDownloads is RESOLVED @ https://a.slack-edge.com/bv1-13-br/gantry-v2-shared.cdda0aad0eba53be.min.js?cacheKey=gantry-1788679051:46
[  476446ms] [INFO] Sep-06 11:14:13.636 [API-Q] (TNWA8QCGZ) noversion-1788682453.572 Flannel channels/membership is RESOLVED @ https://a.slack-edge.com/bv1-13-br/gantry-v2-shared.cdda0aad0eba53be.min.js?cacheKey=gantry-1788679051:46
[  476471ms] [INFO] Sep-06 11:14:13.662 [API-Q] (TNWA8QCGZ) 32962251-1788682453.448 dnd.teamInfo is RESOLVED @ https://a.slack-edge.com/bv1-13-br/gantry-v2-shared.cdda0aad0eba53be.min.js?cacheKey=gantry-1788679051:46
[  476471ms] [INFO] Sep-06 11:14:13.662 [DND] (TNWA8QCGZ) Fetched DND info for the following members: U05GP9LUNHE,U0BUY4LKP4Y,U0BU8CU8D61,U05KH2U4GER @ https://a.slack-edge.com/bv1-13-br/gantry-v2-shared.cdda0aad0eba53be.min.js?cacheKey=gantry-1788679051:46
[  476472ms] [INFO] Sep-06 11:14:13.663 [DND_V2] (TNWA8QCGZ) Will check for changes in DND status again in 5 minutes @ https://a.slack-edge.com/bv1-13-br/gantry-v2-shared.cdda0aad0eba53be.min.js?cacheKey=gantry-1788679051:46
[  476520ms] [INFO] Sep-06 11:14:13.710 [CHECK-UNREADS] (TNWA8QCGZ) Checking unreads after unread line became visible @ https://a.slack-edge.com/bv1-13-br/gantry-v2-shared.cdda0aad0eba53be.min.js?cacheKey=gantry-1788679051:46
[  476520ms] [INFO] Sep-06 11:14:13.711 [CHECK-UNREADS] (TNWA8QCGZ) Not marking C046BRWDV2R because last_read >= latest && channel is read @ https://a.slack-edge.com/bv1-13-br/gantry-v2-shared.cdda0aad0eba53be.min.js?cacheKey=gantry-1788679051:46
[  479908ms] [INFO] Sep-06 11:14:17.099 [NAVIGATE-IN-MAIN-WIND] Starting a new navigation event {id: C052K5QFBNW, viewType: Channel, viewParams: undefined, options: Object} @ https://a.slack-edge.com/bv1-13-br/gantry-v2-shared.cdda0aad0eba53be.min.js?cacheKey=gantry-1788679051:46
[  479909ms] [INFO] Sep-06 11:14:17.099 [APPLY-DETAIL-VIEW] ViewSet with detail view applied {viewSet: Object} @ https://a.slack-edge.com/bv1-13-br/gantry-v2-shared.cdda0aad0eba53be.min.js?cacheKey=gantry-1788679051:46
[  479909ms] [INFO] Sep-06 11:14:17.099 [NAVIGATE-IN-MAIN-WIND] Applying changes to the primary container {viewSet: Object, nextTab: home} @ https://a.slack-edge.com/bv1-13-br/gantry-v2-shared.cdda0aad0eba53be.min.js?cacheKey=gantry-1788679051:46
[  479909ms] [INFO] Sep-06 11:14:17.100 [NAVIGATION-MIDDLEWARE] Starting a new navigation middleware execution {context: navigation, nextViewSet: Object, nextSplitView: undefined, middlewareCount: 26, nextTab: home} @ https://a.slack-edge.com/bv1-13-br/gantry-v2-shared.cdda0aad0eba53be.min.js?cacheKey=gantry-1788679051:46
[  479909ms] [INFO] Sep-06 11:14:17.100 [NAVIGATION-MIDDLEWARE] Async action execution is complete for a view {nextView: Object, results: Array(26), shouldTerminateNavigation: false, executionTime: 0.19999999925494194, nextTab: home} @ https://a.slack-edge.com/bv1-13-br/gantry-v2-shared.cdda0aad0eba53be.min.js?cacheKey=gantry-1788679051:46
[  479909ms] [INFO] Sep-06 11:14:17.100 [NAVIGATION-MIDDLEWARE] Finish middleware execution for sidebar container {maybeTransformedViewSet: Object, maybeTransformedSplitView: undefined, terminateNavigation: false, isViewTransformed: false, iterationCount: 0} @ https://a.slack-edge.com/bv1-13-br/gantry-v2-shared.cdda0aad0eba53be.min.js?cacheKey=gantry-1788679051:46
[  479910ms] [INFO] Sep-06 11:14:17.100 [NAVIGATION-MIDDLEWARE] Async action execution is complete for a view {nextView: Object, results: Array(26), shouldTerminateNavigation: false, executionTime: 0.10000000149011612, nextTab: home} @ https://a.slack-edge.com/bv1-13-br/gantry-v2-shared.cdda0aad0eba53be.min.js?cacheKey=gantry-1788679051:46
[  479910ms] [INFO] Sep-06 11:14:17.100 [APPLY-DETAIL-VIEW] ViewSet with detail view applied {viewSet: Object} @ https://a.slack-edge.com/bv1-13-br/gantry-v2-shared.cdda0aad0eba53be.min.js?cacheKey=gantry-1788679051:46
[  479910ms] [INFO] Sep-06 11:14:17.100 [NAVIGATION-MIDDLEWARE] View has been transformed {container: primary, initialView: Object, transformedView: Object, iterationCount: 0} @ https://a.slack-edge.com/bv1-13-br/gantry-v2-shared.cdda0aad0eba53be.min.js?cacheKey=gantry-1788679051:46
[  479910ms] [INFO] Sep-06 11:14:17.100 [NAVIGATION-MIDDLEWARE] Skipping middleware execution for sidebar container as we have cached value {initialView: Object, iterationCount: 1} @ https://a.slack-edge.com/bv1-13-br/gantry-v2-shared.cdda0aad0eba53be.min.js?cacheKey=gantry-1788679051:46
[  479910ms] [INFO] Sep-06 11:14:17.100 [NAVIGATION-MIDDLEWARE] Async action execution is complete for a view {nextView: Object, results: Array(26), shouldTerminateNavigation: false, executionTime: 0, nextTab: home} @ https://a.slack-edge.com/bv1-13-br/gantry-v2-shared.cdda0aad0eba53be.min.js?cacheKey=gantry-1788679051:46
[  479910ms] [INFO] Sep-06 11:14:17.100 [NAVIGATION-MIDDLEWARE] Finish middleware execution for primary container {maybeTransformedViewSet: Object, maybeTransformedSplitView: undefined, terminateNavigation: false, isViewTransformed: false, iterationCount: 1} @ https://a.slack-edge.com/bv1-13-br/gantry-v2-shared.cdda0aad0eba53be.min.js?cacheKey=gantry-1788679051:46
[  479910ms] [INFO] Sep-06 11:14:17.100 [NAVIGATION-MIDDLEWARE] Finish middleware execution for primary container {maybeTransformedViewSet: Object, maybeTransformedSplitView: undefined, terminateNavigation: false, isViewTransformed: true, iterationCount: 0} @ https://a.slack-edge.com/bv1-13-br/gantry-v2-shared.cdda0aad0eba53be.min.js?cacheKey=gantry-1788679051:46
[  479910ms] [INFO] Sep-06 11:14:17.100 [NAVIGATION-MIDDLEWARE] Navigation middleware execution is complete {maybeUpdatedViewSet: Object, maybeUpdatedSplitView: undefined, terminateNavigation: false, executionTime: 0.6999999992549419, nextTab: home} @ https://a.slack-edge.com/bv1-13-br/gantry-v2-shared.cdda0aad0eba53be.min.js?cacheKey=gantry-1788679051:46
[  479910ms] [INFO] Sep-06 11:14:17.100 [NAVIGATE-IN-MAIN-WIND] Built view set after middleware {viewSet: Object, splitView: undefined, nextTab: home} @ https://a.slack-edge.com/bv1-13-br/gantry-v2-shared.cdda0aad0eba53be.min.js?cacheKey=gantry-1788679051:46
[  479911ms] [INFO] Sep-06 11:14:17.101 [NAVIGATE-LISTENERS] (TNWA8QCGZ) Starting navigation listeners for triggerType NAVIGATION @ https://a.slack-edge.com/bv1-13-br/gantry-v2-shared.cdda0aad0eba53be.min.js?cacheKey=gantry-1788679051:46
[  479912ms] [INFO] Sep-06 11:14:17.103 [NAVIGATE-LISTENERS] (TNWA8QCGZ) Navigation listeners complete without errors @ https://a.slack-edge.com/bv1-13-br/gantry-v2-shared.cdda0aad0eba53be.min.js?cacheKey=gantry-1788679051:46
[  479912ms] [INFO] Sep-06 11:14:17.103 [NAVIGATE-IN-MAIN-WIND]  Navigation thunk execution complete {id: C052K5QFBNW, viewType: Channel, viewParams: undefined, options: Object} @ https://a.slack-edge.com/bv1-13-br/gantry-v2-shared.cdda0aad0eba53be.min.js?cacheKey=gantry-1788679051:46
[  479928ms] [INFO] Sep-06 11:14:17.118 [MESSAGE-LIST] (TNWA8QCGZ) getScrollmark reason:channel_change channelId:C046BRWDV2R at end @ https://a.slack-edge.com/bv1-13-br/gantry-v2-shared.cdda0aad0eba53be.min.js?cacheKey=gantry-1788679051:46
[  479929ms] [INFO] Sep-06 11:14:17.119 [MESSAGE-LIST] (TNWA8QCGZ) Switching channels: C052K5QFBNW timestamps: 0 @ https://a.slack-edge.com/bv1-13-br/gantry-v2-shared.cdda0aad0eba53be.min.js?cacheKey=gantry-1788679051:46
[  479929ms] [INFO] Sep-06 11:14:17.119 [MESSAGE-LIST] (TNWA8QCGZ) requestAround channelId: C052K5QFBNW isLoading: false timestamps: 0 reachedStart: false reachedEnd: false @ https://a.slack-edge.com/bv1-13-br/gantry-v2-shared.cdda0aad0eba53be.min.js?cacheKey=gantry-1788679051:46
[  479929ms] [INFO] Sep-06 11:14:17.119 [HISTORY-FETCH] (TNWA8QCGZ) Fetching history for message pane: C052K5QFBNW oldest: null latest: null @ https://a.slack-edge.com/bv1-13-br/gantry-v2-shared.cdda0aad0eba53be.min.js?cacheKey=gantry-1788679051:46
[  479929ms] [INFO] Sep-06 11:14:17.120 [API-Q] (TNWA8QCGZ) 32962251-1788682457.120 conversations.history called with reason: message-pane/requestHistory @ https://a.slack-edge.com/bv1-13-br/gantry-v2-shared.cdda0aad0eba53be.min.js?cacheKey=gantry-1788679051:46
[  479929ms] [INFO] Sep-06 11:14:17.120 [API-Q] (TNWA8QCGZ) 32962251-1788682457.120 conversations.history is ENQUEUED @ https://a.slack-edge.com/bv1-13-br/gantry-v2-shared.cdda0aad0eba53be.min.js?cacheKey=gantry-1788679051:46
[  479960ms] [INFO] Sep-06 11:14:17.150 [MESSAGE-LIST] (TNWA8QCGZ) requestAround channelId: C052K5QFBNW isLoading: false timestamps: 0 reachedStart: false reachedEnd: false @ https://a.slack-edge.com/bv1-13-br/gantry-v2-shared.cdda0aad0eba53be.min.js?cacheKey=gantry-1788679051:46
[  479960ms] [INFO] Sep-06 11:14:17.151 [MESSAGE-LIST] (TNWA8QCGZ) requestAround channelId: C052K5QFBNW isLoading: false timestamps: 0 reachedStart: false reachedEnd: false @ https://a.slack-edge.com/bv1-13-br/gantry-v2-shared.cdda0aad0eba53be.min.js?cacheKey=gantry-1788679051:46
[  479965ms] [INFO] Sep-06 11:14:17.155 [API-Q] (TNWA8QCGZ) 32962251-1788682457.155 megaphone.notifications.list called with reason: load-megaphone-notification-data @ https://a.slack-edge.com/bv1-13-br/gantry-v2-shared.cdda0aad0eba53be.min.js?cacheKey=gantry-1788679051:46
[  479965ms] [INFO] Sep-06 11:14:17.156 [API-Q] (TNWA8QCGZ) 32962251-1788682457.155 megaphone.notifications.list is ENQUEUED @ https://a.slack-edge.com/bv1-13-br/gantry-v2-shared.cdda0aad0eba53be.min.js?cacheKey=gantry-1788679051:46
[  479968ms] [INFO] Sep-06 11:14:17.158 [API-Q] (TNWA8QCGZ) noversion-1788682457.158 Flannel users/list called with reason: flannel-call:users/list @ https://a.slack-edge.com/bv1-13-br/gantry-v2-shared.cdda0aad0eba53be.min.js?cacheKey=gantry-1788679051:46
[  479968ms] [INFO] Sep-06 11:14:17.159 [API-Q] (TNWA8QCGZ) noversion-1788682457.158 Flannel users/list is ENQUEUED @ https://a.slack-edge.com/bv1-13-br/gantry-v2-shared.cdda0aad0eba53be.min.js?cacheKey=gantry-1788679051:46
[  479968ms] [INFO] Sep-06 11:14:17.159 [API-Q] (TNWA8QCGZ) noversion-1788682457.159 Flannel permissions/info called with reason: flannel-call:permissions/info @ https://a.slack-edge.com/bv1-13-br/gantry-v2-shared.cdda0aad0eba53be.min.js?cacheKey=gantry-1788679051:46
[  479968ms] [INFO] Sep-06 11:14:17.159 [API-Q] (TNWA8QCGZ) noversion-1788682457.159 Flannel permissions/info is ENQUEUED @ https://a.slack-edge.com/bv1-13-br/gantry-v2-shared.cdda0aad0eba53be.min.js?cacheKey=gantry-1788679051:46
[  479968ms] [INFO] Sep-06 11:14:17.159 [API-Q] (TNWA8QCGZ) 32962251-1788682457.120 conversations.history is ACTIVE @ https://a.slack-edge.com/bv1-13-br/gantry-v2-shared.cdda0aad0eba53be.min.js?cacheKey=gantry-1788679051:46
[  479969ms] [INFO] Sep-06 11:14:17.159 [API-Q] (TNWA8QCGZ) 32962251-1788682457.155 megaphone.notifications.list is ACTIVE @ https://a.slack-edge.com/bv1-13-br/gantry-v2-shared.cdda0aad0eba53be.min.js?cacheKey=gantry-1788679051:46
[  479969ms] [INFO] Sep-06 11:14:17.159 [API-Q] (TNWA8QCGZ) noversion-1788682457.158 Flannel users/list is ACTIVE @ https://a.slack-edge.com/bv1-13-br/gantry-v2-shared.cdda0aad0eba53be.min.js?cacheKey=gantry-1788679051:46
[  479969ms] [INFO] Sep-06 11:14:17.159 [API-Q] (TNWA8QCGZ) noversion-1788682457.159 Flannel permissions/info is ACTIVE @ https://a.slack-edge.com/bv1-13-br/gantry-v2-shared.cdda0aad0eba53be.min.js?cacheKey=gantry-1788679051:46
[  479979ms] [INFO] Sep-06 11:14:17.169 [API-Q] (TNWA8QCGZ) 32962251-1788682457.169 conversations.listPrefs called with reason: client_redux_store @ https://a.slack-edge.com/bv1-13-br/gantry-v2-shared.cdda0aad0eba53be.min.js?cacheKey=gantry-1788679051:46
[  479979ms] [INFO] Sep-06 11:14:17.169 [API-Q] (TNWA8QCGZ) 32962251-1788682457.169 conversations.listPrefs is ENQUEUED @ https://a.slack-edge.com/bv1-13-br/gantry-v2-shared.cdda0aad0eba53be.min.js?cacheKey=gantry-1788679051:46
[  479979ms] [INFO] Sep-06 11:14:17.170 [API-Q] (TNWA8QCGZ) 32962251-1788682457.169 conversations.listPrefs is ACTIVE @ https://a.slack-edge.com/bv1-13-br/gantry-v2-shared.cdda0aad0eba53be.min.js?cacheKey=gantry-1788679051:46
[  479979ms] [INFO] Sep-06 11:14:17.170 [UFM-PERMISSIONS] (TNWA8QCGZ) requesting SET_CHANNEL_TOPIC,ASSIGN_CHANNEL_MANAGER,CAN_AT_CHANNEL,CAN_AT_EVERYONE,ARCHIVE_CHANNEL (1) @ https://a.slack-edge.com/bv1-13-br/gantry-v2-shared.cdda0aad0eba53be.min.js?cacheKey=gantry-1788679051:46
[  479979ms] [INFO] Sep-06 11:14:17.170 [API-Q] (TNWA8QCGZ) noversion-1788682457.170 Flannel permissions/info called with reason: flannel-call:permissions/info @ https://a.slack-edge.com/bv1-13-br/gantry-v2-shared.cdda0aad0eba53be.min.js?cacheKey=gantry-1788679051:46
[  479979ms] [INFO] Sep-06 11:14:17.170 [API-Q] (TNWA8QCGZ) noversion-1788682457.170 Flannel permissions/info is ENQUEUED @ https://a.slack-edge.com/bv1-13-br/gantry-v2-shared.cdda0aad0eba53be.min.js?cacheKey=gantry-1788679051:46
[  479980ms] [INFO] Sep-06 11:14:17.170 [API-Q] (TNWA8QCGZ) noversion-1788682457.170 Flannel permissions/info is ACTIVE @ https://a.slack-edge.com/bv1-13-br/gantry-v2-shared.cdda0aad0eba53be.min.js?cacheKey=gantry-1788679051:46
[  479980ms] [INFO] Sep-06 11:14:17.170 [UFM-FLANNELEMOJI] (TNWA8QCGZ) requesting 1 objects (1) @ https://a.slack-edge.com/bv1-13-br/gantry-v2-shared.cdda0aad0eba53be.min.js?cacheKey=gantry-1788679051:46
[  479980ms] [INFO] Sep-06 11:14:17.170 [API-Q] (TNWA8QCGZ) noversion-1788682457.170 Flannel emojis/info called with reason: flannel-call:emojis/info @ https://a.slack-edge.com/bv1-13-br/gantry-v2-shared.cdda0aad0eba53be.min.js?cacheKey=gantry-1788679051:46
[  479980ms] [INFO] Sep-06 11:14:17.170 [API-Q] (TNWA8QCGZ) noversion-1788682457.170 Flannel emojis/info is ENQUEUED @ https://a.slack-edge.com/bv1-13-br/gantry-v2-shared.cdda0aad0eba53be.min.js?cacheKey=gantry-1788679051:46
[  479980ms] [INFO] Sep-06 11:14:17.171 [API-Q] (TNWA8QCGZ) noversion-1788682457.170 Flannel emojis/info is ACTIVE @ https://a.slack-edge.com/bv1-13-br/gantry-v2-shared.cdda0aad0eba53be.min.js?cacheKey=gantry-1788679051:46
[  479980ms] [INFO] Sep-06 11:14:17.171 [UFM-CHANNELS] (TNWA8QCGZ) requesting C011JPYU3QT (1) @ https://a.slack-edge.com/bv1-13-br/gantry-v2-shared.cdda0aad0eba53be.min.js?cacheKey=gantry-1788679051:46
[  479980ms] [INFO] Sep-06 11:14:17.171 [API-Q] (TNWA8QCGZ) noversion-1788682457.171 Flannel channels/info called with reason: flannel-call:channels/info @ https://a.slack-edge.com/bv1-13-br/gantry-v2-shared.cdda0aad0eba53be.min.js?cacheKey=gantry-1788679051:46
[  479980ms] [INFO] Sep-06 11:14:17.171 [API-Q] (TNWA8QCGZ) noversion-1788682457.171 Flannel channels/info is ENQUEUED @ https://a.slack-edge.com/bv1-13-br/gantry-v2-shared.cdda0aad0eba53be.min.js?cacheKey=gantry-1788679051:46
[  479981ms] [INFO] Sep-06 11:14:17.171 [API-Q] (TNWA8QCGZ) noversion-1788682457.171 Flannel channels/info is ACTIVE @ https://a.slack-edge.com/bv1-13-br/gantry-v2-shared.cdda0aad0eba53be.min.js?cacheKey=gantry-1788679051:46
[  479981ms] [INFO] Sep-06 11:14:17.171 [API-Q] (TNWA8QCGZ) noversion-1788682457.171 Flannel users/counts called with reason: flannel-call:users/counts @ https://a.slack-edge.com/bv1-13-br/gantry-v2-shared.cdda0aad0eba53be.min.js?cacheKey=gantry-1788679051:46
[  479981ms] [INFO] Sep-06 11:14:17.171 [API-Q] (TNWA8QCGZ) noversion-1788682457.171 Flannel users/counts is ENQUEUED @ https://a.slack-edge.com/bv1-13-br/gantry-v2-shared.cdda0aad0eba53be.min.js?cacheKey=gantry-1788679051:46
[  479981ms] [INFO] Sep-06 11:14:17.171 [API-Q] (TNWA8QCGZ) noversion-1788682457.171 Flannel users/counts is ACTIVE @ https://a.slack-edge.com/bv1-13-br/gantry-v2-shared.cdda0aad0eba53be.min.js?cacheKey=gantry-1788679051:46
[  479981ms] [INFO] Sep-06 11:14:17.171 [UFM] (TNWA8QCGZ) requesting C052K5QFBNW (1) @ https://a.slack-edge.com/bv1-13-br/gantry-v2-shared.cdda0aad0eba53be.min.js?cacheKey=gantry-1788679051:46
[  479981ms] [INFO] Sep-06 11:14:17.172 [UFM] (TNWA8QCGZ) received C052K5QFBNW (1) @ https://a.slack-edge.com/bv1-13-br/gantry-v2-shared.cdda0aad0eba53be.min.js?cacheKey=gantry-1788679051:46
[  479984ms] [INFO] Sep-06 11:14:17.175 [API-Q] (TNWA8QCGZ) 32962251-1788682457.175 bookmarks.list called with reason: bookmarks-store/conditional-fetching @ https://a.slack-edge.com/bv1-13-br/gantry-v2-shared.cdda0aad0eba53be.min.js?cacheKey=gantry-1788679051:46
[  479985ms] [INFO] Sep-06 11:14:17.175 [API-Q] (TNWA8QCGZ) 32962251-1788682457.175 bookmarks.list is ENQUEUED @ https://a.slack-edge.com/bv1-13-br/gantry-v2-shared.cdda0aad0eba53be.min.js?cacheKey=gantry-1788679051:46
[  479985ms] [INFO] Sep-06 11:14:17.175 [API-Q] (TNWA8QCGZ) 32962251-1788682457.175 bookmarks.list is ACTIVE @ https://a.slack-edge.com/bv1-13-br/gantry-v2-shared.cdda0aad0eba53be.min.js?cacheKey=gantry-1788679051:46
[  479987ms] [INFO] Sep-06 11:14:17.178 [MESSAGE-LIST] (TNWA8QCGZ) componentWillReceiveProps isLoading: true isLoadingOlder: false timestamps: 0 @ https://a.slack-edge.com/bv1-13-br/gantry-v2-shared.cdda0aad0eba53be.min.js?cacheKey=gantry-1788679051:46
[  480033ms] [INFO] Sep-06 11:14:17.224 [API-Q] (TNWA8QCGZ) noversion-1788682457.158 Flannel users/list is RESOLVED @ https://a.slack-edge.com/bv1-13-br/gantry-v2-shared.cdda0aad0eba53be.min.js?cacheKey=gantry-1788679051:46
[  480037ms] [INFO] Sep-06 11:14:17.227 [API-Q] (TNWA8QCGZ) noversion-1788682457.227 Flannel users/info called with reason: flannel-call:users/info @ https://a.slack-edge.com/bv1-13-br/gantry-v2-shared.cdda0aad0eba53be.min.js?cacheKey=gantry-1788679051:46
[  480037ms] [INFO] Sep-06 11:14:17.227 [API-Q] (TNWA8QCGZ) noversion-1788682457.227 Flannel users/info is ENQUEUED @ https://a.slack-edge.com/bv1-13-br/gantry-v2-shared.cdda0aad0eba53be.min.js?cacheKey=gantry-1788679051:46
[  480037ms] [INFO] Sep-06 11:14:17.228 [API-Q] (TNWA8QCGZ) noversion-1788682457.227 Flannel users/info is ACTIVE @ https://a.slack-edge.com/bv1-13-br/gantry-v2-shared.cdda0aad0eba53be.min.js?cacheKey=gantry-1788679051:46
[  480043ms] [INFO] Sep-06 11:14:17.233 [API-Q] (TNWA8QCGZ) noversion-1788682457.170 Flannel emojis/info is RESOLVED @ https://a.slack-edge.com/bv1-13-br/gantry-v2-shared.cdda0aad0eba53be.min.js?cacheKey=gantry-1788679051:46
[  480043ms] [INFO] Sep-06 11:14:17.233 [UFM-FLANNELEMOJI] (TNWA8QCGZ) received 1 objects (1) @ https://a.slack-edge.com/bv1-13-br/gantry-v2-shared.cdda0aad0eba53be.min.js?cacheKey=gantry-1788679051:46
[  480048ms] [INFO] Sep-06 11:14:17.239 [API-Q] (TNWA8QCGZ) noversion-1788682457.171 Flannel users/counts is RESOLVED @ https://a.slack-edge.com/bv1-13-br/gantry-v2-shared.cdda0aad0eba53be.min.js?cacheKey=gantry-1788679051:46
[  480050ms] [INFO] Sep-06 11:14:17.241 [API-Q] (TNWA8QCGZ) noversion-1788682457.171 Flannel channels/info is RESOLVED @ https://a.slack-edge.com/bv1-13-br/gantry-v2-shared.cdda0aad0eba53be.min.js?cacheKey=gantry-1788679051:46
[  480051ms] [INFO] Sep-06 11:14:17.241 [UFM-CHANNELS] (TNWA8QCGZ) received C011JPYU3QT (1) @ https://a.slack-edge.com/bv1-13-br/gantry-v2-shared.cdda0aad0eba53be.min.js?cacheKey=gantry-1788679051:46
[  480098ms] [INFO] Sep-06 11:14:17.289 [API-Q] (TNWA8QCGZ) noversion-1788682457.227 Flannel users/info is RESOLVED @ https://a.slack-edge.com/bv1-13-br/gantry-v2-shared.cdda0aad0eba53be.min.js?cacheKey=gantry-1788679051:46
[  480160ms] [INFO] Sep-06 11:14:17.350 [API-Q] (TNWA8QCGZ) 32962251-1788682457.169 conversations.listPrefs is RESOLVED @ https://a.slack-edge.com/bv1-13-br/gantry-v2-shared.cdda0aad0eba53be.min.js?cacheKey=gantry-1788679051:46
[  480163ms] [INFO] Sep-06 11:14:17.353 [API-Q] (TNWA8QCGZ) 32962251-1788682457.155 megaphone.notifications.list is RESOLVED @ https://a.slack-edge.com/bv1-13-br/gantry-v2-shared.cdda0aad0eba53be.min.js?cacheKey=gantry-1788679051:46
[  480168ms] [INFO] Sep-06 11:14:17.359 [API-Q] (TNWA8QCGZ) 32962251-1788682457.175 bookmarks.list is RESOLVED @ https://a.slack-edge.com/bv1-13-br/gantry-v2-shared.cdda0aad0eba53be.min.js?cacheKey=gantry-1788679051:46
[  480204ms] [INFO] Sep-06 11:14:17.395 [API-Q] (TNWA8QCGZ) noversion-1788682457.159 Flannel permissions/info is RESOLVED @ https://a.slack-edge.com/bv1-13-br/gantry-v2-shared.cdda0aad0eba53be.min.js?cacheKey=gantry-1788679051:46
[  480205ms] [INFO] Sep-06 11:14:17.395 [API-Q] (TNWA8QCGZ) noversion-1788682457.170 Flannel permissions/info is RESOLVED @ https://a.slack-edge.com/bv1-13-br/gantry-v2-shared.cdda0aad0eba53be.min.js?cacheKey=gantry-1788679051:46
[  480205ms] [INFO] Sep-06 11:14:17.395 [UFM-PERMISSIONS] (TNWA8QCGZ) received SET_CHANNEL_TOPIC,ASSIGN_CHANNEL_MANAGER,CAN_AT_CHANNEL,CAN_AT_EVERYONE,ARCHIVE_CHANNEL (1) @ https://a.slack-edge.com/bv1-13-br/gantry-v2-shared.cdda0aad0eba53be.min.js?cacheKey=gantry-1788679051:46
[  480235ms] [INFO] Sep-06 11:14:17.426 [API-Q] (TNWA8QCGZ) noversion-1788682457.425 Flannel channels/membership called with reason: flannel-call:channels/membership @ https://a.slack-edge.com/bv1-13-br/gantry-v2-shared.cdda0aad0eba53be.min.js?cacheKey=gantry-1788679051:46
[  480235ms] [INFO] Sep-06 11:14:17.426 [API-Q] (TNWA8QCGZ) noversion-1788682457.425 Flannel channels/membership is ENQUEUED @ https://a.slack-edge.com/bv1-13-br/gantry-v2-shared.cdda0aad0eba53be.min.js?cacheKey=gantry-1788679051:46
[  480235ms] [INFO] Sep-06 11:14:17.426 [API-Q] (TNWA8QCGZ) noversion-1788682457.425 Flannel channels/membership is ACTIVE @ https://a.slack-edge.com/bv1-13-br/gantry-v2-shared.cdda0aad0eba53be.min.js?cacheKey=gantry-1788679051:46
[  480239ms] [INFO] Sep-06 11:14:17.429 [API-Q] (TNWA8QCGZ) 32962251-1788682457.120 conversations.history is RESOLVED @ https://a.slack-edge.com/bv1-13-br/gantry-v2-shared.cdda0aad0eba53be.min.js?cacheKey=gantry-1788679051:46
[  480240ms] [INFO] Sep-06 11:14:17.431 [PLATFORM-CHANNEL-ACTI] (TNWA8QCGZ) setting count for channel C052K5QFBNW to 0, and marking channel as stale. @ https://a.slack-edge.com/bv1-13-br/gantry-v2-shared.cdda0aad0eba53be.min.js?cacheKey=gantry-1788679051:46
[  480241ms] [INFO] Sep-06 11:14:17.432 [PINS] (TNWA8QCGZ) Pins count updated for channel C052K5QFBNW: 13 @ https://a.slack-edge.com/bv1-13-br/gantry-v2-shared.cdda0aad0eba53be.min.js?cacheKey=gantry-1788679051:46
[  480242ms] [INFO] Sep-06 11:14:17.432 [CHECK-UNREADS] (TNWA8QCGZ) Not marking C052K5QFBNW because last_read >= latest && channel is read @ https://a.slack-edge.com/bv1-13-br/gantry-v2-shared.cdda0aad0eba53be.min.js?cacheKey=gantry-1788679051:46
[  480248ms] [INFO] Sep-06 11:14:17.439 [MESSAGE-LIST] (TNWA8QCGZ) componentWillReceiveProps isLoading: false isLoadingOlder: false timestamps: 25 @ https://a.slack-edge.com/bv1-13-br/gantry-v2-shared.cdda0aad0eba53be.min.js?cacheKey=gantry-1788679051:46
[  480268ms] [INFO] Sep-06 11:14:17.458 [CHECK-UNREADS] (TNWA8QCGZ) unreadLineVisible updated in main window container primary: false -> true @ https://a.slack-edge.com/bv1-13-br/gantry-v2-shared.cdda0aad0eba53be.min.js?cacheKey=gantry-1788679051:46
[  480291ms] [INFO] Sep-06 11:14:17.482 [UFM-MEMBERS] (TNWA8QCGZ) requesting U09GNQX66AG,U053MJWDAKH,U07MF726R6J,U0829L43XFU,U0AL2BR7J65,U09Q9HD9ZD1,U05LHDT4TSM,U0ABQPXLLLV,U0431CR30P4,U06F60TTNS2,U08AGPN9SQ0,U07JDMVP78U,U05QVCKJ26L,U09E7JM1L49,U05Q69BHL8N (1) @ https://a.slack-edge.com/bv1-13-br/gantry-v2-shared.cdda0aad0eba53be.min.js?cacheKey=gantry-1788679051:46
[  480292ms] [INFO] Sep-06 11:14:17.482 [API-Q] (TNWA8QCGZ) noversion-1788682457.482 Flannel users/info called with reason: flannel-call:users/info @ https://a.slack-edge.com/bv1-13-br/gantry-v2-shared.cdda0aad0eba53be.min.js?cacheKey=gantry-1788679051:46
[  480296ms] [INFO] Sep-06 11:14:17.482 [API-Q] (TNWA8QCGZ) noversion-1788682457.482 Flannel users/info is ENQUEUED @ https://a.slack-edge.com/bv1-13-br/gantry-v2-shared.cdda0aad0eba53be.min.js?cacheKey=gantry-1788679051:46
[  480296ms] [INFO] Sep-06 11:14:17.487 [API-Q] (TNWA8QCGZ) noversion-1788682457.482 Flannel users/info is ACTIVE @ https://a.slack-edge.com/bv1-13-br/gantry-v2-shared.cdda0aad0eba53be.min.js?cacheKey=gantry-1788679051:46
[  480296ms] [INFO] Sep-06 11:14:17.487 [DND_V2] (TNWA8QCGZ) fetchAndUpsertDndForUsers - Preparing to fetch DND times for the following members: U0BH9PC04BZ @ https://a.slack-edge.com/bv1-13-br/gantry-v2-shared.cdda0aad0eba53be.min.js?cacheKey=gantry-1788679051:46
[  480297ms] [INFO] Sep-06 11:14:17.487 [API-Q] (TNWA8QCGZ) 32962251-1788682457.487 dnd.teamInfo called with reason: fetchAndUpsertDndForUsers-getDndTimesFor:others @ https://a.slack-edge.com/bv1-13-br/gantry-v2-shared.cdda0aad0eba53be.min.js?cacheKey=gantry-1788679051:46
[  480297ms] [INFO] Sep-06 11:14:17.487 [API-Q] (TNWA8QCGZ) 32962251-1788682457.487 dnd.teamInfo is ENQUEUED @ https://a.slack-edge.com/bv1-13-br/gantry-v2-shared.cdda0aad0eba53be.min.js?cacheKey=gantry-1788679051:46
[  480297ms] [INFO] Sep-06 11:14:17.488 [API-Q] (TNWA8QCGZ) 32962251-1788682457.487 dnd.teamInfo is ACTIVE @ https://a.slack-edge.com/bv1-13-br/gantry-v2-shared.cdda0aad0eba53be.min.js?cacheKey=gantry-1788679051:46
[  480297ms] [INFO] Sep-06 11:14:17.488 [UFM-REACJITRIGGERS] (TNWA8QCGZ) requesting C052K5QFBNW (1) @ https://a.slack-edge.com/bv1-13-br/gantry-v2-shared.cdda0aad0eba53be.min.js?cacheKey=gantry-1788679051:46
[  480297ms] [INFO] Sep-06 11:14:17.488 [API-Q] (TNWA8QCGZ) 32962251-1788682457.488 conversations.bulkReacjiTriggers called with reason: reacji_triggers_ufm @ https://a.slack-edge.com/bv1-13-br/gantry-v2-shared.cdda0aad0eba53be.min.js?cacheKey=gantry-1788679051:46
[  480297ms] [INFO] Sep-06 11:14:17.488 [API-Q] (TNWA8QCGZ) 32962251-1788682457.488 conversations.bulkReacjiTriggers is ENQUEUED @ https://a.slack-edge.com/bv1-13-br/gantry-v2-shared.cdda0aad0eba53be.min.js?cacheKey=gantry-1788679051:46
[  480298ms] [INFO] Sep-06 11:14:17.488 [API-Q] (TNWA8QCGZ) 32962251-1788682457.488 conversations.bulkReacjiTriggers is ACTIVE @ https://a.slack-edge.com/bv1-13-br/gantry-v2-shared.cdda0aad0eba53be.min.js?cacheKey=gantry-1788679051:46
[  480298ms] [INFO] Sep-06 11:14:17.489 [UFM-FLANNELEMOJI] (TNWA8QCGZ) requesting 2 objects (1) @ https://a.slack-edge.com/bv1-13-br/gantry-v2-shared.cdda0aad0eba53be.min.js?cacheKey=gantry-1788679051:46
[  480298ms] [INFO] Sep-06 11:14:17.489 [API-Q] (TNWA8QCGZ) noversion-1788682457.489 Flannel emojis/info called with reason: flannel-call:emojis/info @ https://a.slack-edge.com/bv1-13-br/gantry-v2-shared.cdda0aad0eba53be.min.js?cacheKey=gantry-1788679051:46
[  480298ms] [INFO] Sep-06 11:14:17.489 [API-Q] (TNWA8QCGZ) noversion-1788682457.489 Flannel emojis/info is ENQUEUED @ https://a.slack-edge.com/bv1-13-br/gantry-v2-shared.cdda0aad0eba53be.min.js?cacheKey=gantry-1788679051:46
[  480299ms] [INFO] Sep-06 11:14:17.489 [API-Q] (TNWA8QCGZ) noversion-1788682457.489 Flannel emojis/info is ACTIVE @ https://a.slack-edge.com/bv1-13-br/gantry-v2-shared.cdda0aad0eba53be.min.js?cacheKey=gantry-1788679051:46
[  480358ms] [INFO] Sep-06 11:14:17.549 [API-Q] (TNWA8QCGZ) noversion-1788682457.482 Flannel users/info is RESOLVED @ https://a.slack-edge.com/bv1-13-br/gantry-v2-shared.cdda0aad0eba53be.min.js?cacheKey=gantry-1788679051:46
[  480359ms] [INFO] Sep-06 11:14:17.549 [UFM-MEMBERS] (TNWA8QCGZ) received U09GNQX66AG,U053MJWDAKH,U07MF726R6J,U0829L43XFU,U0AL2BR7J65,U09Q9HD9ZD1,U05LHDT4TSM,U0ABQPXLLLV,U0431CR30P4,U06F60TTNS2,U08AGPN9SQ0,U07JDMVP78U,U05QVCKJ26L,U09E7JM1L49,U05Q69BHL8N (1) @ https://a.slack-edge.com/bv1-13-br/gantry-v2-shared.cdda0aad0eba53be.min.js?cacheKey=gantry-1788679051:46
[  480376ms] [INFO] Sep-06 11:14:17.566 [API-Q] (TNWA8QCGZ) noversion-1788682457.489 Flannel emojis/info is RESOLVED @ https://a.slack-edge.com/bv1-13-br/gantry-v2-shared.cdda0aad0eba53be.min.js?cacheKey=gantry-1788679051:46
[  480376ms] [INFO] Sep-06 11:14:17.567 [UFM-FLANNELEMOJI] (TNWA8QCGZ) received 2 objects (1) @ https://a.slack-edge.com/bv1-13-br/gantry-v2-shared.cdda0aad0eba53be.min.js?cacheKey=gantry-1788679051:46
[  480474ms] [INFO] Sep-06 11:14:17.664 [API-Q] (TNWA8QCGZ) noversion-1788682457.425 Flannel channels/membership is RESOLVED @ https://a.slack-edge.com/bv1-13-br/gantry-v2-shared.cdda0aad0eba53be.min.js?cacheKey=gantry-1788679051:46
[  480484ms] [INFO] Sep-06 11:14:17.675 [API-Q] (TNWA8QCGZ) 32962251-1788682457.488 conversations.bulkReacjiTriggers is RESOLVED @ https://a.slack-edge.com/bv1-13-br/gantry-v2-shared.cdda0aad0eba53be.min.js?cacheKey=gantry-1788679051:46
[  480484ms] [INFO] Sep-06 11:14:17.675 [UFM-REACJITRIGGERS] (TNWA8QCGZ) received C052K5QFBNW (1) @ https://a.slack-edge.com/bv1-13-br/gantry-v2-shared.cdda0aad0eba53be.min.js?cacheKey=gantry-1788679051:46
[  480491ms] [INFO] Sep-06 11:14:17.681 [API-Q] (TNWA8QCGZ) 32962251-1788682457.487 dnd.teamInfo is RESOLVED @ https://a.slack-edge.com/bv1-13-br/gantry-v2-shared.cdda0aad0eba53be.min.js?cacheKey=gantry-1788679051:46
[  480491ms] [INFO] Sep-06 11:14:17.681 [DND] (TNWA8QCGZ) Fetched DND info for the following members: U0BH9PC04BZ @ https://a.slack-edge.com/bv1-13-br/gantry-v2-shared.cdda0aad0eba53be.min.js?cacheKey=gantry-1788679051:46
[  480491ms] [INFO] Sep-06 11:14:17.682 [DND_V2] (TNWA8QCGZ) Will check for changes in DND status again in 5 minutes @ https://a.slack-edge.com/bv1-13-br/gantry-v2-shared.cdda0aad0eba53be.min.js?cacheKey=gantry-1788679051:46
[  480492ms] [INFO] Sep-06 11:14:17.682 [DND_V2] (TNWA8QCGZ) fetchAndUpsertDndForUsers - Preparing to fetch DND times for the following members: U0829L43XFU,U09GNQX66AG,U07MF726R6J,U053MJWDAKH @ https://a.slack-edge.com/bv1-13-br/gantry-v2-shared.cdda0aad0eba53be.min.js?cacheKey=gantry-1788679051:46
[  480492ms] [INFO] Sep-06 11:14:17.682 [API-Q] (TNWA8QCGZ) 32962251-1788682457.682 dnd.teamInfo called with reason: fetchAndUpsertDndForUsers-getDndTimesFor:others @ https://a.slack-edge.com/bv1-13-br/gantry-v2-shared.cdda0aad0eba53be.min.js?cacheKey=gantry-1788679051:46
[  480492ms] [INFO] Sep-06 11:14:17.683 [API-Q] (TNWA8QCGZ) 32962251-1788682457.682 dnd.teamInfo is ENQUEUED @ https://a.slack-edge.com/bv1-13-br/gantry-v2-shared.cdda0aad0eba53be.min.js?cacheKey=gantry-1788679051:46
[  480492ms] [INFO] Sep-06 11:14:17.683 [API-Q] (TNWA8QCGZ) 32962251-1788682457.682 dnd.teamInfo is ACTIVE @ https://a.slack-edge.com/bv1-13-br/gantry-v2-shared.cdda0aad0eba53be.min.js?cacheKey=gantry-1788679051:46
[  480503ms] [INFO] Sep-06 11:14:17.694 [API-Q] (TNWA8QCGZ) noversion-1788682457.693 Flannel channels/membership called with reason: flannel-call:channels/membership @ https://a.slack-edge.com/bv1-13-br/gantry-v2-shared.cdda0aad0eba53be.min.js?cacheKey=gantry-1788679051:46
[  480503ms] [INFO] Sep-06 11:14:17.694 [API-Q] (TNWA8QCGZ) noversion-1788682457.693 Flannel channels/membership is ENQUEUED @ https://a.slack-edge.com/bv1-13-br/gantry-v2-shared.cdda0aad0eba53be.min.js?cacheKey=gantry-1788679051:46
[  480503ms] [INFO] Sep-06 11:14:17.694 [API-Q] (TNWA8QCGZ) noversion-1788682457.693 Flannel channels/membership is ACTIVE @ https://a.slack-edge.com/bv1-13-br/gantry-v2-shared.cdda0aad0eba53be.min.js?cacheKey=gantry-1788679051:46
[  480567ms] [INFO] Sep-06 11:14:17.758 [API-Q] (TNWA8QCGZ) noversion-1788682457.693 Flannel channels/membership is RESOLVED @ https://a.slack-edge.com/bv1-13-br/gantry-v2-shared.cdda0aad0eba53be.min.js?cacheKey=gantry-1788679051:46
[  480632ms] [INFO] Sep-06 11:14:17.823 [CHECK-UNREADS] (TNWA8QCGZ) Checking unreads after unread line became visible @ https://a.slack-edge.com/bv1-13-br/gantry-v2-shared.cdda0aad0eba53be.min.js?cacheKey=gantry-1788679051:46
[  480633ms] [INFO] Sep-06 11:14:17.823 [CHECK-UNREADS] (TNWA8QCGZ) Not marking C052K5QFBNW because last_read >= latest && channel is read @ https://a.slack-edge.com/bv1-13-br/gantry-v2-shared.cdda0aad0eba53be.min.js?cacheKey=gantry-1788679051:46
[  480704ms] [INFO] Sep-06 11:14:17.894 [API-Q] (TNWA8QCGZ) 32962251-1788682457.682 dnd.teamInfo is RESOLVED @ https://a.slack-edge.com/bv1-13-br/gantry-v2-shared.cdda0aad0eba53be.min.js?cacheKey=gantry-1788679051:46
[  480704ms] [INFO] Sep-06 11:14:17.895 [DND] (TNWA8QCGZ) Fetched DND info for the following members: U0829L43XFU,U09GNQX66AG,U07MF726R6J,U053MJWDAKH @ https://a.slack-edge.com/bv1-13-br/gantry-v2-shared.cdda0aad0eba53be.min.js?cacheKey=gantry-1788679051:46
[  480705ms] [INFO] Sep-06 11:14:17.895 [DND_V2] (TNWA8QCGZ) Will check for changes in DND status again in 5 minutes @ https://a.slack-edge.com/bv1-13-br/gantry-v2-shared.cdda0aad0eba53be.min.js?cacheKey=gantry-1788679051:46
[  481080ms] [INFO] Sep-06 11:14:18.270 [API-Q] (TNWA8QCGZ) noversion-1788682458.270 Flannel users/info called with reason: flannel-call:users/info @ https://a.slack-edge.com/bv1-13-br/gantry-v2-shared.cdda0aad0eba53be.min.js?cacheKey=gantry-1788679051:46
[  481080ms] [INFO] Sep-06 11:14:18.271 [API-Q] (TNWA8QCGZ) noversion-1788682458.270 Flannel users/info is ENQUEUED @ https://a.slack-edge.com/bv1-13-br/gantry-v2-shared.cdda0aad0eba53be.min.js?cacheKey=gantry-1788679051:46
[  481080ms] [INFO] Sep-06 11:14:18.271 [API-Q] (TNWA8QCGZ) noversion-1788682458.270 Flannel users/info is ACTIVE @ https://a.slack-edge.com/bv1-13-br/gantry-v2-shared.cdda0aad0eba53be.min.js?cacheKey=gantry-1788679051:46
[  481142ms] [INFO] Sep-06 11:14:18.333 [API-Q] (TNWA8QCGZ) noversion-1788682458.270 Flannel users/info is RESOLVED @ https://a.slack-edge.com/bv1-13-br/gantry-v2-shared.cdda0aad0eba53be.min.js?cacheKey=gantry-1788679051:46
[  484560ms] [INFO] Sep-06 11:14:21.750 [NAVIGATE-IN-MAIN-WIND] Starting a new navigation event {id: CTT84RS0P, viewType: Channel, viewParams: undefined, options: Object} @ https://a.slack-edge.com/bv1-13-br/gantry-v2-shared.cdda0aad0eba53be.min.js?cacheKey=gantry-1788679051:46
[  484561ms] [INFO] Sep-06 11:14:21.751 [APPLY-DETAIL-VIEW] ViewSet with detail view applied {viewSet: Object} @ https://a.slack-edge.com/bv1-13-br/gantry-v2-shared.cdda0aad0eba53be.min.js?cacheKey=gantry-1788679051:46
[  484561ms] [INFO] Sep-06 11:14:21.751 [NAVIGATE-IN-MAIN-WIND] Applying changes to the primary container {viewSet: Object, nextTab: home} @ https://a.slack-edge.com/bv1-13-br/gantry-v2-shared.cdda0aad0eba53be.min.js?cacheKey=gantry-1788679051:46
[  484561ms] [INFO] Sep-06 11:14:21.752 [NAVIGATION-MIDDLEWARE] Starting a new navigation middleware execution {context: navigation, nextViewSet: Object, nextSplitView: undefined, middlewareCount: 26, nextTab: home} @ https://a.slack-edge.com/bv1-13-br/gantry-v2-shared.cdda0aad0eba53be.min.js?cacheKey=gantry-1788679051:46
[  484562ms] [INFO] Sep-06 11:14:21.752 [NAVIGATION-MIDDLEWARE] Async action execution is complete for a view {nextView: Object, results: Array(26), shouldTerminateNavigation: false, executionTime: 0.2999999988824129, nextTab: home} @ https://a.slack-edge.com/bv1-13-br/gantry-v2-shared.cdda0aad0eba53be.min.js?cacheKey=gantry-1788679051:46
[  484562ms] [INFO] Sep-06 11:14:21.752 [NAVIGATION-MIDDLEWARE] Finish middleware execution for sidebar container {maybeTransformedViewSet: Object, maybeTransformedSplitView: undefined, terminateNavigation: false, isViewTransformed: false, iterationCount: 0} @ https://a.slack-edge.com/bv1-13-br/gantry-v2-shared.cdda0aad0eba53be.min.js?cacheKey=gantry-1788679051:46
[  484562ms] [INFO] Sep-06 11:14:21.752 [NAVIGATION-MIDDLEWARE] Async action execution is complete for a view {nextView: Object, results: Array(26), shouldTerminateNavigation: false, executionTime: 0, nextTab: home} @ https://a.slack-edge.com/bv1-13-br/gantry-v2-shared.cdda0aad0eba53be.min.js?cacheKey=gantry-1788679051:46
[  484562ms] [INFO] Sep-06 11:14:21.752 [APPLY-DETAIL-VIEW] ViewSet with detail view applied {viewSet: Object} @ https://a.slack-edge.com/bv1-13-br/gantry-v2-shared.cdda0aad0eba53be.min.js?cacheKey=gantry-1788679051:46
[  484562ms] [INFO] Sep-06 11:14:21.752 [NAVIGATION-MIDDLEWARE] View has been transformed {container: primary, initialView: Object, transformedView: Object, iterationCount: 0} @ https://a.slack-edge.com/bv1-13-br/gantry-v2-shared.cdda0aad0eba53be.min.js?cacheKey=gantry-1788679051:46
[  484562ms] [INFO] Sep-06 11:14:21.752 [NAVIGATION-MIDDLEWARE] Skipping middleware execution for sidebar container as we have cached value {initialView: Object, iterationCount: 1} @ https://a.slack-edge.com/bv1-13-br/gantry-v2-shared.cdda0aad0eba53be.min.js?cacheKey=gantry-1788679051:46
[  484562ms] [INFO] Sep-06 11:14:21.752 [NAVIGATION-MIDDLEWARE] Async action execution is complete for a view {nextView: Object, results: Array(26), shouldTerminateNavigation: false, executionTime: 0, nextTab: home} @ https://a.slack-edge.com/bv1-13-br/gantry-v2-shared.cdda0aad0eba53be.min.js?cacheKey=gantry-1788679051:46
[  484562ms] [INFO] Sep-06 11:14:21.753 [NAVIGATION-MIDDLEWARE] Finish middleware execution for primary container {maybeTransformedViewSet: Object, maybeTransformedSplitView: undefined, terminateNavigation: false, isViewTransformed: false, iterationCount: 1} @ https://a.slack-edge.com/bv1-13-br/gantry-v2-shared.cdda0aad0eba53be.min.js?cacheKey=gantry-1788679051:46
[  484562ms] [INFO] Sep-06 11:14:21.753 [NAVIGATION-MIDDLEWARE] Finish middleware execution for primary container {maybeTransformedViewSet: Object, maybeTransformedSplitView: undefined, terminateNavigation: false, isViewTransformed: true, iterationCount: 0} @ https://a.slack-edge.com/bv1-13-br/gantry-v2-shared.cdda0aad0eba53be.min.js?cacheKey=gantry-1788679051:46
[  484562ms] [INFO] Sep-06 11:14:21.753 [NAVIGATION-MIDDLEWARE] Navigation middleware execution is complete {maybeUpdatedViewSet: Object, maybeUpdatedSplitView: undefined, terminateNavigation: false, executionTime: 0.900000000372529, nextTab: home} @ https://a.slack-edge.com/bv1-13-br/gantry-v2-shared.cdda0aad0eba53be.min.js?cacheKey=gantry-1788679051:46
[  484562ms] [INFO] Sep-06 11:14:21.753 [NAVIGATE-IN-MAIN-WIND] Built view set after middleware {viewSet: Object, splitView: undefined, nextTab: home} @ https://a.slack-edge.com/bv1-13-br/gantry-v2-shared.cdda0aad0eba53be.min.js?cacheKey=gantry-1788679051:46
[  484563ms] [INFO] Sep-06 11:14:21.754 [NAVIGATE-LISTENERS] (TNWA8QCGZ) Starting navigation listeners for triggerType NAVIGATION @ https://a.slack-edge.com/bv1-13-br/gantry-v2-shared.cdda0aad0eba53be.min.js?cacheKey=gantry-1788679051:46
[  484564ms] [INFO] Sep-06 11:14:21.755 [MARK-MOST-RECENT] (TNWA8QCGZ) Skip marking most recent message in CTT84RS0P as read because getLatestTs (1787531848.670089) is less than getLastReadTs (1788286042.933409) @ https://a.slack-edge.com/bv1-13-br/gantry-v2-shared.cdda0aad0eba53be.min.js?cacheKey=gantry-1788679051:46
[  484565ms] [INFO] Sep-06 11:14:21.755 [NAVIGATE-LISTENERS] (TNWA8QCGZ) Navigation listeners complete without errors @ https://a.slack-edge.com/bv1-13-br/gantry-v2-shared.cdda0aad0eba53be.min.js?cacheKey=gantry-1788679051:46
[  484565ms] [INFO] Sep-06 11:14:21.755 [NAVIGATE-IN-MAIN-WIND]  Navigation thunk execution complete {id: CTT84RS0P, viewType: Channel, viewParams: undefined, options: Object} @ https://a.slack-edge.com/bv1-13-br/gantry-v2-shared.cdda0aad0eba53be.min.js?cacheKey=gantry-1788679051:46
[  484576ms] [INFO] Sep-06 11:14:21.767 [MESSAGE-LIST] (TNWA8QCGZ) getScrollmark reason:channel_change channelId:C052K5QFBNW at end @ https://a.slack-edge.com/bv1-13-br/gantry-v2-shared.cdda0aad0eba53be.min.js?cacheKey=gantry-1788679051:46
[  484577ms] [INFO] Sep-06 11:14:21.767 [MESSAGE-LIST] (TNWA8QCGZ) Switching channels: CTT84RS0P timestamps: 0 @ https://a.slack-edge.com/bv1-13-br/gantry-v2-shared.cdda0aad0eba53be.min.js?cacheKey=gantry-1788679051:46
[  484577ms] [INFO] Sep-06 11:14:21.768 [MESSAGE-LIST] (TNWA8QCGZ) requestAround channelId: CTT84RS0P isLoading: false timestamps: 0 reachedStart: false reachedEnd: false @ https://a.slack-edge.com/bv1-13-br/gantry-v2-shared.cdda0aad0eba53be.min.js?cacheKey=gantry-1788679051:46
[  484577ms] [INFO] Sep-06 11:14:21.768 [HISTORY-FETCH] (TNWA8QCGZ) Fetching history for message pane: CTT84RS0P oldest: null latest: null @ https://a.slack-edge.com/bv1-13-br/gantry-v2-shared.cdda0aad0eba53be.min.js?cacheKey=gantry-1788679051:46
[  484578ms] [INFO] Sep-06 11:14:21.768 [API-Q] (TNWA8QCGZ) 32962251-1788682461.768 conversations.history called with reason: message-pane/requestHistory @ https://a.slack-edge.com/bv1-13-br/gantry-v2-shared.cdda0aad0eba53be.min.js?cacheKey=gantry-1788679051:46
[  484578ms] [INFO] Sep-06 11:14:21.768 [API-Q] (TNWA8QCGZ) 32962251-1788682461.768 conversations.history is ENQUEUED @ https://a.slack-edge.com/bv1-13-br/gantry-v2-shared.cdda0aad0eba53be.min.js?cacheKey=gantry-1788679051:46
[  484610ms] [INFO] Sep-06 11:14:21.800 [MESSAGE-LIST] (TNWA8QCGZ) requestAround channelId: CTT84RS0P isLoading: false timestamps: 0 reachedStart: false reachedEnd: false @ https://a.slack-edge.com/bv1-13-br/gantry-v2-shared.cdda0aad0eba53be.min.js?cacheKey=gantry-1788679051:46
[  484610ms] [INFO] Sep-06 11:14:21.800 [MESSAGE-LIST] (TNWA8QCGZ) requestAround channelId: CTT84RS0P isLoading: false timestamps: 0 reachedStart: false reachedEnd: false @ https://a.slack-edge.com/bv1-13-br/gantry-v2-shared.cdda0aad0eba53be.min.js?cacheKey=gantry-1788679051:46
[  484615ms] [INFO] Sep-06 11:14:21.805 [API-Q] (TNWA8QCGZ) 32962251-1788682461.805 megaphone.notifications.list called with reason: load-megaphone-notification-data @ https://a.slack-edge.com/bv1-13-br/gantry-v2-shared.cdda0aad0eba53be.min.js?cacheKey=gantry-1788679051:46
[  484615ms] [INFO] Sep-06 11:14:21.806 [API-Q] (TNWA8QCGZ) 32962251-1788682461.805 megaphone.notifications.list is ENQUEUED @ https://a.slack-edge.com/bv1-13-br/gantry-v2-shared.cdda0aad0eba53be.min.js?cacheKey=gantry-1788679051:46
[  484618ms] [INFO] Sep-06 11:14:21.809 [API-Q] (TNWA8QCGZ) noversion-1788682461.809 Flannel users/list called with reason: flannel-call:users/list @ https://a.slack-edge.com/bv1-13-br/gantry-v2-shared.cdda0aad0eba53be.min.js?cacheKey=gantry-1788679051:46
[  484619ms] [INFO] Sep-06 11:14:21.809 [API-Q] (TNWA8QCGZ) noversion-1788682461.809 Flannel users/list is ENQUEUED @ https://a.slack-edge.com/bv1-13-br/gantry-v2-shared.cdda0aad0eba53be.min.js?cacheKey=gantry-1788679051:46
[  484619ms] [INFO] Sep-06 11:14:21.809 [API-Q] (TNWA8QCGZ) noversion-1788682461.809 Flannel permissions/info called with reason: flannel-call:permissions/info @ https://a.slack-edge.com/bv1-13-br/gantry-v2-shared.cdda0aad0eba53be.min.js?cacheKey=gantry-1788679051:46
[  484619ms] [INFO] Sep-06 11:14:21.809 [API-Q] (TNWA8QCGZ) noversion-1788682461.809 Flannel permissions/info is ENQUEUED @ https://a.slack-edge.com/bv1-13-br/gantry-v2-shared.cdda0aad0eba53be.min.js?cacheKey=gantry-1788679051:46
[  484619ms] [INFO] Sep-06 11:14:21.809 [API-Q] (TNWA8QCGZ) 32962251-1788682461.768 conversations.history is ACTIVE @ https://a.slack-edge.com/bv1-13-br/gantry-v2-shared.cdda0aad0eba53be.min.js?cacheKey=gantry-1788679051:46
[  484619ms] [INFO] Sep-06 11:14:21.810 [API-Q] (TNWA8QCGZ) 32962251-1788682461.805 megaphone.notifications.list is ACTIVE @ https://a.slack-edge.com/bv1-13-br/gantry-v2-shared.cdda0aad0eba53be.min.js?cacheKey=gantry-1788679051:46
[  484619ms] [INFO] Sep-06 11:14:21.810 [API-Q] (TNWA8QCGZ) noversion-1788682461.809 Flannel users/list is ACTIVE @ https://a.slack-edge.com/bv1-13-br/gantry-v2-shared.cdda0aad0eba53be.min.js?cacheKey=gantry-1788679051:46
[  484619ms] [INFO] Sep-06 11:14:21.810 [API-Q] (TNWA8QCGZ) noversion-1788682461.809 Flannel permissions/info is ACTIVE @ https://a.slack-edge.com/bv1-13-br/gantry-v2-shared.cdda0aad0eba53be.min.js?cacheKey=gantry-1788679051:46
[  484630ms] [INFO] Sep-06 11:14:21.820 [API-Q] (TNWA8QCGZ) 32962251-1788682461.820 conversations.listPrefs called with reason: client_redux_store @ https://a.slack-edge.com/bv1-13-br/gantry-v2-shared.cdda0aad0eba53be.min.js?cacheKey=gantry-1788679051:46
[  484630ms] [INFO] Sep-06 11:14:21.821 [API-Q] (TNWA8QCGZ) 32962251-1788682461.820 conversations.listPrefs is ENQUEUED @ https://a.slack-edge.com/bv1-13-br/gantry-v2-shared.cdda0aad0eba53be.min.js?cacheKey=gantry-1788679051:46
[  484630ms] [INFO] Sep-06 11:14:21.821 [API-Q] (TNWA8QCGZ) 32962251-1788682461.820 conversations.listPrefs is ACTIVE @ https://a.slack-edge.com/bv1-13-br/gantry-v2-shared.cdda0aad0eba53be.min.js?cacheKey=gantry-1788679051:46
[  484631ms] [INFO] Sep-06 11:14:21.821 [UFM-PERMISSIONS] (TNWA8QCGZ) requesting SET_CHANNEL_TOPIC,ASSIGN_CHANNEL_MANAGER,CAN_AT_CHANNEL,CAN_AT_EVERYONE,ARCHIVE_CHANNEL (1) @ https://a.slack-edge.com/bv1-13-br/gantry-v2-shared.cdda0aad0eba53be.min.js?cacheKey=gantry-1788679051:46
[  484631ms] [INFO] Sep-06 11:14:21.821 [API-Q] (TNWA8QCGZ) noversion-1788682461.821 Flannel permissions/info called with reason: flannel-call:permissions/info @ https://a.slack-edge.com/bv1-13-br/gantry-v2-shared.cdda0aad0eba53be.min.js?cacheKey=gantry-1788679051:46
[  484631ms] [INFO] Sep-06 11:14:21.821 [API-Q] (TNWA8QCGZ) noversion-1788682461.821 Flannel permissions/info is ENQUEUED @ https://a.slack-edge.com/bv1-13-br/gantry-v2-shared.cdda0aad0eba53be.min.js?cacheKey=gantry-1788679051:46
[  484631ms] [INFO] Sep-06 11:14:21.821 [API-Q] (TNWA8QCGZ) noversion-1788682461.821 Flannel permissions/info is ACTIVE @ https://a.slack-edge.com/bv1-13-br/gantry-v2-shared.cdda0aad0eba53be.min.js?cacheKey=gantry-1788679051:46
[  484631ms] [INFO] Sep-06 11:14:21.821 [UFM-FLANNELEMOJI] (TNWA8QCGZ) requesting 1 objects (1) @ https://a.slack-edge.com/bv1-13-br/gantry-v2-shared.cdda0aad0eba53be.min.js?cacheKey=gantry-1788679051:46
[  484631ms] [INFO] Sep-06 11:14:21.822 [API-Q] (TNWA8QCGZ) noversion-1788682461.822 Flannel emojis/info called with reason: flannel-call:emojis/info @ https://a.slack-edge.com/bv1-13-br/gantry-v2-shared.cdda0aad0eba53be.min.js?cacheKey=gantry-1788679051:46
[  484631ms] [INFO] Sep-06 11:14:21.822 [API-Q] (TNWA8QCGZ) noversion-1788682461.822 Flannel emojis/info is ENQUEUED @ https://a.slack-edge.com/bv1-13-br/gantry-v2-shared.cdda0aad0eba53be.min.js?cacheKey=gantry-1788679051:46
[  484631ms] [INFO] Sep-06 11:14:21.822 [API-Q] (TNWA8QCGZ) noversion-1788682461.822 Flannel emojis/info is ACTIVE @ https://a.slack-edge.com/bv1-13-br/gantry-v2-shared.cdda0aad0eba53be.min.js?cacheKey=gantry-1788679051:46
[  484631ms] [INFO] Sep-06 11:14:21.822 [API-Q] (TNWA8QCGZ) noversion-1788682461.822 Flannel users/counts called with reason: flannel-call:users/counts @ https://a.slack-edge.com/bv1-13-br/gantry-v2-shared.cdda0aad0eba53be.min.js?cacheKey=gantry-1788679051:46
[  484631ms] [INFO] Sep-06 11:14:21.822 [API-Q] (TNWA8QCGZ) noversion-1788682461.822 Flannel users/counts is ENQUEUED @ https://a.slack-edge.com/bv1-13-br/gantry-v2-shared.cdda0aad0eba53be.min.js?cacheKey=gantry-1788679051:46
[  484632ms] [INFO] Sep-06 11:14:21.822 [API-Q] (TNWA8QCGZ) noversion-1788682461.822 Flannel users/counts is ACTIVE @ https://a.slack-edge.com/bv1-13-br/gantry-v2-shared.cdda0aad0eba53be.min.js?cacheKey=gantry-1788679051:46
[  484632ms] [INFO] Sep-06 11:14:21.822 [UFM] (TNWA8QCGZ) requesting CTT84RS0P (1) @ https://a.slack-edge.com/bv1-13-br/gantry-v2-shared.cdda0aad0eba53be.min.js?cacheKey=gantry-1788679051:46
[  484632ms] [INFO] Sep-06 11:14:21.822 [UFM] (TNWA8QCGZ) received CTT84RS0P (1) @ https://a.slack-edge.com/bv1-13-br/gantry-v2-shared.cdda0aad0eba53be.min.js?cacheKey=gantry-1788679051:46
[  484635ms] [INFO] Sep-06 11:14:21.826 [API-Q] (TNWA8QCGZ) 32962251-1788682461.825 bookmarks.list called with reason: bookmarks-store/conditional-fetching @ https://a.slack-edge.com/bv1-13-br/gantry-v2-shared.cdda0aad0eba53be.min.js?cacheKey=gantry-1788679051:46
[  484635ms] [INFO] Sep-06 11:14:21.826 [API-Q] (TNWA8QCGZ) 32962251-1788682461.825 bookmarks.list is ENQUEUED @ https://a.slack-edge.com/bv1-13-br/gantry-v2-shared.cdda0aad0eba53be.min.js?cacheKey=gantry-1788679051:46
[  484635ms] [INFO] Sep-06 11:14:21.826 [API-Q] (TNWA8QCGZ) 32962251-1788682461.825 bookmarks.list is ACTIVE @ https://a.slack-edge.com/bv1-13-br/gantry-v2-shared.cdda0aad0eba53be.min.js?cacheKey=gantry-1788679051:46
[  484637ms] [INFO] Sep-06 11:14:21.828 [MESSAGE-LIST] (TNWA8QCGZ) componentWillReceiveProps isLoading: true isLoadingOlder: false timestamps: 0 @ https://a.slack-edge.com/bv1-13-br/gantry-v2-shared.cdda0aad0eba53be.min.js?cacheKey=gantry-1788679051:46
[  484646ms] [INFO] Sep-06 11:14:21.837 [NOTIFICATIONS] (TNWA8QCGZ) shouldShowNotificationForDirectMessage: '15' @ https://a.slack-edge.com/bv1-13-br/gantry-v2-shared.cdda0aad0eba53be.min.js?cacheKey=gantry-1788679051:46
[  484647ms] [INFO] Sep-06 11:14:21.837 [COUNTS] (TNWA8QCGZ) Updated counts for D0BVAC9KXL2: unreadCnt 1, unreadHighlightCnt 0, unreadVIPMentionCnt 0 @ https://a.slack-edge.com/bv1-13-br/gantry-v2-shared.cdda0aad0eba53be.min.js?cacheKey=gantry-1788679051:46
[  484647ms] [INFO] Sep-06 11:14:21.838 [CHECK-UNREADS] (TNWA8QCGZ) Not marking D0BVAC9KXL2 because it is not in an active view @ https://a.slack-edge.com/bv1-13-br/gantry-v2-shared.cdda0aad0eba53be.min.js?cacheKey=gantry-1788679051:46
[  484664ms] [INFO] Sep-06 11:14:21.855 [COUNTS] (TNWA8QCGZ) dmsBadgeCount: 1 @ https://a.slack-edge.com/bv1-13-br/gantry-v2-shared.cdda0aad0eba53be.min.js?cacheKey=gantry-1788679051:46
[  484664ms] [INFO] Sep-06 11:14:21.855 [COUNTS] (TNWA8QCGZ) activityBadgeCount: 0 @ https://a.slack-edge.com/bv1-13-br/gantry-v2-shared.cdda0aad0eba53be.min.js?cacheKey=gantry-1788679051:46
[  484685ms] [INFO] Sep-06 11:14:21.875 [API-Q] (TNWA8QCGZ) noversion-1788682461.809 Flannel users/list is RESOLVED @ https://a.slack-edge.com/bv1-13-br/gantry-v2-shared.cdda0aad0eba53be.min.js?cacheKey=gantry-1788679051:46
[  484693ms] [INFO] Sep-06 11:14:21.884 [API-Q] (TNWA8QCGZ) noversion-1788682461.822 Flannel emojis/info is RESOLVED @ https://a.slack-edge.com/bv1-13-br/gantry-v2-shared.cdda0aad0eba53be.min.js?cacheKey=gantry-1788679051:46
[  484693ms] [INFO] Sep-06 11:14:21.884 [UFM-FLANNELEMOJI] (TNWA8QCGZ) received 1 objects (1) @ https://a.slack-edge.com/bv1-13-br/gantry-v2-shared.cdda0aad0eba53be.min.js?cacheKey=gantry-1788679051:46
[  484697ms] [INFO] Sep-06 11:14:21.887 [API-Q] (TNWA8QCGZ) noversion-1788682461.809 Flannel permissions/info is RESOLVED @ https://a.slack-edge.com/bv1-13-br/gantry-v2-shared.cdda0aad0eba53be.min.js?cacheKey=gantry-1788679051:46
[  484701ms] [INFO] Sep-06 11:14:21.892 [API-Q] (TNWA8QCGZ) noversion-1788682461.822 Flannel users/counts is RESOLVED @ https://a.slack-edge.com/bv1-13-br/gantry-v2-shared.cdda0aad0eba53be.min.js?cacheKey=gantry-1788679051:46
[  484702ms] [INFO] Sep-06 11:14:21.892 [API-Q] (TNWA8QCGZ) noversion-1788682461.821 Flannel permissions/info is RESOLVED @ https://a.slack-edge.com/bv1-13-br/gantry-v2-shared.cdda0aad0eba53be.min.js?cacheKey=gantry-1788679051:46
[  484702ms] [INFO] Sep-06 11:14:21.893 [UFM-PERMISSIONS] (TNWA8QCGZ) received SET_CHANNEL_TOPIC,ASSIGN_CHANNEL_MANAGER,CAN_AT_CHANNEL,CAN_AT_EVERYONE,ARCHIVE_CHANNEL (1) @ https://a.slack-edge.com/bv1-13-br/gantry-v2-shared.cdda0aad0eba53be.min.js?cacheKey=gantry-1788679051:46
[  484753ms] [INFO] Sep-06 11:14:21.944 [RTM-ACTIVITY] (TNWA8QCGZ) RTM-ACTIVITY activity_updated @ https://a.slack-edge.com/bv1-13-br/gantry-v2-shared.cdda0aad0eba53be.min.js?cacheKey=gantry-1788679051:46
[  484754ms] [INFO] Sep-06 11:14:21.945 [UFM-CHANNELS] (TNWA8QCGZ) requesting C053NMW7VPX (1) @ https://a.slack-edge.com/bv1-13-br/gantry-v2-shared.cdda0aad0eba53be.min.js?cacheKey=gantry-1788679051:46
[  484755ms] [INFO] Sep-06 11:14:21.945 [API-Q] (TNWA8QCGZ) noversion-1788682461.945 Flannel channels/info called with reason: flannel-call:channels/info @ https://a.slack-edge.com/bv1-13-br/gantry-v2-shared.cdda0aad0eba53be.min.js?cacheKey=gantry-1788679051:46
[  484755ms] [INFO] Sep-06 11:14:21.945 [API-Q] (TNWA8QCGZ) noversion-1788682461.945 Flannel channels/info is ENQUEUED @ https://a.slack-edge.com/bv1-13-br/gantry-v2-shared.cdda0aad0eba53be.min.js?cacheKey=gantry-1788679051:46
[  484755ms] [INFO] Sep-06 11:14:21.945 [API-Q] (TNWA8QCGZ) noversion-1788682461.945 Flannel channels/info is ACTIVE @ https://a.slack-edge.com/bv1-13-br/gantry-v2-shared.cdda0aad0eba53be.min.js?cacheKey=gantry-1788679051:46
[  484811ms] [INFO] Sep-06 11:14:22.001 [API-Q] (TNWA8QCGZ) 32962251-1788682461.820 conversations.listPrefs is RESOLVED @ https://a.slack-edge.com/bv1-13-br/gantry-v2-shared.cdda0aad0eba53be.min.js?cacheKey=gantry-1788679051:46
[  484814ms] [INFO] Sep-06 11:14:22.005 [API-Q] (TNWA8QCGZ) 32962251-1788682461.825 bookmarks.list is RESOLVED @ https://a.slack-edge.com/bv1-13-br/gantry-v2-shared.cdda0aad0eba53be.min.js?cacheKey=gantry-1788679051:46
[  484825ms] [INFO] Sep-06 11:14:22.015 [API-Q] (TNWA8QCGZ) noversion-1788682461.945 Flannel channels/info is RESOLVED @ https://a.slack-edge.com/bv1-13-br/gantry-v2-shared.cdda0aad0eba53be.min.js?cacheKey=gantry-1788679051:46
[  484825ms] [INFO] Sep-06 11:14:22.016 [UFM-CHANNELS] (TNWA8QCGZ) received C053NMW7VPX (1) @ https://a.slack-edge.com/bv1-13-br/gantry-v2-shared.cdda0aad0eba53be.min.js?cacheKey=gantry-1788679051:46
[  484829ms] [INFO] Sep-06 11:14:22.020 [API-Q] (TNWA8QCGZ) 32962251-1788682461.805 megaphone.notifications.list is RESOLVED @ https://a.slack-edge.com/bv1-13-br/gantry-v2-shared.cdda0aad0eba53be.min.js?cacheKey=gantry-1788679051:46
[  484853ms] [INFO] Sep-06 11:14:22.043 [RTM-BADGE-COUNTS-UPDA] (TNWA8QCGZ) badge_counts_updated @ https://a.slack-edge.com/bv1-13-br/gantry-v2-shared.cdda0aad0eba53be.min.js?cacheKey=gantry-1788679051:46
[  484857ms] [INFO] Sep-06 11:14:22.048 [COUNTS] (TNWA8QCGZ) dmsBadgeCount: 1 @ https://a.slack-edge.com/bv1-13-br/gantry-v2-shared.cdda0aad0eba53be.min.js?cacheKey=gantry-1788679051:46
[  484857ms] [INFO] Sep-06 11:14:22.048 [COUNTS] (TNWA8QCGZ) activityBadgeCount: 1 @ https://a.slack-edge.com/bv1-13-br/gantry-v2-shared.cdda0aad0eba53be.min.js?cacheKey=gantry-1788679051:46
[  484886ms] [INFO] Sep-06 11:14:22.077 [API-Q] (TNWA8QCGZ) noversion-1788682462.076 Flannel channels/membership called with reason: flannel-call:channels/membership @ https://a.slack-edge.com/bv1-13-br/gantry-v2-shared.cdda0aad0eba53be.min.js?cacheKey=gantry-1788679051:46
[  484886ms] [INFO] Sep-06 11:14:22.077 [API-Q] (TNWA8QCGZ) noversion-1788682462.076 Flannel channels/membership is ENQUEUED @ https://a.slack-edge.com/bv1-13-br/gantry-v2-shared.cdda0aad0eba53be.min.js?cacheKey=gantry-1788679051:46
[  484886ms] [INFO] Sep-06 11:14:22.077 [API-Q] (TNWA8QCGZ) noversion-1788682462.076 Flannel channels/membership is ACTIVE @ https://a.slack-edge.com/bv1-13-br/gantry-v2-shared.cdda0aad0eba53be.min.js?cacheKey=gantry-1788679051:46
[  484920ms] [INFO] Sep-06 11:14:22.110 [API-Q] (TNWA8QCGZ) 32962251-1788682461.768 conversations.history is RESOLVED @ https://a.slack-edge.com/bv1-13-br/gantry-v2-shared.cdda0aad0eba53be.min.js?cacheKey=gantry-1788679051:46
[  484922ms] [INFO] Sep-06 11:14:22.112 [PLATFORM-CHANNEL-ACTI] (TNWA8QCGZ) setting count for channel CTT84RS0P to 0, and marking channel as stale. @ https://a.slack-edge.com/bv1-13-br/gantry-v2-shared.cdda0aad0eba53be.min.js?cacheKey=gantry-1788679051:46
[  484923ms] [INFO] Sep-06 11:14:22.113 [PINS] (TNWA8QCGZ) Pins count updated for channel CTT84RS0P: 41 @ https://a.slack-edge.com/bv1-13-br/gantry-v2-shared.cdda0aad0eba53be.min.js?cacheKey=gantry-1788679051:46
[  484955ms] [INFO] Sep-06 11:14:22.146 [MESSAGE-LIST] (TNWA8QCGZ) componentWillReceiveProps isLoading: false isLoadingOlder: false timestamps: 28 @ https://a.slack-edge.com/bv1-13-br/gantry-v2-shared.cdda0aad0eba53be.min.js?cacheKey=gantry-1788679051:46
[  484969ms] [INFO] Sep-06 11:14:22.159 [CHECK-UNREADS] (TNWA8QCGZ) unreadLineVisible updated in main window container primary: false -> true @ https://a.slack-edge.com/bv1-13-br/gantry-v2-shared.cdda0aad0eba53be.min.js?cacheKey=gantry-1788679051:46
[  484997ms] [INFO] Sep-06 11:14:22.187 [UFM-MEMBERS] (TNWA8QCGZ) requesting U0B8S0YBXA9,U0A9BRSF1J7,U080DCG9VV4,U06FTUSSE5Q,U016G1BC1CN,U05J65V7C2Y,U07HHAUGBT7,U0AN1ALUK2T,U0BBXBTKK41,U08J5C4B3CJ,U0BAQUCGX2T,U0ANJBT8XN1,U095Q9WVAQ0,U0B0FME67T6,U0AGW4MC4DN,U0BA0GJS3A8,U0A34PJ7L9G,U05GL3JLGHJ,U08R32H50AG,U06346RSD3P,U0AKL7N6G0P (1) @ https://a.slack-edge.com/bv1-13-br/gantry-v2-shared.cdda0aad0eba53be.min.js?cacheKey=gantry-1788679051:46
[  484997ms] [INFO] Sep-06 11:14:22.187 [API-Q] (TNWA8QCGZ) noversion-1788682462.187 Flannel users/info called with reason: flannel-call:users/info @ https://a.slack-edge.com/bv1-13-br/gantry-v2-shared.cdda0aad0eba53be.min.js?cacheKey=gantry-1788679051:46
[  484997ms] [INFO] Sep-06 11:14:22.187 [API-Q] (TNWA8QCGZ) noversion-1788682462.187 Flannel users/info is ENQUEUED @ https://a.slack-edge.com/bv1-13-br/gantry-v2-shared.cdda0aad0eba53be.min.js?cacheKey=gantry-1788679051:46
[  484997ms] [INFO] Sep-06 11:14:22.188 [API-Q] (TNWA8QCGZ) noversion-1788682462.187 Flannel users/info is ACTIVE @ https://a.slack-edge.com/bv1-13-br/gantry-v2-shared.cdda0aad0eba53be.min.js?cacheKey=gantry-1788679051:46
[  484997ms] [INFO] Sep-06 11:14:22.188 [DND_V2] (TNWA8QCGZ) fetchAndUpsertDndForUsers - Preparing to fetch DND times for the following members: U0B1K9B4FNH,U0B0H2MDGP4,U091E5QALTS @ https://a.slack-edge.com/bv1-13-br/gantry-v2-shared.cdda0aad0eba53be.min.js?cacheKey=gantry-1788679051:46
[  484997ms] [INFO] Sep-06 11:14:22.188 [API-Q] (TNWA8QCGZ) 32962251-1788682462.188 dnd.teamInfo called with reason: fetchAndUpsertDndForUsers-getDndTimesFor:others @ https://a.slack-edge.com/bv1-13-br/gantry-v2-shared.cdda0aad0eba53be.min.js?cacheKey=gantry-1788679051:46
[  484997ms] [INFO] Sep-06 11:14:22.188 [API-Q] (TNWA8QCGZ) 32962251-1788682462.188 dnd.teamInfo is ENQUEUED @ https://a.slack-edge.com/bv1-13-br/gantry-v2-shared.cdda0aad0eba53be.min.js?cacheKey=gantry-1788679051:46
[  484998ms] [INFO] Sep-06 11:14:22.188 [API-Q] (TNWA8QCGZ) 32962251-1788682462.188 dnd.teamInfo is ACTIVE @ https://a.slack-edge.com/bv1-13-br/gantry-v2-shared.cdda0aad0eba53be.min.js?cacheKey=gantry-1788679051:46
[  484998ms] [INFO] Sep-06 11:14:22.189 [UFM-REACJITRIGGERS] (TNWA8QCGZ) requesting CTT84RS0P (1) @ https://a.slack-edge.com/bv1-13-br/gantry-v2-shared.cdda0aad0eba53be.min.js?cacheKey=gantry-1788679051:46
[  484998ms] [INFO] Sep-06 11:14:22.189 [API-Q] (TNWA8QCGZ) 32962251-1788682462.189 conversations.bulkReacjiTriggers called with reason: reacji_triggers_ufm @ https://a.slack-edge.com/bv1-13-br/gantry-v2-shared.cdda0aad0eba53be.min.js?cacheKey=gantry-1788679051:46
[  484998ms] [INFO] Sep-06 11:14:22.189 [API-Q] (TNWA8QCGZ) 32962251-1788682462.189 conversations.bulkReacjiTriggers is ENQUEUED @ https://a.slack-edge.com/bv1-13-br/gantry-v2-shared.cdda0aad0eba53be.min.js?cacheKey=gantry-1788679051:46
[  484999ms] [INFO] Sep-06 11:14:22.189 [API-Q] (TNWA8QCGZ) 32962251-1788682462.189 conversations.bulkReacjiTriggers is ACTIVE @ https://a.slack-edge.com/bv1-13-br/gantry-v2-shared.cdda0aad0eba53be.min.js?cacheKey=gantry-1788679051:46
[  485062ms] [INFO] Sep-06 11:14:22.253 [API-Q] (TNWA8QCGZ) noversion-1788682462.187 Flannel users/info is RESOLVED @ https://a.slack-edge.com/bv1-13-br/gantry-v2-shared.cdda0aad0eba53be.min.js?cacheKey=gantry-1788679051:46
[  485063ms] [INFO] Sep-06 11:14:22.253 [UFM-MEMBERS] (TNWA8QCGZ) received U0B8S0YBXA9,U0A9BRSF1J7,U080DCG9VV4,U06FTUSSE5Q,U016G1BC1CN,U05J65V7C2Y,U07HHAUGBT7,U0AN1ALUK2T,U0BBXBTKK41,U08J5C4B3CJ,U0BAQUCGX2T,U0ANJBT8XN1,U095Q9WVAQ0,U0B0FME67T6,U0AGW4MC4DN,U0BA0GJS3A8,U0A34PJ7L9G,U05GL3JLGHJ,U08R32H50AG,U06346RSD3P,U0AKL7N6G0P (1) @ https://a.slack-edge.com/bv1-13-br/gantry-v2-shared.cdda0aad0eba53be.min.js?cacheKey=gantry-1788679051:46
[  485066ms] [INFO] Sep-06 11:14:22.256 [API-Q] (TNWA8QCGZ) noversion-1788682462.256 Flannel users/info called with reason: flannel-call:users/info @ https://a.slack-edge.com/bv1-13-br/gantry-v2-shared.cdda0aad0eba53be.min.js?cacheKey=gantry-1788679051:46
[  485066ms] [INFO] Sep-06 11:14:22.256 [API-Q] (TNWA8QCGZ) noversion-1788682462.256 Flannel users/info is ENQUEUED @ https://a.slack-edge.com/bv1-13-br/gantry-v2-shared.cdda0aad0eba53be.min.js?cacheKey=gantry-1788679051:46
[  485066ms] [INFO] Sep-06 11:14:22.257 [API-Q] (TNWA8QCGZ) noversion-1788682462.256 Flannel users/info is ACTIVE @ https://a.slack-edge.com/bv1-13-br/gantry-v2-shared.cdda0aad0eba53be.min.js?cacheKey=gantry-1788679051:46
[  485079ms] [INFO] Sep-06 11:14:22.270 [UFM] (TNWA8QCGZ) requesting B063W48MTB2 (1) @ https://a.slack-edge.com/bv1-13-br/gantry-v2-shared.cdda0aad0eba53be.min.js?cacheKey=gantry-1788679051:46
[  485080ms] [INFO] Sep-06 11:14:22.271 [API-Q] (TNWA8QCGZ) noversion-1788682462.270 Flannel users/info called with reason: flannel-call:users/info @ https://a.slack-edge.com/bv1-13-br/gantry-v2-shared.cdda0aad0eba53be.min.js?cacheKey=gantry-1788679051:46
[  485080ms] [INFO] Sep-06 11:14:22.271 [API-Q] (TNWA8QCGZ) noversion-1788682462.270 Flannel users/info is ENQUEUED @ https://a.slack-edge.com/bv1-13-br/gantry-v2-shared.cdda0aad0eba53be.min.js?cacheKey=gantry-1788679051:46
[  485080ms] [INFO] Sep-06 11:14:22.271 [API-Q] (TNWA8QCGZ) noversion-1788682462.270 Flannel users/info is ACTIVE @ https://a.slack-edge.com/bv1-13-br/gantry-v2-shared.cdda0aad0eba53be.min.js?cacheKey=gantry-1788679051:46
[  485128ms] [INFO] Sep-06 11:14:22.319 [API-Q] (TNWA8QCGZ) noversion-1788682462.256 Flannel users/info is RESOLVED @ https://a.slack-edge.com/bv1-13-br/gantry-v2-shared.cdda0aad0eba53be.min.js?cacheKey=gantry-1788679051:46
[  485171ms] [INFO] Sep-06 11:14:22.361 [API-Q] (TNWA8QCGZ) noversion-1788682462.076 Flannel channels/membership is RESOLVED @ https://a.slack-edge.com/bv1-13-br/gantry-v2-shared.cdda0aad0eba53be.min.js?cacheKey=gantry-1788679051:46
[  485185ms] [INFO] Sep-06 11:14:22.376 [API-Q] (TNWA8QCGZ) 32962251-1788682462.189 conversations.bulkReacjiTriggers is RESOLVED @ https://a.slack-edge.com/bv1-13-br/gantry-v2-shared.cdda0aad0eba53be.min.js?cacheKey=gantry-1788679051:46
[  485185ms] [INFO] Sep-06 11:14:22.376 [UFM-REACJITRIGGERS] (TNWA8QCGZ) received CTT84RS0P (1) @ https://a.slack-edge.com/bv1-13-br/gantry-v2-shared.cdda0aad0eba53be.min.js?cacheKey=gantry-1788679051:46
[  485197ms] [INFO] Sep-06 11:14:22.387 [API-Q] (TNWA8QCGZ) 32962251-1788682462.188 dnd.teamInfo is RESOLVED @ https://a.slack-edge.com/bv1-13-br/gantry-v2-shared.cdda0aad0eba53be.min.js?cacheKey=gantry-1788679051:46
[  485197ms] [INFO] Sep-06 11:14:22.387 [DND] (TNWA8QCGZ) Fetched DND info for the following members: U0B1K9B4FNH,U0B0H2MDGP4,U091E5QALTS @ https://a.slack-edge.com/bv1-13-br/gantry-v2-shared.cdda0aad0eba53be.min.js?cacheKey=gantry-1788679051:46
[  485197ms] [INFO] Sep-06 11:14:22.388 [DND_V2] (TNWA8QCGZ) Will check for changes in DND status again in 5 minutes @ https://a.slack-edge.com/bv1-13-br/gantry-v2-shared.cdda0aad0eba53be.min.js?cacheKey=gantry-1788679051:46
[  485198ms] [INFO] Sep-06 11:14:22.388 [DND_V2] (TNWA8QCGZ) fetchAndUpsertDndForUsers - Preparing to fetch DND times for the following members: U080DCG9VV4,U0A9BRSF1J7,U0B8S0YBXA9 @ https://a.slack-edge.com/bv1-13-br/gantry-v2-shared.cdda0aad0eba53be.min.js?cacheKey=gantry-1788679051:46
[  485198ms] [INFO] Sep-06 11:14:22.389 [API-Q] (TNWA8QCGZ) 32962251-1788682462.388 dnd.teamInfo called with reason: fetchAndUpsertDndForUsers-getDndTimesFor:others @ https://a.slack-edge.com/bv1-13-br/gantry-v2-shared.cdda0aad0eba53be.min.js?cacheKey=gantry-1788679051:46
[  485198ms] [INFO] Sep-06 11:14:22.389 [API-Q] (TNWA8QCGZ) 32962251-1788682462.388 dnd.teamInfo is ENQUEUED @ https://a.slack-edge.com/bv1-13-br/gantry-v2-shared.cdda0aad0eba53be.min.js?cacheKey=gantry-1788679051:46
[  485198ms] [INFO] Sep-06 11:14:22.389 [API-Q] (TNWA8QCGZ) 32962251-1788682462.388 dnd.teamInfo is ACTIVE @ https://a.slack-edge.com/bv1-13-br/gantry-v2-shared.cdda0aad0eba53be.min.js?cacheKey=gantry-1788679051:46
[  485205ms] [INFO] Sep-06 11:14:22.396 [API-Q] (TNWA8QCGZ) noversion-1788682462.396 Flannel channels/membership called with reason: flannel-call:channels/membership @ https://a.slack-edge.com/bv1-13-br/gantry-v2-shared.cdda0aad0eba53be.min.js?cacheKey=gantry-1788679051:46
[  485205ms] [INFO] Sep-06 11:14:22.396 [API-Q] (TNWA8QCGZ) noversion-1788682462.396 Flannel channels/membership is ENQUEUED @ https://a.slack-edge.com/bv1-13-br/gantry-v2-shared.cdda0aad0eba53be.min.js?cacheKey=gantry-1788679051:46
[  485206ms] [INFO] Sep-06 11:14:22.396 [API-Q] (TNWA8QCGZ) noversion-1788682462.396 Flannel channels/membership is ACTIVE @ https://a.slack-edge.com/bv1-13-br/gantry-v2-shared.cdda0aad0eba53be.min.js?cacheKey=gantry-1788679051:46
[  485241ms] [INFO] Sep-06 11:14:22.431 [API-Q] (TNWA8QCGZ) noversion-1788682462.270 Flannel users/info is RESOLVED @ https://a.slack-edge.com/bv1-13-br/gantry-v2-shared.cdda0aad0eba53be.min.js?cacheKey=gantry-1788679051:46
[  485241ms] [INFO] Sep-06 11:14:22.432 [UFM] (TNWA8QCGZ) received B063W48MTB2 (1) @ https://a.slack-edge.com/bv1-13-br/gantry-v2-shared.cdda0aad0eba53be.min.js?cacheKey=gantry-1788679051:46
[  485270ms] [INFO] Sep-06 11:14:22.460 [API-Q] (TNWA8QCGZ) noversion-1788682462.396 Flannel channels/membership is RESOLVED @ https://a.slack-edge.com/bv1-13-br/gantry-v2-shared.cdda0aad0eba53be.min.js?cacheKey=gantry-1788679051:46
[  485338ms] [INFO] Sep-06 11:14:22.528 [CHECK-UNREADS] (TNWA8QCGZ) Checking unreads after unread line became visible @ https://a.slack-edge.com/bv1-13-br/gantry-v2-shared.cdda0aad0eba53be.min.js?cacheKey=gantry-1788679051:46
[  485338ms] [INFO] Sep-06 11:14:22.528 [CHECK-UNREADS] (TNWA8QCGZ) Not marking CTT84RS0P because last_read >= latest && channel is read @ https://a.slack-edge.com/bv1-13-br/gantry-v2-shared.cdda0aad0eba53be.min.js?cacheKey=gantry-1788679051:46
[  485402ms] [INFO] Sep-06 11:14:22.592 [API-Q] (TNWA8QCGZ) 32962251-1788682462.388 dnd.teamInfo is RESOLVED @ https://a.slack-edge.com/bv1-13-br/gantry-v2-shared.cdda0aad0eba53be.min.js?cacheKey=gantry-1788679051:46
[  485402ms] [INFO] Sep-06 11:14:22.592 [DND] (TNWA8QCGZ) Fetched DND info for the following members: U080DCG9VV4,U0A9BRSF1J7,U0B8S0YBXA9 @ https://a.slack-edge.com/bv1-13-br/gantry-v2-shared.cdda0aad0eba53be.min.js?cacheKey=gantry-1788679051:46
[  485402ms] [INFO] Sep-06 11:14:22.593 [DND_V2] (TNWA8QCGZ) Will check for changes in DND status again in 5 minutes @ https://a.slack-edge.com/bv1-13-br/gantry-v2-shared.cdda0aad0eba53be.min.js?cacheKey=gantry-1788679051:46
[  487325ms] [INFO] Sep-06 11:14:24.515 [NAVIGATE-IN-MAIN-WIND] Starting a new navigation event {id: CTT84KXK9, viewType: Channel, viewParams: undefined, options: Object} @ https://a.slack-edge.com/bv1-13-br/gantry-v2-shared.cdda0aad0eba53be.min.js?cacheKey=gantry-1788679051:46
[  487325ms] [INFO] Sep-06 11:14:24.516 [APPLY-DETAIL-VIEW] ViewSet with detail view applied {viewSet: Object} @ https://a.slack-edge.com/bv1-13-br/gantry-v2-shared.cdda0aad0eba53be.min.js?cacheKey=gantry-1788679051:46
[  487325ms] [INFO] Sep-06 11:14:24.516 [NAVIGATE-IN-MAIN-WIND] Applying changes to the primary container {viewSet: Object, nextTab: home} @ https://a.slack-edge.com/bv1-13-br/gantry-v2-shared.cdda0aad0eba53be.min.js?cacheKey=gantry-1788679051:46
[  487325ms] [INFO] Sep-06 11:14:24.516 [NAVIGATION-MIDDLEWARE] Starting a new navigation middleware execution {context: navigation, nextViewSet: Object, nextSplitView: undefined, middlewareCount: 26, nextTab: home} @ https://a.slack-edge.com/bv1-13-br/gantry-v2-shared.cdda0aad0eba53be.min.js?cacheKey=gantry-1788679051:46
[  487326ms] [INFO] Sep-06 11:14:24.516 [NAVIGATION-MIDDLEWARE] Async action execution is complete for a view {nextView: Object, results: Array(26), shouldTerminateNavigation: false, executionTime: 0.2000000011175871, nextTab: home} @ https://a.slack-edge.com/bv1-13-br/gantry-v2-shared.cdda0aad0eba53be.min.js?cacheKey=gantry-1788679051:46
[  487326ms] [INFO] Sep-06 11:14:24.516 [NAVIGATION-MIDDLEWARE] Finish middleware execution for sidebar container {maybeTransformedViewSet: Object, maybeTransformedSplitView: undefined, terminateNavigation: false, isViewTransformed: false, iterationCount: 0} @ https://a.slack-edge.com/bv1-13-br/gantry-v2-shared.cdda0aad0eba53be.min.js?cacheKey=gantry-1788679051:46
[  487326ms] [INFO] Sep-06 11:14:24.516 [NAVIGATION-MIDDLEWARE] Async action execution is complete for a view {nextView: Object, results: Array(26), shouldTerminateNavigation: false, executionTime: 0, nextTab: home} @ https://a.slack-edge.com/bv1-13-br/gantry-v2-shared.cdda0aad0eba53be.min.js?cacheKey=gantry-1788679051:46
[  487326ms] [INFO] Sep-06 11:14:24.516 [APPLY-DETAIL-VIEW] ViewSet with detail view applied {viewSet: Object} @ https://a.slack-edge.com/bv1-13-br/gantry-v2-shared.cdda0aad0eba53be.min.js?cacheKey=gantry-1788679051:46
[  487326ms] [INFO] Sep-06 11:14:24.516 [NAVIGATION-MIDDLEWARE] View has been transformed {container: primary, initialView: Object, transformedView: Object, iterationCount: 0} @ https://a.slack-edge.com/bv1-13-br/gantry-v2-shared.cdda0aad0eba53be.min.js?cacheKey=gantry-1788679051:46
[  487326ms] [INFO] Sep-06 11:14:24.516 [NAVIGATION-MIDDLEWARE] Skipping middleware execution for sidebar container as we have cached value {initialView: Object, iterationCount: 1} @ https://a.slack-edge.com/bv1-13-br/gantry-v2-shared.cdda0aad0eba53be.min.js?cacheKey=gantry-1788679051:46
[  487326ms] [INFO] Sep-06 11:14:24.517 [NAVIGATION-MIDDLEWARE] Async action execution is complete for a view {nextView: Object, results: Array(26), shouldTerminateNavigation: false, executionTime: 0, nextTab: home} @ https://a.slack-edge.com/bv1-13-br/gantry-v2-shared.cdda0aad0eba53be.min.js?cacheKey=gantry-1788679051:46
[  487326ms] [INFO] Sep-06 11:14:24.517 [NAVIGATION-MIDDLEWARE] Finish middleware execution for primary container {maybeTransformedViewSet: Object, maybeTransformedSplitView: undefined, terminateNavigation: false, isViewTransformed: false, iterationCount: 1} @ https://a.slack-edge.com/bv1-13-br/gantry-v2-shared.cdda0aad0eba53be.min.js?cacheKey=gantry-1788679051:46
[  487326ms] [INFO] Sep-06 11:14:24.517 [NAVIGATION-MIDDLEWARE] Finish middleware execution for primary container {maybeTransformedViewSet: Object, maybeTransformedSplitView: undefined, terminateNavigation: false, isViewTransformed: true, iterationCount: 0} @ https://a.slack-edge.com/bv1-13-br/gantry-v2-shared.cdda0aad0eba53be.min.js?cacheKey=gantry-1788679051:46
[  487326ms] [INFO] Sep-06 11:14:24.517 [NAVIGATION-MIDDLEWARE] Navigation middleware execution is complete {maybeUpdatedViewSet: Object, maybeUpdatedSplitView: undefined, terminateNavigation: false, executionTime: 0.8000000007450581, nextTab: home} @ https://a.slack-edge.com/bv1-13-br/gantry-v2-shared.cdda0aad0eba53be.min.js?cacheKey=gantry-1788679051:46
[  487326ms] [INFO] Sep-06 11:14:24.517 [NAVIGATE-IN-MAIN-WIND] Built view set after middleware {viewSet: Object, splitView: undefined, nextTab: home} @ https://a.slack-edge.com/bv1-13-br/gantry-v2-shared.cdda0aad0eba53be.min.js?cacheKey=gantry-1788679051:46
[  487327ms] [INFO] Sep-06 11:14:24.518 [NAVIGATE-LISTENERS] (TNWA8QCGZ) Starting navigation listeners for triggerType NAVIGATION @ https://a.slack-edge.com/bv1-13-br/gantry-v2-shared.cdda0aad0eba53be.min.js?cacheKey=gantry-1788679051:46
[  487328ms] [INFO] Sep-06 11:14:24.519 [MARK-MOST-RECENT] (TNWA8QCGZ) Skip marking most recent message in CTT84KXK9 as read because getLatestTs (1788459576.797159) is less than getLastReadTs (1788548732.310389) @ https://a.slack-edge.com/bv1-13-br/gantry-v2-shared.cdda0aad0eba53be.min.js?cacheKey=gantry-1788679051:46
[  487329ms] [INFO] Sep-06 11:14:24.519 [NAVIGATE-LISTENERS] (TNWA8QCGZ) Navigation listeners complete without errors @ https://a.slack-edge.com/bv1-13-br/gantry-v2-shared.cdda0aad0eba53be.min.js?cacheKey=gantry-1788679051:46
[  487329ms] [INFO] Sep-06 11:14:24.519 [NAVIGATE-IN-MAIN-WIND]  Navigation thunk execution complete {id: CTT84KXK9, viewType: Channel, viewParams: undefined, options: Object} @ https://a.slack-edge.com/bv1-13-br/gantry-v2-shared.cdda0aad0eba53be.min.js?cacheKey=gantry-1788679051:46
[  487343ms] [INFO] Sep-06 11:14:24.534 [MESSAGE-LIST] (TNWA8QCGZ) getScrollmark reason:channel_change channelId:CTT84RS0P at end @ https://a.slack-edge.com/bv1-13-br/gantry-v2-shared.cdda0aad0eba53be.min.js?cacheKey=gantry-1788679051:46
[  487344ms] [INFO] Sep-06 11:14:24.534 [MESSAGE-LIST] (TNWA8QCGZ) Switching channels: CTT84KXK9 timestamps: 0 @ https://a.slack-edge.com/bv1-13-br/gantry-v2-shared.cdda0aad0eba53be.min.js?cacheKey=gantry-1788679051:46
[  487344ms] [INFO] Sep-06 11:14:24.535 [MESSAGE-LIST] (TNWA8QCGZ) requestAround channelId: CTT84KXK9 isLoading: false timestamps: 0 reachedStart: false reachedEnd: false @ https://a.slack-edge.com/bv1-13-br/gantry-v2-shared.cdda0aad0eba53be.min.js?cacheKey=gantry-1788679051:46
[  487344ms] [INFO] Sep-06 11:14:24.535 [HISTORY-FETCH] (TNWA8QCGZ) Fetching history for message pane: CTT84KXK9 oldest: null latest: null @ https://a.slack-edge.com/bv1-13-br/gantry-v2-shared.cdda0aad0eba53be.min.js?cacheKey=gantry-1788679051:46
[  487345ms] [INFO] Sep-06 11:14:24.535 [API-Q] (TNWA8QCGZ) 32962251-1788682464.535 conversations.history called with reason: message-pane/requestHistory @ https://a.slack-edge.com/bv1-13-br/gantry-v2-shared.cdda0aad0eba53be.min.js?cacheKey=gantry-1788679051:46
[  487345ms] [INFO] Sep-06 11:14:24.535 [API-Q] (TNWA8QCGZ) 32962251-1788682464.535 conversations.history is ENQUEUED @ https://a.slack-edge.com/bv1-13-br/gantry-v2-shared.cdda0aad0eba53be.min.js?cacheKey=gantry-1788679051:46
[  487376ms] [INFO] Sep-06 11:14:24.567 [MESSAGE-LIST] (TNWA8QCGZ) requestAround channelId: CTT84KXK9 isLoading: false timestamps: 0 reachedStart: false reachedEnd: false @ https://a.slack-edge.com/bv1-13-br/gantry-v2-shared.cdda0aad0eba53be.min.js?cacheKey=gantry-1788679051:46
[  487376ms] [INFO] Sep-06 11:14:24.567 [MESSAGE-LIST] (TNWA8QCGZ) requestAround channelId: CTT84KXK9 isLoading: false timestamps: 0 reachedStart: false reachedEnd: false @ https://a.slack-edge.com/bv1-13-br/gantry-v2-shared.cdda0aad0eba53be.min.js?cacheKey=gantry-1788679051:46
[  487381ms] [INFO] Sep-06 11:14:24.572 [API-Q] (TNWA8QCGZ) 32962251-1788682464.571 megaphone.notifications.list called with reason: load-megaphone-notification-data @ https://a.slack-edge.com/bv1-13-br/gantry-v2-shared.cdda0aad0eba53be.min.js?cacheKey=gantry-1788679051:46
[  487381ms] [INFO] Sep-06 11:14:24.572 [API-Q] (TNWA8QCGZ) 32962251-1788682464.571 megaphone.notifications.list is ENQUEUED @ https://a.slack-edge.com/bv1-13-br/gantry-v2-shared.cdda0aad0eba53be.min.js?cacheKey=gantry-1788679051:46
[  487382ms] [INFO] Sep-06 11:14:24.572 [API-Q] (TNWA8QCGZ) 32962251-1788682464.572 megaphone.notifications.list called with reason: channel_opened_with_slack_connect_invites_created @ https://a.slack-edge.com/bv1-13-br/gantry-v2-shared.cdda0aad0eba53be.min.js?cacheKey=gantry-1788679051:46
[  487382ms] [INFO] Sep-06 11:14:24.573 [API-Q] (TNWA8QCGZ) 32962251-1788682464.572 megaphone.notifications.list is ENQUEUED @ https://a.slack-edge.com/bv1-13-br/gantry-v2-shared.cdda0aad0eba53be.min.js?cacheKey=gantry-1788679051:46
[  487385ms] [INFO] Sep-06 11:14:24.575 [API-Q] (TNWA8QCGZ) noversion-1788682464.575 Flannel users/list called with reason: flannel-call:users/list @ https://a.slack-edge.com/bv1-13-br/gantry-v2-shared.cdda0aad0eba53be.min.js?cacheKey=gantry-1788679051:46
[  487385ms] [INFO] Sep-06 11:14:24.575 [API-Q] (TNWA8QCGZ) noversion-1788682464.575 Flannel users/list is ENQUEUED @ https://a.slack-edge.com/bv1-13-br/gantry-v2-shared.cdda0aad0eba53be.min.js?cacheKey=gantry-1788679051:46
[  487385ms] [INFO] Sep-06 11:14:24.576 [API-Q] (TNWA8QCGZ) noversion-1788682464.576 Flannel permissions/info called with reason: flannel-call:permissions/info @ https://a.slack-edge.com/bv1-13-br/gantry-v2-shared.cdda0aad0eba53be.min.js?cacheKey=gantry-1788679051:46
[  487385ms] [INFO] Sep-06 11:14:24.576 [API-Q] (TNWA8QCGZ) noversion-1788682464.576 Flannel permissions/info is ENQUEUED @ https://a.slack-edge.com/bv1-13-br/gantry-v2-shared.cdda0aad0eba53be.min.js?cacheKey=gantry-1788679051:46
[  487385ms] [INFO] Sep-06 11:14:24.576 [API-Q] (TNWA8QCGZ) 32962251-1788682464.535 conversations.history is ACTIVE @ https://a.slack-edge.com/bv1-13-br/gantry-v2-shared.cdda0aad0eba53be.min.js?cacheKey=gantry-1788679051:46
[  487386ms] [INFO] Sep-06 11:14:24.576 [API-Q] (TNWA8QCGZ) 32962251-1788682464.571 megaphone.notifications.list is ACTIVE @ https://a.slack-edge.com/bv1-13-br/gantry-v2-shared.cdda0aad0eba53be.min.js?cacheKey=gantry-1788679051:46
[  487386ms] [INFO] Sep-06 11:14:24.576 [API-Q] (TNWA8QCGZ) 32962251-1788682464.572 megaphone.notifications.list is ACTIVE @ https://a.slack-edge.com/bv1-13-br/gantry-v2-shared.cdda0aad0eba53be.min.js?cacheKey=gantry-1788679051:46
[  487386ms] [INFO] Sep-06 11:14:24.576 [API-Q] (TNWA8QCGZ) noversion-1788682464.575 Flannel users/list is ACTIVE @ https://a.slack-edge.com/bv1-13-br/gantry-v2-shared.cdda0aad0eba53be.min.js?cacheKey=gantry-1788679051:46
[  487386ms] [INFO] Sep-06 11:14:24.577 [API-Q] (TNWA8QCGZ) noversion-1788682464.576 Flannel permissions/info is ACTIVE @ https://a.slack-edge.com/bv1-13-br/gantry-v2-shared.cdda0aad0eba53be.min.js?cacheKey=gantry-1788679051:46
[  487395ms] [INFO] Sep-06 11:14:24.586 [API-Q] (TNWA8QCGZ) 32962251-1788682464.586 conversations.listPrefs called with reason: client_redux_store @ https://a.slack-edge.com/bv1-13-br/gantry-v2-shared.cdda0aad0eba53be.min.js?cacheKey=gantry-1788679051:46
[  487395ms] [INFO] Sep-06 11:14:24.586 [API-Q] (TNWA8QCGZ) 32962251-1788682464.586 conversations.listPrefs is ENQUEUED @ https://a.slack-edge.com/bv1-13-br/gantry-v2-shared.cdda0aad0eba53be.min.js?cacheKey=gantry-1788679051:46
[  487396ms] [INFO] Sep-06 11:14:24.586 [API-Q] (TNWA8QCGZ) 32962251-1788682464.586 conversations.listPrefs is ACTIVE @ https://a.slack-edge.com/bv1-13-br/gantry-v2-shared.cdda0aad0eba53be.min.js?cacheKey=gantry-1788679051:46
[  487396ms] [INFO] Sep-06 11:14:24.586 [UFM-PERMISSIONS] (TNWA8QCGZ) requesting SET_CHANNEL_TOPIC,ASSIGN_CHANNEL_MANAGER,CAN_AT_CHANNEL,CAN_AT_EVERYONE,ARCHIVE_CHANNEL (1) @ https://a.slack-edge.com/bv1-13-br/gantry-v2-shared.cdda0aad0eba53be.min.js?cacheKey=gantry-1788679051:46
[  487396ms] [INFO] Sep-06 11:14:24.586 [API-Q] (TNWA8QCGZ) noversion-1788682464.586 Flannel permissions/info called with reason: flannel-call:permissions/info @ https://a.slack-edge.com/bv1-13-br/gantry-v2-shared.cdda0aad0eba53be.min.js?cacheKey=gantry-1788679051:46
[  487396ms] [INFO] Sep-06 11:14:24.586 [API-Q] (TNWA8QCGZ) noversion-1788682464.586 Flannel permissions/info is ENQUEUED @ https://a.slack-edge.com/bv1-13-br/gantry-v2-shared.cdda0aad0eba53be.min.js?cacheKey=gantry-1788679051:46
[  487396ms] [INFO] Sep-06 11:14:24.587 [API-Q] (TNWA8QCGZ) noversion-1788682464.586 Flannel permissions/info is ACTIVE @ https://a.slack-edge.com/bv1-13-br/gantry-v2-shared.cdda0aad0eba53be.min.js?cacheKey=gantry-1788679051:46
[  487396ms] [INFO] Sep-06 11:14:24.587 [UFM-FLANNELEMOJI] (TNWA8QCGZ) requesting 1 objects (1) @ https://a.slack-edge.com/bv1-13-br/gantry-v2-shared.cdda0aad0eba53be.min.js?cacheKey=gantry-1788679051:46
[  487396ms] [INFO] Sep-06 11:14:24.587 [API-Q] (TNWA8QCGZ) noversion-1788682464.587 Flannel emojis/info called with reason: flannel-call:emojis/info @ https://a.slack-edge.com/bv1-13-br/gantry-v2-shared.cdda0aad0eba53be.min.js?cacheKey=gantry-1788679051:46
[  487396ms] [INFO] Sep-06 11:14:24.587 [API-Q] (TNWA8QCGZ) noversion-1788682464.587 Flannel emojis/info is ENQUEUED @ https://a.slack-edge.com/bv1-13-br/gantry-v2-shared.cdda0aad0eba53be.min.js?cacheKey=gantry-1788679051:46
[  487397ms] [INFO] Sep-06 11:14:24.587 [API-Q] (TNWA8QCGZ) noversion-1788682464.587 Flannel emojis/info is ACTIVE @ https://a.slack-edge.com/bv1-13-br/gantry-v2-shared.cdda0aad0eba53be.min.js?cacheKey=gantry-1788679051:46
[  487397ms] [INFO] Sep-06 11:14:24.587 [API-Q] (TNWA8QCGZ) noversion-1788682464.587 Flannel users/counts called with reason: flannel-call:users/counts @ https://a.slack-edge.com/bv1-13-br/gantry-v2-shared.cdda0aad0eba53be.min.js?cacheKey=gantry-1788679051:46
[  487397ms] [INFO] Sep-06 11:14:24.587 [API-Q] (TNWA8QCGZ) noversion-1788682464.587 Flannel users/counts is ENQUEUED @ https://a.slack-edge.com/bv1-13-br/gantry-v2-shared.cdda0aad0eba53be.min.js?cacheKey=gantry-1788679051:46
[  487397ms] [INFO] Sep-06 11:14:24.588 [API-Q] (TNWA8QCGZ) noversion-1788682464.587 Flannel users/counts is ACTIVE @ https://a.slack-edge.com/bv1-13-br/gantry-v2-shared.cdda0aad0eba53be.min.js?cacheKey=gantry-1788679051:46
[  487397ms] [INFO] Sep-06 11:14:24.588 [UFM] (TNWA8QCGZ) requesting CTT84KXK9 (1) @ https://a.slack-edge.com/bv1-13-br/gantry-v2-shared.cdda0aad0eba53be.min.js?cacheKey=gantry-1788679051:46
[  487397ms] [INFO] Sep-06 11:14:24.588 [UFM] (TNWA8QCGZ) received CTT84KXK9 (1) @ https://a.slack-edge.com/bv1-13-br/gantry-v2-shared.cdda0aad0eba53be.min.js?cacheKey=gantry-1788679051:46
[  487401ms] [INFO] Sep-06 11:14:24.591 [API-Q] (TNWA8QCGZ) 32962251-1788682464.591 bookmarks.list called with reason: bookmarks-store/conditional-fetching @ https://a.slack-edge.com/bv1-13-br/gantry-v2-shared.cdda0aad0eba53be.min.js?cacheKey=gantry-1788679051:46
[  487401ms] [INFO] Sep-06 11:14:24.591 [API-Q] (TNWA8QCGZ) 32962251-1788682464.591 bookmarks.list is ENQUEUED @ https://a.slack-edge.com/bv1-13-br/gantry-v2-shared.cdda0aad0eba53be.min.js?cacheKey=gantry-1788679051:46
[  487401ms] [INFO] Sep-06 11:14:24.592 [API-Q] (TNWA8QCGZ) 32962251-1788682464.591 bookmarks.list is ACTIVE @ https://a.slack-edge.com/bv1-13-br/gantry-v2-shared.cdda0aad0eba53be.min.js?cacheKey=gantry-1788679051:46
[  487403ms] [INFO] Sep-06 11:14:24.593 [MESSAGE-LIST] (TNWA8QCGZ) componentWillReceiveProps isLoading: true isLoadingOlder: false timestamps: 0 @ https://a.slack-edge.com/bv1-13-br/gantry-v2-shared.cdda0aad0eba53be.min.js?cacheKey=gantry-1788679051:46
[  487450ms] [INFO] Sep-06 11:14:24.641 [API-Q] (TNWA8QCGZ) noversion-1788682464.575 Flannel users/list is RESOLVED @ https://a.slack-edge.com/bv1-13-br/gantry-v2-shared.cdda0aad0eba53be.min.js?cacheKey=gantry-1788679051:46
[  487459ms] [INFO] Sep-06 11:14:24.649 [API-Q] (TNWA8QCGZ) noversion-1788682464.587 Flannel emojis/info is RESOLVED @ https://a.slack-edge.com/bv1-13-br/gantry-v2-shared.cdda0aad0eba53be.min.js?cacheKey=gantry-1788679051:46
[  487459ms] [INFO] Sep-06 11:14:24.650 [UFM-FLANNELEMOJI] (TNWA8QCGZ) received 1 objects (1) @ https://a.slack-edge.com/bv1-13-br/gantry-v2-shared.cdda0aad0eba53be.min.js?cacheKey=gantry-1788679051:46
[  487461ms] [INFO] Sep-06 11:14:24.651 [API-Q] (TNWA8QCGZ) noversion-1788682464.576 Flannel permissions/info is RESOLVED @ https://a.slack-edge.com/bv1-13-br/gantry-v2-shared.cdda0aad0eba53be.min.js?cacheKey=gantry-1788679051:46
[  487467ms] [INFO] Sep-06 11:14:24.658 [API-Q] (TNWA8QCGZ) noversion-1788682464.587 Flannel users/counts is RESOLVED @ https://a.slack-edge.com/bv1-13-br/gantry-v2-shared.cdda0aad0eba53be.min.js?cacheKey=gantry-1788679051:46
[  487475ms] [INFO] Sep-06 11:14:24.666 [API-Q] (TNWA8QCGZ) noversion-1788682464.586 Flannel permissions/info is RESOLVED @ https://a.slack-edge.com/bv1-13-br/gantry-v2-shared.cdda0aad0eba53be.min.js?cacheKey=gantry-1788679051:46
[  487475ms] [INFO] Sep-06 11:14:24.666 [UFM-PERMISSIONS] (TNWA8QCGZ) received SET_CHANNEL_TOPIC,ASSIGN_CHANNEL_MANAGER,CAN_AT_CHANNEL,CAN_AT_EVERYONE,ARCHIVE_CHANNEL (1) @ https://a.slack-edge.com/bv1-13-br/gantry-v2-shared.cdda0aad0eba53be.min.js?cacheKey=gantry-1788679051:46
[  487580ms] [INFO] Sep-06 11:14:24.770 [API-Q] (TNWA8QCGZ) 32962251-1788682464.571 megaphone.notifications.list is RESOLVED @ https://a.slack-edge.com/bv1-13-br/gantry-v2-shared.cdda0aad0eba53be.min.js?cacheKey=gantry-1788679051:46
[  487613ms] [INFO] Sep-06 11:14:24.804 [API-Q] (TNWA8QCGZ) 32962251-1788682464.591 bookmarks.list is RESOLVED @ https://a.slack-edge.com/bv1-13-br/gantry-v2-shared.cdda0aad0eba53be.min.js?cacheKey=gantry-1788679051:46
[  487652ms] [INFO] Sep-06 11:14:24.842 [API-Q] (TNWA8QCGZ) noversion-1788682464.842 Flannel channels/membership called with reason: flannel-call:channels/membership @ https://a.slack-edge.com/bv1-13-br/gantry-v2-shared.cdda0aad0eba53be.min.js?cacheKey=gantry-1788679051:46
[  487652ms] [INFO] Sep-06 11:14:24.842 [API-Q] (TNWA8QCGZ) noversion-1788682464.842 Flannel channels/membership is ENQUEUED @ https://a.slack-edge.com/bv1-13-br/gantry-v2-shared.cdda0aad0eba53be.min.js?cacheKey=gantry-1788679051:46
[  487652ms] [INFO] Sep-06 11:14:24.843 [API-Q] (TNWA8QCGZ) noversion-1788682464.842 Flannel channels/membership is ACTIVE @ https://a.slack-edge.com/bv1-13-br/gantry-v2-shared.cdda0aad0eba53be.min.js?cacheKey=gantry-1788679051:46
[  487800ms] [INFO] Sep-06 11:14:24.990 [API-Q] (TNWA8QCGZ) 32962251-1788682464.535 conversations.history is RESOLVED @ https://a.slack-edge.com/bv1-13-br/gantry-v2-shared.cdda0aad0eba53be.min.js?cacheKey=gantry-1788679051:46
[  487802ms] [INFO] Sep-06 11:14:24.993 [PLATFORM-CHANNEL-ACTI] (TNWA8QCGZ) setting count for channel CTT84KXK9 to 0, and marking channel as stale. @ https://a.slack-edge.com/bv1-13-br/gantry-v2-shared.cdda0aad0eba53be.min.js?cacheKey=gantry-1788679051:46
[  487803ms] [INFO] Sep-06 11:14:24.993 [PINS] (TNWA8QCGZ) Pins count updated for channel CTT84KXK9: 1 @ https://a.slack-edge.com/bv1-13-br/gantry-v2-shared.cdda0aad0eba53be.min.js?cacheKey=gantry-1788679051:46
[  487817ms] [INFO] Sep-06 11:14:25.007 [MESSAGE-LIST] (TNWA8QCGZ) componentWillReceiveProps isLoading: false isLoadingOlder: false timestamps: 28 @ https://a.slack-edge.com/bv1-13-br/gantry-v2-shared.cdda0aad0eba53be.min.js?cacheKey=gantry-1788679051:46
[  487837ms] [INFO] Sep-06 11:14:25.028 [CHECK-UNREADS] (TNWA8QCGZ) unreadLineVisible updated in main window container primary: false -> true @ https://a.slack-edge.com/bv1-13-br/gantry-v2-shared.cdda0aad0eba53be.min.js?cacheKey=gantry-1788679051:46
[  487848ms] [INFO] Sep-06 11:14:25.038 [UFM-MEMBERS] (TNWA8QCGZ) requesting U09BU5ERLDS,U0BMEKBJGHM,U0BQ2SPAF8U,U05RAEVVA0Z,U0ANFQDL3JA,U0BARM59D9U,U0AUD2WSX1Q,U0BKJHZM49F,U0AJM09K603,U07BLFXJAJU,U09KS8FAZSM,U0AGZPBLUAJ,U085QUQ6WRK,U08P07Q9ECD,U0BDEV1D6J0,U05HTSTS291,U08GP9VPDJN (1) @ https://a.slack-edge.com/bv1-13-br/gantry-v2-shared.cdda0aad0eba53be.min.js?cacheKey=gantry-1788679051:46
[  487848ms] [INFO] Sep-06 11:14:25.038 [API-Q] (TNWA8QCGZ) noversion-1788682465.038 Flannel users/info called with reason: flannel-call:users/info @ https://a.slack-edge.com/bv1-13-br/gantry-v2-shared.cdda0aad0eba53be.min.js?cacheKey=gantry-1788679051:46
[  487848ms] [INFO] Sep-06 11:14:25.038 [API-Q] (TNWA8QCGZ) noversion-1788682465.038 Flannel users/info is ENQUEUED @ https://a.slack-edge.com/bv1-13-br/gantry-v2-shared.cdda0aad0eba53be.min.js?cacheKey=gantry-1788679051:46
[  487848ms] [INFO] Sep-06 11:14:25.039 [API-Q] (TNWA8QCGZ) noversion-1788682465.038 Flannel users/info is ACTIVE @ https://a.slack-edge.com/bv1-13-br/gantry-v2-shared.cdda0aad0eba53be.min.js?cacheKey=gantry-1788679051:46
[  487850ms] [INFO] Sep-06 11:14:25.040 [DND_V2] (TNWA8QCGZ) fetchAndUpsertDndForUsers - Preparing to fetch DND times for the following members: U07AHD11G2Y @ https://a.slack-edge.com/bv1-13-br/gantry-v2-shared.cdda0aad0eba53be.min.js?cacheKey=gantry-1788679051:46
[  487850ms] [INFO] Sep-06 11:14:25.041 [API-Q] (TNWA8QCGZ) 32962251-1788682465.040 dnd.teamInfo called with reason: fetchAndUpsertDndForUsers-getDndTimesFor:others @ https://a.slack-edge.com/bv1-13-br/gantry-v2-shared.cdda0aad0eba53be.min.js?cacheKey=gantry-1788679051:46
[  487850ms] [INFO] Sep-06 11:14:25.041 [API-Q] (TNWA8QCGZ) 32962251-1788682465.040 dnd.teamInfo is ENQUEUED @ https://a.slack-edge.com/bv1-13-br/gantry-v2-shared.cdda0aad0eba53be.min.js?cacheKey=gantry-1788679051:46
[  487850ms] [INFO] Sep-06 11:14:25.041 [API-Q] (TNWA8QCGZ) 32962251-1788682465.040 dnd.teamInfo is ACTIVE @ https://a.slack-edge.com/bv1-13-br/gantry-v2-shared.cdda0aad0eba53be.min.js?cacheKey=gantry-1788679051:46
[  487850ms] [INFO] Sep-06 11:14:25.041 [UFM-REACJITRIGGERS] (TNWA8QCGZ) requesting CTT84KXK9 (1) @ https://a.slack-edge.com/bv1-13-br/gantry-v2-shared.cdda0aad0eba53be.min.js?cacheKey=gantry-1788679051:46
[  487851ms] [INFO] Sep-06 11:14:25.041 [API-Q] (TNWA8QCGZ) 32962251-1788682465.041 conversations.bulkReacjiTriggers called with reason: reacji_triggers_ufm @ https://a.slack-edge.com/bv1-13-br/gantry-v2-shared.cdda0aad0eba53be.min.js?cacheKey=gantry-1788679051:46
[  487851ms] [INFO] Sep-06 11:14:25.041 [API-Q] (TNWA8QCGZ) 32962251-1788682465.041 conversations.bulkReacjiTriggers is ENQUEUED @ https://a.slack-edge.com/bv1-13-br/gantry-v2-shared.cdda0aad0eba53be.min.js?cacheKey=gantry-1788679051:46
[  487851ms] [INFO] Sep-06 11:14:25.041 [API-Q] (TNWA8QCGZ) 32962251-1788682465.041 conversations.bulkReacjiTriggers is ACTIVE @ https://a.slack-edge.com/bv1-13-br/gantry-v2-shared.cdda0aad0eba53be.min.js?cacheKey=gantry-1788679051:46
[  487851ms] [INFO] Sep-06 11:14:25.041 [UFM-FLANNELEMOJI] (TNWA8QCGZ) requesting 1 objects (1) @ https://a.slack-edge.com/bv1-13-br/gantry-v2-shared.cdda0aad0eba53be.min.js?cacheKey=gantry-1788679051:46
[  487851ms] [INFO] Sep-06 11:14:25.042 [API-Q] (TNWA8QCGZ) noversion-1788682465.042 Flannel emojis/info called with reason: flannel-call:emojis/info @ https://a.slack-edge.com/bv1-13-br/gantry-v2-shared.cdda0aad0eba53be.min.js?cacheKey=gantry-1788679051:46
[  487851ms] [INFO] Sep-06 11:14:25.042 [API-Q] (TNWA8QCGZ) noversion-1788682465.042 Flannel emojis/info is ENQUEUED @ https://a.slack-edge.com/bv1-13-br/gantry-v2-shared.cdda0aad0eba53be.min.js?cacheKey=gantry-1788679051:46
[  487851ms] [INFO] Sep-06 11:14:25.042 [API-Q] (TNWA8QCGZ) noversion-1788682465.042 Flannel emojis/info is ACTIVE @ https://a.slack-edge.com/bv1-13-br/gantry-v2-shared.cdda0aad0eba53be.min.js?cacheKey=gantry-1788679051:46
[  487851ms] [INFO] Sep-06 11:14:25.042 [UFM] (TNWA8QCGZ) requesting CTT84KXK9 (1) @ https://a.slack-edge.com/bv1-13-br/gantry-v2-shared.cdda0aad0eba53be.min.js?cacheKey=gantry-1788679051:46
[  487852ms] [INFO] Sep-06 11:14:25.042 [API-Q] (TNWA8QCGZ) noversion-1788682465.042 Flannel huddles/info called with reason: flannel-call:huddles/info @ https://a.slack-edge.com/bv1-13-br/gantry-v2-shared.cdda0aad0eba53be.min.js?cacheKey=gantry-1788679051:46
[  487852ms] [INFO] Sep-06 11:14:25.042 [API-Q] (TNWA8QCGZ) noversion-1788682465.042 Flannel huddles/info is ENQUEUED @ https://a.slack-edge.com/bv1-13-br/gantry-v2-shared.cdda0aad0eba53be.min.js?cacheKey=gantry-1788679051:46
[  487852ms] [INFO] Sep-06 11:14:25.042 [API-Q] (TNWA8QCGZ) noversion-1788682465.042 Flannel huddles/info is ACTIVE @ https://a.slack-edge.com/bv1-13-br/gantry-v2-shared.cdda0aad0eba53be.min.js?cacheKey=gantry-1788679051:46
[  487870ms] [INFO] Sep-06 11:14:25.060 [API-Q] (TNWA8QCGZ) 32962251-1788682464.586 conversations.listPrefs is RESOLVED @ https://a.slack-edge.com/bv1-13-br/gantry-v2-shared.cdda0aad0eba53be.min.js?cacheKey=gantry-1788679051:46
[  487911ms] [INFO] Sep-06 11:14:25.101 [API-Q] (TNWA8QCGZ) noversion-1788682465.038 Flannel users/info is RESOLVED @ https://a.slack-edge.com/bv1-13-br/gantry-v2-shared.cdda0aad0eba53be.min.js?cacheKey=gantry-1788679051:46
[  487911ms] [INFO] Sep-06 11:14:25.101 [UFM-MEMBERS] (TNWA8QCGZ) received U09BU5ERLDS,U0BMEKBJGHM,U0BQ2SPAF8U,U05RAEVVA0Z,U0ANFQDL3JA,U0BARM59D9U,U0AUD2WSX1Q,U0BKJHZM49F,U0AJM09K603,U07BLFXJAJU,U09KS8FAZSM,U0AGZPBLUAJ,U085QUQ6WRK,U08P07Q9ECD,U0BDEV1D6J0,U05HTSTS291,U08GP9VPDJN (1) @ https://a.slack-edge.com/bv1-13-br/gantry-v2-shared.cdda0aad0eba53be.min.js?cacheKey=gantry-1788679051:46
[  487914ms] [INFO] Sep-06 11:14:25.104 [API-Q] (TNWA8QCGZ) noversion-1788682465.104 Flannel users/info called with reason: flannel-call:users/info @ https://a.slack-edge.com/bv1-13-br/gantry-v2-shared.cdda0aad0eba53be.min.js?cacheKey=gantry-1788679051:46
[  487914ms] [INFO] Sep-06 11:14:25.104 [API-Q] (TNWA8QCGZ) noversion-1788682465.104 Flannel users/info is ENQUEUED @ https://a.slack-edge.com/bv1-13-br/gantry-v2-shared.cdda0aad0eba53be.min.js?cacheKey=gantry-1788679051:46
[  487914ms] [INFO] Sep-06 11:14:25.104 [API-Q] (TNWA8QCGZ) noversion-1788682465.104 Flannel users/info is ACTIVE @ https://a.slack-edge.com/bv1-13-br/gantry-v2-shared.cdda0aad0eba53be.min.js?cacheKey=gantry-1788679051:46
[  487914ms] [INFO] Sep-06 11:14:25.105 [API-Q] (TNWA8QCGZ) noversion-1788682465.042 Flannel emojis/info is RESOLVED @ https://a.slack-edge.com/bv1-13-br/gantry-v2-shared.cdda0aad0eba53be.min.js?cacheKey=gantry-1788679051:46
[  487915ms] [INFO] Sep-06 11:14:25.105 [UFM-FLANNELEMOJI] (TNWA8QCGZ) received 1 objects (1) @ https://a.slack-edge.com/bv1-13-br/gantry-v2-shared.cdda0aad0eba53be.min.js?cacheKey=gantry-1788679051:46
[  487916ms] [INFO] Sep-06 11:14:25.106 [API-Q] (TNWA8QCGZ) noversion-1788682465.042 Flannel huddles/info is RESOLVED @ https://a.slack-edge.com/bv1-13-br/gantry-v2-shared.cdda0aad0eba53be.min.js?cacheKey=gantry-1788679051:46
[  487916ms] [INFO] Sep-06 11:14:25.107 [UFM] (TNWA8QCGZ) received CTT84KXK9 (1) @ https://a.slack-edge.com/bv1-13-br/gantry-v2-shared.cdda0aad0eba53be.min.js?cacheKey=gantry-1788679051:46
[  487929ms] [INFO] Sep-06 11:14:25.119 [API-Q] (TNWA8QCGZ) noversion-1788682464.842 Flannel channels/membership is RESOLVED @ https://a.slack-edge.com/bv1-13-br/gantry-v2-shared.cdda0aad0eba53be.min.js?cacheKey=gantry-1788679051:46
[  487967ms] [INFO] Sep-06 11:14:25.157 [API-Q] (TNWA8QCGZ) 32962251-1788682464.572 megaphone.notifications.list is RESOLVED @ https://a.slack-edge.com/bv1-13-br/gantry-v2-shared.cdda0aad0eba53be.min.js?cacheKey=gantry-1788679051:46
[  487976ms] [INFO] Sep-06 11:14:25.167 [API-Q] (TNWA8QCGZ) noversion-1788682465.104 Flannel users/info is RESOLVED @ https://a.slack-edge.com/bv1-13-br/gantry-v2-shared.cdda0aad0eba53be.min.js?cacheKey=gantry-1788679051:46
[  488037ms] [INFO] Sep-06 11:14:25.228 [API-Q] (TNWA8QCGZ) 32962251-1788682465.040 dnd.teamInfo is RESOLVED @ https://a.slack-edge.com/bv1-13-br/gantry-v2-shared.cdda0aad0eba53be.min.js?cacheKey=gantry-1788679051:46
[  488037ms] [INFO] Sep-06 11:14:25.228 [DND] (TNWA8QCGZ) Fetched DND info for the following members: U07AHD11G2Y @ https://a.slack-edge.com/bv1-13-br/gantry-v2-shared.cdda0aad0eba53be.min.js?cacheKey=gantry-1788679051:46
[  488038ms] [INFO] Sep-06 11:14:25.228 [DND_V2] (TNWA8QCGZ) Will check for changes in DND status again in 5 minutes @ https://a.slack-edge.com/bv1-13-br/gantry-v2-shared.cdda0aad0eba53be.min.js?cacheKey=gantry-1788679051:46
[  488038ms] [INFO] Sep-06 11:14:25.229 [DND_V2] (TNWA8QCGZ) fetchAndUpsertDndForUsers - Preparing to fetch DND times for the following members: U0BQ2SPAF8U,U0BMEKBJGHM,U09BU5ERLDS @ https://a.slack-edge.com/bv1-13-br/gantry-v2-shared.cdda0aad0eba53be.min.js?cacheKey=gantry-1788679051:46
[  488039ms] [INFO] Sep-06 11:14:25.229 [API-Q] (TNWA8QCGZ) 32962251-1788682465.229 dnd.teamInfo called with reason: fetchAndUpsertDndForUsers-getDndTimesFor:others @ https://a.slack-edge.com/bv1-13-br/gantry-v2-shared.cdda0aad0eba53be.min.js?cacheKey=gantry-1788679051:46
[  488039ms] [INFO] Sep-06 11:14:25.229 [API-Q] (TNWA8QCGZ) 32962251-1788682465.229 dnd.teamInfo is ENQUEUED @ https://a.slack-edge.com/bv1-13-br/gantry-v2-shared.cdda0aad0eba53be.min.js?cacheKey=gantry-1788679051:46
[  488039ms] [INFO] Sep-06 11:14:25.229 [API-Q] (TNWA8QCGZ) 32962251-1788682465.229 dnd.teamInfo is ACTIVE @ https://a.slack-edge.com/bv1-13-br/gantry-v2-shared.cdda0aad0eba53be.min.js?cacheKey=gantry-1788679051:46
[  488051ms] [INFO] Sep-06 11:14:25.241 [API-Q] (TNWA8QCGZ) 32962251-1788682465.041 conversations.bulkReacjiTriggers is RESOLVED @ https://a.slack-edge.com/bv1-13-br/gantry-v2-shared.cdda0aad0eba53be.min.js?cacheKey=gantry-1788679051:46
[  488051ms] [INFO] Sep-06 11:14:25.241 [UFM-REACJITRIGGERS] (TNWA8QCGZ) received CTT84KXK9 (1) @ https://a.slack-edge.com/bv1-13-br/gantry-v2-shared.cdda0aad0eba53be.min.js?cacheKey=gantry-1788679051:46
[  488056ms] [INFO] Sep-06 11:14:25.246 [API-Q] (TNWA8QCGZ) noversion-1788682465.246 Flannel channels/membership called with reason: flannel-call:channels/membership @ https://a.slack-edge.com/bv1-13-br/gantry-v2-shared.cdda0aad0eba53be.min.js?cacheKey=gantry-1788679051:46
[  488056ms] [INFO] Sep-06 11:14:25.247 [API-Q] (TNWA8QCGZ) noversion-1788682465.246 Flannel channels/membership is ENQUEUED @ https://a.slack-edge.com/bv1-13-br/gantry-v2-shared.cdda0aad0eba53be.min.js?cacheKey=gantry-1788679051:46
[  488056ms] [INFO] Sep-06 11:14:25.247 [API-Q] (TNWA8QCGZ) noversion-1788682465.246 Flannel channels/membership is ACTIVE @ https://a.slack-edge.com/bv1-13-br/gantry-v2-shared.cdda0aad0eba53be.min.js?cacheKey=gantry-1788679051:46
[  488120ms] [INFO] Sep-06 11:14:25.310 [API-Q] (TNWA8QCGZ) noversion-1788682465.246 Flannel channels/membership is RESOLVED @ https://a.slack-edge.com/bv1-13-br/gantry-v2-shared.cdda0aad0eba53be.min.js?cacheKey=gantry-1788679051:46
[  488196ms] [INFO] Sep-06 11:14:25.387 [CHECK-UNREADS] (TNWA8QCGZ) Checking unreads after unread line became visible @ https://a.slack-edge.com/bv1-13-br/gantry-v2-shared.cdda0aad0eba53be.min.js?cacheKey=gantry-1788679051:46
[  488196ms] [INFO] Sep-06 11:14:25.387 [CHECK-UNREADS] (TNWA8QCGZ) Not marking CTT84KXK9 because last_read >= latest && channel is read @ https://a.slack-edge.com/bv1-13-br/gantry-v2-shared.cdda0aad0eba53be.min.js?cacheKey=gantry-1788679051:46
[  488239ms] [INFO] Sep-06 11:14:25.430 [API-Q] (TNWA8QCGZ) 32962251-1788682465.229 dnd.teamInfo is RESOLVED @ https://a.slack-edge.com/bv1-13-br/gantry-v2-shared.cdda0aad0eba53be.min.js?cacheKey=gantry-1788679051:46
[  488240ms] [INFO] Sep-06 11:14:25.430 [DND] (TNWA8QCGZ) Fetched DND info for the following members: U0BQ2SPAF8U,U0BMEKBJGHM,U09BU5ERLDS @ https://a.slack-edge.com/bv1-13-br/gantry-v2-shared.cdda0aad0eba53be.min.js?cacheKey=gantry-1788679051:46
[  488240ms] [INFO] Sep-06 11:14:25.431 [DND_V2] (TNWA8QCGZ) Will check for changes in DND status again in 5 minutes @ https://a.slack-edge.com/bv1-13-br/gantry-v2-shared.cdda0aad0eba53be.min.js?cacheKey=gantry-1788679051:46
[  490103ms] [INFO] Sep-06 11:14:27.293 [NAVIGATE-IN-MAIN-WIND] Starting a new navigation event {id: C05JRT1GKEE, viewType: Channel, viewParams: undefined, options: Object} @ https://a.slack-edge.com/bv1-13-br/gantry-v2-shared.cdda0aad0eba53be.min.js?cacheKey=gantry-1788679051:46
[  490104ms] [INFO] Sep-06 11:14:27.294 [APPLY-DETAIL-VIEW] ViewSet with detail view applied {viewSet: Object} @ https://a.slack-edge.com/bv1-13-br/gantry-v2-shared.cdda0aad0eba53be.min.js?cacheKey=gantry-1788679051:46
[  490104ms] [INFO] Sep-06 11:14:27.294 [NAVIGATE-IN-MAIN-WIND] Applying changes to the primary container {viewSet: Object, nextTab: home} @ https://a.slack-edge.com/bv1-13-br/gantry-v2-shared.cdda0aad0eba53be.min.js?cacheKey=gantry-1788679051:46
[  490104ms] [INFO] Sep-06 11:14:27.295 [NAVIGATION-MIDDLEWARE] Starting a new navigation middleware execution {context: navigation, nextViewSet: Object, nextSplitView: undefined, middlewareCount: 26, nextTab: home} @ https://a.slack-edge.com/bv1-13-br/gantry-v2-shared.cdda0aad0eba53be.min.js?cacheKey=gantry-1788679051:46
[  490104ms] [INFO] Sep-06 11:14:27.295 [NAVIGATION-MIDDLEWARE] Async action execution is complete for a view {nextView: Object, results: Array(26), shouldTerminateNavigation: false, executionTime: 0.2999999988824129, nextTab: home} @ https://a.slack-edge.com/bv1-13-br/gantry-v2-shared.cdda0aad0eba53be.min.js?cacheKey=gantry-1788679051:46
[  490105ms] [INFO] Sep-06 11:14:27.295 [NAVIGATION-MIDDLEWARE] Finish middleware execution for sidebar container {maybeTransformedViewSet: Object, maybeTransformedSplitView: undefined, terminateNavigation: false, isViewTransformed: false, iterationCount: 0} @ https://a.slack-edge.com/bv1-13-br/gantry-v2-shared.cdda0aad0eba53be.min.js?cacheKey=gantry-1788679051:46
[  490105ms] [INFO] Sep-06 11:14:27.295 [NAVIGATION-MIDDLEWARE] Async action execution is complete for a view {nextView: Object, results: Array(26), shouldTerminateNavigation: false, executionTime: 0, nextTab: home} @ https://a.slack-edge.com/bv1-13-br/gantry-v2-shared.cdda0aad0eba53be.min.js?cacheKey=gantry-1788679051:46
[  490105ms] [INFO] Sep-06 11:14:27.295 [APPLY-DETAIL-VIEW] ViewSet with detail view applied {viewSet: Object} @ https://a.slack-edge.com/bv1-13-br/gantry-v2-shared.cdda0aad0eba53be.min.js?cacheKey=gantry-1788679051:46
[  490105ms] [INFO] Sep-06 11:14:27.296 [NAVIGATION-MIDDLEWARE] View has been transformed {container: primary, initialView: Object, transformedView: Object, iterationCount: 0} @ https://a.slack-edge.com/bv1-13-br/gantry-v2-shared.cdda0aad0eba53be.min.js?cacheKey=gantry-1788679051:46
[  490105ms] [INFO] Sep-06 11:14:27.296 [NAVIGATION-MIDDLEWARE] Skipping middleware execution for sidebar container as we have cached value {initialView: Object, iterationCount: 1} @ https://a.slack-edge.com/bv1-13-br/gantry-v2-shared.cdda0aad0eba53be.min.js?cacheKey=gantry-1788679051:46
[  490105ms] [INFO] Sep-06 11:14:27.296 [NAVIGATION-MIDDLEWARE] Async action execution is complete for a view {nextView: Object, results: Array(26), shouldTerminateNavigation: false, executionTime: 0, nextTab: home} @ https://a.slack-edge.com/bv1-13-br/gantry-v2-shared.cdda0aad0eba53be.min.js?cacheKey=gantry-1788679051:46
[  490105ms] [INFO] Sep-06 11:14:27.296 [NAVIGATION-MIDDLEWARE] Finish middleware execution for primary container {maybeTransformedViewSet: Object, maybeTransformedSplitView: undefined, terminateNavigation: false, isViewTransformed: false, iterationCount: 1} @ https://a.slack-edge.com/bv1-13-br/gantry-v2-shared.cdda0aad0eba53be.min.js?cacheKey=gantry-1788679051:46
[  490105ms] [INFO] Sep-06 11:14:27.296 [NAVIGATION-MIDDLEWARE] Finish middleware execution for primary container {maybeTransformedViewSet: Object, maybeTransformedSplitView: undefined, terminateNavigation: false, isViewTransformed: true, iterationCount: 0} @ https://a.slack-edge.com/bv1-13-br/gantry-v2-shared.cdda0aad0eba53be.min.js?cacheKey=gantry-1788679051:46
[  490105ms] [INFO] Sep-06 11:14:27.296 [NAVIGATION-MIDDLEWARE] Navigation middleware execution is complete {maybeUpdatedViewSet: Object, maybeUpdatedSplitView: undefined, terminateNavigation: false, executionTime: 1.099999999627471, nextTab: home} @ https://a.slack-edge.com/bv1-13-br/gantry-v2-shared.cdda0aad0eba53be.min.js?cacheKey=gantry-1788679051:46
[  490105ms] [INFO] Sep-06 11:14:27.296 [NAVIGATE-IN-MAIN-WIND] Built view set after middleware {viewSet: Object, splitView: undefined, nextTab: home} @ https://a.slack-edge.com/bv1-13-br/gantry-v2-shared.cdda0aad0eba53be.min.js?cacheKey=gantry-1788679051:46
[  490107ms] [INFO] Sep-06 11:14:27.297 [NAVIGATE-LISTENERS] (TNWA8QCGZ) Starting navigation listeners for triggerType NAVIGATION @ https://a.slack-edge.com/bv1-13-br/gantry-v2-shared.cdda0aad0eba53be.min.js?cacheKey=gantry-1788679051:46
[  490108ms] [INFO] Sep-06 11:14:27.298 [MARK-MOST-RECENT] (TNWA8QCGZ) Skip marking most recent message in C05JRT1GKEE as read because getLatestTs (1788541818.862299) is less than getLastReadTs (1788629250.244889) @ https://a.slack-edge.com/bv1-13-br/gantry-v2-shared.cdda0aad0eba53be.min.js?cacheKey=gantry-1788679051:46
[  490108ms] [INFO] Sep-06 11:14:27.299 [NAVIGATE-LISTENERS] (TNWA8QCGZ) Navigation listeners complete without errors @ https://a.slack-edge.com/bv1-13-br/gantry-v2-shared.cdda0aad0eba53be.min.js?cacheKey=gantry-1788679051:46
[  490108ms] [INFO] Sep-06 11:14:27.299 [NAVIGATE-IN-MAIN-WIND]  Navigation thunk execution complete {id: C05JRT1GKEE, viewType: Channel, viewParams: undefined, options: Object} @ https://a.slack-edge.com/bv1-13-br/gantry-v2-shared.cdda0aad0eba53be.min.js?cacheKey=gantry-1788679051:46
[  490119ms] [INFO] Sep-06 11:14:27.310 [MESSAGE-LIST] (TNWA8QCGZ) getScrollmark reason:channel_change channelId:CTT84KXK9 at end @ https://a.slack-edge.com/bv1-13-br/gantry-v2-shared.cdda0aad0eba53be.min.js?cacheKey=gantry-1788679051:46
[  490120ms] [INFO] Sep-06 11:14:27.311 [MESSAGE-LIST] (TNWA8QCGZ) Switching channels: C05JRT1GKEE timestamps: 0 @ https://a.slack-edge.com/bv1-13-br/gantry-v2-shared.cdda0aad0eba53be.min.js?cacheKey=gantry-1788679051:46
[  490120ms] [INFO] Sep-06 11:14:27.311 [MESSAGE-LIST] (TNWA8QCGZ) requestAround channelId: C05JRT1GKEE isLoading: false timestamps: 0 reachedStart: false reachedEnd: false @ https://a.slack-edge.com/bv1-13-br/gantry-v2-shared.cdda0aad0eba53be.min.js?cacheKey=gantry-1788679051:46
[  490120ms] [INFO] Sep-06 11:14:27.311 [HISTORY-FETCH] (TNWA8QCGZ) Fetching history for message pane: C05JRT1GKEE oldest: null latest: null @ https://a.slack-edge.com/bv1-13-br/gantry-v2-shared.cdda0aad0eba53be.min.js?cacheKey=gantry-1788679051:46
[  490121ms] [INFO] Sep-06 11:14:27.311 [API-Q] (TNWA8QCGZ) 32962251-1788682467.311 conversations.history called with reason: message-pane/requestHistory @ https://a.slack-edge.com/bv1-13-br/gantry-v2-shared.cdda0aad0eba53be.min.js?cacheKey=gantry-1788679051:46
[  490121ms] [INFO] Sep-06 11:14:27.311 [API-Q] (TNWA8QCGZ) 32962251-1788682467.311 conversations.history is ENQUEUED @ https://a.slack-edge.com/bv1-13-br/gantry-v2-shared.cdda0aad0eba53be.min.js?cacheKey=gantry-1788679051:46
[  490152ms] [INFO] Sep-06 11:14:27.342 [MESSAGE-LIST] (TNWA8QCGZ) requestAround channelId: C05JRT1GKEE isLoading: false timestamps: 0 reachedStart: false reachedEnd: false @ https://a.slack-edge.com/bv1-13-br/gantry-v2-shared.cdda0aad0eba53be.min.js?cacheKey=gantry-1788679051:46
[  490152ms] [INFO] Sep-06 11:14:27.343 [MESSAGE-LIST] (TNWA8QCGZ) requestAround channelId: C05JRT1GKEE isLoading: false timestamps: 0 reachedStart: false reachedEnd: false @ https://a.slack-edge.com/bv1-13-br/gantry-v2-shared.cdda0aad0eba53be.min.js?cacheKey=gantry-1788679051:46
[  490157ms] [INFO] Sep-06 11:14:27.347 [API-Q] (TNWA8QCGZ) 32962251-1788682467.347 megaphone.notifications.list called with reason: load-megaphone-notification-data @ https://a.slack-edge.com/bv1-13-br/gantry-v2-shared.cdda0aad0eba53be.min.js?cacheKey=gantry-1788679051:46
[  490157ms] [INFO] Sep-06 11:14:27.348 [API-Q] (TNWA8QCGZ) 32962251-1788682467.347 megaphone.notifications.list is ENQUEUED @ https://a.slack-edge.com/bv1-13-br/gantry-v2-shared.cdda0aad0eba53be.min.js?cacheKey=gantry-1788679051:46
[  490158ms] [INFO] Sep-06 11:14:27.348 [API-Q] (TNWA8QCGZ) 32962251-1788682467.348 megaphone.notifications.list called with reason: channel_opened_with_slack_connect_invites_created @ https://a.slack-edge.com/bv1-13-br/gantry-v2-shared.cdda0aad0eba53be.min.js?cacheKey=gantry-1788679051:46
[  490158ms] [INFO] Sep-06 11:14:27.348 [API-Q] (TNWA8QCGZ) 32962251-1788682467.348 megaphone.notifications.list is ENQUEUED @ https://a.slack-edge.com/bv1-13-br/gantry-v2-shared.cdda0aad0eba53be.min.js?cacheKey=gantry-1788679051:46
[  490161ms] [INFO] Sep-06 11:14:27.352 [API-Q] (TNWA8QCGZ) noversion-1788682467.352 Flannel users/list called with reason: flannel-call:users/list @ https://a.slack-edge.com/bv1-13-br/gantry-v2-shared.cdda0aad0eba53be.min.js?cacheKey=gantry-1788679051:46
[  490161ms] [INFO] Sep-06 11:14:27.352 [API-Q] (TNWA8QCGZ) noversion-1788682467.352 Flannel users/list is ENQUEUED @ https://a.slack-edge.com/bv1-13-br/gantry-v2-shared.cdda0aad0eba53be.min.js?cacheKey=gantry-1788679051:46
[  490161ms] [INFO] Sep-06 11:14:27.352 [API-Q] (TNWA8QCGZ) noversion-1788682467.352 Flannel permissions/info called with reason: flannel-call:permissions/info @ https://a.slack-edge.com/bv1-13-br/gantry-v2-shared.cdda0aad0eba53be.min.js?cacheKey=gantry-1788679051:46
[  490161ms] [INFO] Sep-06 11:14:27.352 [API-Q] (TNWA8QCGZ) noversion-1788682467.352 Flannel permissions/info is ENQUEUED @ https://a.slack-edge.com/bv1-13-br/gantry-v2-shared.cdda0aad0eba53be.min.js?cacheKey=gantry-1788679051:46
[  490162ms] [INFO] Sep-06 11:14:27.352 [API-Q] (TNWA8QCGZ) 32962251-1788682467.311 conversations.history is ACTIVE @ https://a.slack-edge.com/bv1-13-br/gantry-v2-shared.cdda0aad0eba53be.min.js?cacheKey=gantry-1788679051:46
[  490162ms] [INFO] Sep-06 11:14:27.352 [API-Q] (TNWA8QCGZ) 32962251-1788682467.347 megaphone.notifications.list is ACTIVE @ https://a.slack-edge.com/bv1-13-br/gantry-v2-shared.cdda0aad0eba53be.min.js?cacheKey=gantry-1788679051:46
[  490162ms] [INFO] Sep-06 11:14:27.352 [API-Q] (TNWA8QCGZ) 32962251-1788682467.348 megaphone.notifications.list is ACTIVE @ https://a.slack-edge.com/bv1-13-br/gantry-v2-shared.cdda0aad0eba53be.min.js?cacheKey=gantry-1788679051:46
[  490162ms] [INFO] Sep-06 11:14:27.353 [API-Q] (TNWA8QCGZ) noversion-1788682467.352 Flannel users/list is ACTIVE @ https://a.slack-edge.com/bv1-13-br/gantry-v2-shared.cdda0aad0eba53be.min.js?cacheKey=gantry-1788679051:46
[  490162ms] [INFO] Sep-06 11:14:27.353 [API-Q] (TNWA8QCGZ) noversion-1788682467.352 Flannel permissions/info is ACTIVE @ https://a.slack-edge.com/bv1-13-br/gantry-v2-shared.cdda0aad0eba53be.min.js?cacheKey=gantry-1788679051:46
[  490172ms] [INFO] Sep-06 11:14:27.363 [API-Q] (TNWA8QCGZ) 32962251-1788682467.362 conversations.listPrefs called with reason: client_redux_store @ https://a.slack-edge.com/bv1-13-br/gantry-v2-shared.cdda0aad0eba53be.min.js?cacheKey=gantry-1788679051:46
[  490172ms] [INFO] Sep-06 11:14:27.363 [API-Q] (TNWA8QCGZ) 32962251-1788682467.362 conversations.listPrefs is ENQUEUED @ https://a.slack-edge.com/bv1-13-br/gantry-v2-shared.cdda0aad0eba53be.min.js?cacheKey=gantry-1788679051:46
[  490172ms] [INFO] Sep-06 11:14:27.363 [API-Q] (TNWA8QCGZ) 32962251-1788682467.362 conversations.listPrefs is ACTIVE @ https://a.slack-edge.com/bv1-13-br/gantry-v2-shared.cdda0aad0eba53be.min.js?cacheKey=gantry-1788679051:46
[  490173ms] [INFO] Sep-06 11:14:27.363 [UFM-PERMISSIONS] (TNWA8QCGZ) requesting SET_CHANNEL_TOPIC,ASSIGN_CHANNEL_MANAGER,CAN_AT_CHANNEL,CAN_AT_EVERYONE,ARCHIVE_CHANNEL (1) @ https://a.slack-edge.com/bv1-13-br/gantry-v2-shared.cdda0aad0eba53be.min.js?cacheKey=gantry-1788679051:46
[  490173ms] [INFO] Sep-06 11:14:27.363 [API-Q] (TNWA8QCGZ) noversion-1788682467.363 Flannel permissions/info called with reason: flannel-call:permissions/info @ https://a.slack-edge.com/bv1-13-br/gantry-v2-shared.cdda0aad0eba53be.min.js?cacheKey=gantry-1788679051:46
[  490173ms] [INFO] Sep-06 11:14:27.363 [API-Q] (TNWA8QCGZ) noversion-1788682467.363 Flannel permissions/info is ENQUEUED @ https://a.slack-edge.com/bv1-13-br/gantry-v2-shared.cdda0aad0eba53be.min.js?cacheKey=gantry-1788679051:46
[  490173ms] [INFO] Sep-06 11:14:27.363 [API-Q] (TNWA8QCGZ) noversion-1788682467.363 Flannel permissions/info is ACTIVE @ https://a.slack-edge.com/bv1-13-br/gantry-v2-shared.cdda0aad0eba53be.min.js?cacheKey=gantry-1788679051:46
[  490173ms] [INFO] Sep-06 11:14:27.364 [API-Q] (TNWA8QCGZ) noversion-1788682467.364 Flannel users/counts called with reason: flannel-call:users/counts @ https://a.slack-edge.com/bv1-13-br/gantry-v2-shared.cdda0aad0eba53be.min.js?cacheKey=gantry-1788679051:46
[  490173ms] [INFO] Sep-06 11:14:27.364 [API-Q] (TNWA8QCGZ) noversion-1788682467.364 Flannel users/counts is ENQUEUED @ https://a.slack-edge.com/bv1-13-br/gantry-v2-shared.cdda0aad0eba53be.min.js?cacheKey=gantry-1788679051:46
[  490173ms] [INFO] Sep-06 11:14:27.364 [API-Q] (TNWA8QCGZ) noversion-1788682467.364 Flannel users/counts is ACTIVE @ https://a.slack-edge.com/bv1-13-br/gantry-v2-shared.cdda0aad0eba53be.min.js?cacheKey=gantry-1788679051:46
[  490173ms] [INFO] Sep-06 11:14:27.364 [UFM] (TNWA8QCGZ) requesting C05JRT1GKEE (1) @ https://a.slack-edge.com/bv1-13-br/gantry-v2-shared.cdda0aad0eba53be.min.js?cacheKey=gantry-1788679051:46
[  490173ms] [INFO] Sep-06 11:14:27.364 [UFM] (TNWA8QCGZ) received C05JRT1GKEE (1) @ https://a.slack-edge.com/bv1-13-br/gantry-v2-shared.cdda0aad0eba53be.min.js?cacheKey=gantry-1788679051:46
[  490174ms] [INFO] Sep-06 11:14:27.364 [UFM-FILES] (TNWA8QCGZ) requesting F09ND6CAKSM (1) @ https://a.slack-edge.com/bv1-13-br/gantry-v2-shared.cdda0aad0eba53be.min.js?cacheKey=gantry-1788679051:46
[  490174ms] [INFO] Sep-06 11:14:27.364 [API-Q] (TNWA8QCGZ) 32962251-1788682467.364 files.info called with reason: files-store-unknown-fetch @ https://a.slack-edge.com/bv1-13-br/gantry-v2-shared.cdda0aad0eba53be.min.js?cacheKey=gantry-1788679051:46
[  490174ms] [INFO] Sep-06 11:14:27.365 [API-Q] (TNWA8QCGZ) 32962251-1788682467.364 files.info is ENQUEUED @ https://a.slack-edge.com/bv1-13-br/gantry-v2-shared.cdda0aad0eba53be.min.js?cacheKey=gantry-1788679051:46
[  490174ms] [INFO] Sep-06 11:14:27.365 [API-Q] (TNWA8QCGZ) 32962251-1788682467.364 files.info is ACTIVE @ https://a.slack-edge.com/bv1-13-br/gantry-v2-shared.cdda0aad0eba53be.min.js?cacheKey=gantry-1788679051:46
[  490178ms] [INFO] Sep-06 11:14:27.368 [API-Q] (TNWA8QCGZ) 32962251-1788682467.368 bookmarks.list called with reason: bookmarks-store/conditional-fetching @ https://a.slack-edge.com/bv1-13-br/gantry-v2-shared.cdda0aad0eba53be.min.js?cacheKey=gantry-1788679051:46
[  490178ms] [INFO] Sep-06 11:14:27.368 [API-Q] (TNWA8QCGZ) 32962251-1788682467.368 bookmarks.list is ENQUEUED @ https://a.slack-edge.com/bv1-13-br/gantry-v2-shared.cdda0aad0eba53be.min.js?cacheKey=gantry-1788679051:46
[  490178ms] [INFO] Sep-06 11:14:27.369 [API-Q] (TNWA8QCGZ) 32962251-1788682467.368 bookmarks.list is ACTIVE @ https://a.slack-edge.com/bv1-13-br/gantry-v2-shared.cdda0aad0eba53be.min.js?cacheKey=gantry-1788679051:46
[  490180ms] [INFO] Sep-06 11:14:27.370 [MESSAGE-LIST] (TNWA8QCGZ) componentWillReceiveProps isLoading: true isLoadingOlder: false timestamps: 0 @ https://a.slack-edge.com/bv1-13-br/gantry-v2-shared.cdda0aad0eba53be.min.js?cacheKey=gantry-1788679051:46
[  490226ms] [INFO] Sep-06 11:14:27.416 [API-Q] (TNWA8QCGZ) noversion-1788682467.352 Flannel users/list is RESOLVED @ https://a.slack-edge.com/bv1-13-br/gantry-v2-shared.cdda0aad0eba53be.min.js?cacheKey=gantry-1788679051:46
[  490236ms] [INFO] Sep-06 11:14:27.426 [API-Q] (TNWA8QCGZ) noversion-1788682467.352 Flannel permissions/info is RESOLVED @ https://a.slack-edge.com/bv1-13-br/gantry-v2-shared.cdda0aad0eba53be.min.js?cacheKey=gantry-1788679051:46
[  490242ms] [INFO] Sep-06 11:14:27.433 [API-Q] (TNWA8QCGZ) noversion-1788682467.364 Flannel users/counts is RESOLVED @ https://a.slack-edge.com/bv1-13-br/gantry-v2-shared.cdda0aad0eba53be.min.js?cacheKey=gantry-1788679051:46
[  490247ms] [INFO] Sep-06 11:14:27.437 [API-Q] (TNWA8QCGZ) noversion-1788682467.363 Flannel permissions/info is RESOLVED @ https://a.slack-edge.com/bv1-13-br/gantry-v2-shared.cdda0aad0eba53be.min.js?cacheKey=gantry-1788679051:46
[  490247ms] [INFO] Sep-06 11:14:27.438 [UFM-PERMISSIONS] (TNWA8QCGZ) received SET_CHANNEL_TOPIC,ASSIGN_CHANNEL_MANAGER,CAN_AT_CHANNEL,CAN_AT_EVERYONE,ARCHIVE_CHANNEL (1) @ https://a.slack-edge.com/bv1-13-br/gantry-v2-shared.cdda0aad0eba53be.min.js?cacheKey=gantry-1788679051:46
[  490350ms] [INFO] Sep-06 11:14:27.540 [API-Q] (TNWA8QCGZ) 32962251-1788682467.362 conversations.listPrefs is RESOLVED @ https://a.slack-edge.com/bv1-13-br/gantry-v2-shared.cdda0aad0eba53be.min.js?cacheKey=gantry-1788679051:46
[  490353ms] [INFO] Sep-06 11:14:27.544 [API-Q] (TNWA8QCGZ) 32962251-1788682467.368 bookmarks.list is RESOLVED @ https://a.slack-edge.com/bv1-13-br/gantry-v2-shared.cdda0aad0eba53be.min.js?cacheKey=gantry-1788679051:46
[  490355ms] [INFO] Sep-06 11:14:27.545 [API-Q] (TNWA8QCGZ) 32962251-1788682467.347 megaphone.notifications.list is RESOLVED @ https://a.slack-edge.com/bv1-13-br/gantry-v2-shared.cdda0aad0eba53be.min.js?cacheKey=gantry-1788679051:46
[  490382ms] [INFO] Sep-06 11:14:27.572 [API-Q] (TNWA8QCGZ) 32962251-1788682467.364 files.info is RESOLVED @ https://a.slack-edge.com/bv1-13-br/gantry-v2-shared.cdda0aad0eba53be.min.js?cacheKey=gantry-1788679051:46
[  490382ms] [INFO] Sep-06 11:14:27.573 [UFM-FILES] (TNWA8QCGZ) received F09ND6CAKSM (1) @ https://a.slack-edge.com/bv1-13-br/gantry-v2-shared.cdda0aad0eba53be.min.js?cacheKey=gantry-1788679051:46
[  490427ms] [INFO] Sep-06 11:14:27.618 [API-Q] (TNWA8QCGZ) noversion-1788682467.618 Flannel channels/membership called with reason: flannel-call:channels/membership @ https://a.slack-edge.com/bv1-13-br/gantry-v2-shared.cdda0aad0eba53be.min.js?cacheKey=gantry-1788679051:46
[  490428ms] [INFO] Sep-06 11:14:27.618 [API-Q] (TNWA8QCGZ) noversion-1788682467.618 Flannel channels/membership is ENQUEUED @ https://a.slack-edge.com/bv1-13-br/gantry-v2-shared.cdda0aad0eba53be.min.js?cacheKey=gantry-1788679051:46
[  490428ms] [INFO] Sep-06 11:14:27.618 [API-Q] (TNWA8QCGZ) noversion-1788682467.618 Flannel channels/membership is ACTIVE @ https://a.slack-edge.com/bv1-13-br/gantry-v2-shared.cdda0aad0eba53be.min.js?cacheKey=gantry-1788679051:46
[  490450ms] [INFO] Sep-06 11:14:27.641 [API-Q] (TNWA8QCGZ) 32962251-1788682467.311 conversations.history is RESOLVED @ https://a.slack-edge.com/bv1-13-br/gantry-v2-shared.cdda0aad0eba53be.min.js?cacheKey=gantry-1788679051:46
[  490452ms] [INFO] Sep-06 11:14:27.643 [PLATFORM-CHANNEL-ACTI] (TNWA8QCGZ) setting count for channel C05JRT1GKEE to 0, and marking channel as stale. @ https://a.slack-edge.com/bv1-13-br/gantry-v2-shared.cdda0aad0eba53be.min.js?cacheKey=gantry-1788679051:46
[  490453ms] [INFO] Sep-06 11:14:27.643 [PINS] (TNWA8QCGZ) Pins count updated for channel C05JRT1GKEE: 1 @ https://a.slack-edge.com/bv1-13-br/gantry-v2-shared.cdda0aad0eba53be.min.js?cacheKey=gantry-1788679051:46
[  490466ms] [INFO] Sep-06 11:14:27.656 [MESSAGE-LIST] (TNWA8QCGZ) componentWillReceiveProps isLoading: false isLoadingOlder: false timestamps: 28 @ https://a.slack-edge.com/bv1-13-br/gantry-v2-shared.cdda0aad0eba53be.min.js?cacheKey=gantry-1788679051:46
[  490490ms] [INFO] Sep-06 11:14:27.680 [CHECK-UNREADS] (TNWA8QCGZ) unreadLineVisible updated in main window container primary: false -> true @ https://a.slack-edge.com/bv1-13-br/gantry-v2-shared.cdda0aad0eba53be.min.js?cacheKey=gantry-1788679051:46
[  490503ms] [INFO] Sep-06 11:14:27.693 [UFM-MEMBERS] (TNWA8QCGZ) requesting U0AE18H695M,U0AGLKZNP6C,U0BK4LQE2GZ,U0BR9ATQWM7,U0BEG8147LM,U07SAUA9VK5,U097Y1R8H2A,U09P4HSRNDC,U011G3XMAMR,U08KS9RJZGU,U08580P5ZED,U09QX380J3A,U07UGBJL9LY,U09KXFQ0VA8,U08USL1H54N,U06LBDP4919,U08Q09R4U0Z,U096KSU09L3,U0B5BV1ESP5,U06NQV902VD,U0BTV8QEKPB,U0AMDMRPECB (1) @ https://a.slack-edge.com/bv1-13-br/gantry-v2-shared.cdda0aad0eba53be.min.js?cacheKey=gantry-1788679051:46
[  490503ms] [INFO] Sep-06 11:14:27.694 [API-Q] (TNWA8QCGZ) noversion-1788682467.694 Flannel users/info called with reason: flannel-call:users/info @ https://a.slack-edge.com/bv1-13-br/gantry-v2-shared.cdda0aad0eba53be.min.js?cacheKey=gantry-1788679051:46
[  490503ms] [INFO] Sep-06 11:14:27.694 [API-Q] (TNWA8QCGZ) noversion-1788682467.694 Flannel users/info is ENQUEUED @ https://a.slack-edge.com/bv1-13-br/gantry-v2-shared.cdda0aad0eba53be.min.js?cacheKey=gantry-1788679051:46
[  490503ms] [INFO] Sep-06 11:14:27.694 [API-Q] (TNWA8QCGZ) noversion-1788682467.694 Flannel users/info is ACTIVE @ https://a.slack-edge.com/bv1-13-br/gantry-v2-shared.cdda0aad0eba53be.min.js?cacheKey=gantry-1788679051:46
[  490504ms] [INFO] Sep-06 11:14:27.694 [API-Q] (TNWA8QCGZ) 32962251-1788682467.348 megaphone.notifications.list is RESOLVED @ https://a.slack-edge.com/bv1-13-br/gantry-v2-shared.cdda0aad0eba53be.min.js?cacheKey=gantry-1788679051:46
[  490566ms] [INFO] Sep-06 11:14:27.757 [API-Q] (TNWA8QCGZ) noversion-1788682467.694 Flannel users/info is RESOLVED @ https://a.slack-edge.com/bv1-13-br/gantry-v2-shared.cdda0aad0eba53be.min.js?cacheKey=gantry-1788679051:46
[  490566ms] [INFO] Sep-06 11:14:27.757 [UFM-MEMBERS] (TNWA8QCGZ) received U0AE18H695M,U0AGLKZNP6C,U0BK4LQE2GZ,U0BR9ATQWM7,U0BEG8147LM,U07SAUA9VK5,U097Y1R8H2A,U09P4HSRNDC,U011G3XMAMR,U08KS9RJZGU,U08580P5ZED,U09QX380J3A,U07UGBJL9LY,U09KXFQ0VA8,U08USL1H54N,U06LBDP4919,U08Q09R4U0Z,U096KSU09L3,U0B5BV1ESP5,U06NQV902VD,U0BTV8QEKPB,U0AMDMRPECB (1) @ https://a.slack-edge.com/bv1-13-br/gantry-v2-shared.cdda0aad0eba53be.min.js?cacheKey=gantry-1788679051:46
[  490570ms] [INFO] Sep-06 11:14:27.760 [API-Q] (TNWA8QCGZ) noversion-1788682467.760 Flannel users/info called with reason: flannel-call:users/info @ https://a.slack-edge.com/bv1-13-br/gantry-v2-shared.cdda0aad0eba53be.min.js?cacheKey=gantry-1788679051:46
[  490570ms] [INFO] Sep-06 11:14:27.760 [API-Q] (TNWA8QCGZ) noversion-1788682467.760 Flannel users/info is ENQUEUED @ https://a.slack-edge.com/bv1-13-br/gantry-v2-shared.cdda0aad0eba53be.min.js?cacheKey=gantry-1788679051:46
[  490570ms] [INFO] Sep-06 11:14:27.761 [API-Q] (TNWA8QCGZ) noversion-1788682467.760 Flannel users/info is ACTIVE @ https://a.slack-edge.com/bv1-13-br/gantry-v2-shared.cdda0aad0eba53be.min.js?cacheKey=gantry-1788679051:46
[  490586ms] [INFO] Sep-06 11:14:27.776 [DND_V2] (TNWA8QCGZ) fetchAndUpsertDndForUsers - Preparing to fetch DND times for the following members: U09P4HSRNDC,U097Y1R8H2A,U07SAUA9VK5,U0BEG8147LM,U0BR9ATQWM7,U0BK4LQE2GZ,U0AGLKZNP6C,U0AE18H695M @ https://a.slack-edge.com/bv1-13-br/gantry-v2-shared.cdda0aad0eba53be.min.js?cacheKey=gantry-1788679051:46
[  490586ms] [INFO] Sep-06 11:14:27.776 [API-Q] (TNWA8QCGZ) 32962251-1788682467.776 dnd.teamInfo called with reason: fetchAndUpsertDndForUsers-getDndTimesFor:others @ https://a.slack-edge.com/bv1-13-br/gantry-v2-shared.cdda0aad0eba53be.min.js?cacheKey=gantry-1788679051:46
[  490586ms] [INFO] Sep-06 11:14:27.776 [API-Q] (TNWA8QCGZ) 32962251-1788682467.776 dnd.teamInfo is ENQUEUED @ https://a.slack-edge.com/bv1-13-br/gantry-v2-shared.cdda0aad0eba53be.min.js?cacheKey=gantry-1788679051:46
[  490586ms] [INFO] Sep-06 11:14:27.777 [API-Q] (TNWA8QCGZ) 32962251-1788682467.776 dnd.teamInfo is ACTIVE @ https://a.slack-edge.com/bv1-13-br/gantry-v2-shared.cdda0aad0eba53be.min.js?cacheKey=gantry-1788679051:46
[  490631ms] [INFO] Sep-06 11:14:27.822 [API-Q] (TNWA8QCGZ) noversion-1788682467.760 Flannel users/info is RESOLVED @ https://a.slack-edge.com/bv1-13-br/gantry-v2-shared.cdda0aad0eba53be.min.js?cacheKey=gantry-1788679051:46
[  490686ms] [INFO] Sep-06 11:14:27.876 [API-Q] (TNWA8QCGZ) noversion-1788682467.618 Flannel channels/membership is RESOLVED @ https://a.slack-edge.com/bv1-13-br/gantry-v2-shared.cdda0aad0eba53be.min.js?cacheKey=gantry-1788679051:46
[  490714ms] [INFO] Sep-06 11:14:27.904 [API-Q] (TNWA8QCGZ) noversion-1788682467.904 Flannel channels/membership called with reason: flannel-call:channels/membership @ https://a.slack-edge.com/bv1-13-br/gantry-v2-shared.cdda0aad0eba53be.min.js?cacheKey=gantry-1788679051:46
[  490714ms] [INFO] Sep-06 11:14:27.904 [API-Q] (TNWA8QCGZ) noversion-1788682467.904 Flannel channels/membership is ENQUEUED @ https://a.slack-edge.com/bv1-13-br/gantry-v2-shared.cdda0aad0eba53be.min.js?cacheKey=gantry-1788679051:46
[  490714ms] [INFO] Sep-06 11:14:27.905 [API-Q] (TNWA8QCGZ) noversion-1788682467.904 Flannel channels/membership is ACTIVE @ https://a.slack-edge.com/bv1-13-br/gantry-v2-shared.cdda0aad0eba53be.min.js?cacheKey=gantry-1788679051:46
[  490778ms] [INFO] Sep-06 11:14:27.969 [API-Q] (TNWA8QCGZ) noversion-1788682467.904 Flannel channels/membership is RESOLVED @ https://a.slack-edge.com/bv1-13-br/gantry-v2-shared.cdda0aad0eba53be.min.js?cacheKey=gantry-1788679051:46
[  490795ms] [INFO] Sep-06 11:14:27.985 [API-Q] (TNWA8QCGZ) 32962251-1788682467.776 dnd.teamInfo is RESOLVED @ https://a.slack-edge.com/bv1-13-br/gantry-v2-shared.cdda0aad0eba53be.min.js?cacheKey=gantry-1788679051:46
[  490795ms] [INFO] Sep-06 11:14:27.985 [DND] (TNWA8QCGZ) Fetched DND info for the following members: U09P4HSRNDC,U097Y1R8H2A,U07SAUA9VK5,U0BEG8147LM,U0BR9ATQWM7,U0BK4LQE2GZ,U0AGLKZNP6C,U0AE18H695M @ https://a.slack-edge.com/bv1-13-br/gantry-v2-shared.cdda0aad0eba53be.min.js?cacheKey=gantry-1788679051:46
[  490796ms] [INFO] Sep-06 11:14:27.986 [DND_V2] (TNWA8QCGZ) Will check for changes in DND status again in 5 minutes @ https://a.slack-edge.com/bv1-13-br/gantry-v2-shared.cdda0aad0eba53be.min.js?cacheKey=gantry-1788679051:46
[  490851ms] [INFO] Sep-06 11:14:28.041 [CHECK-UNREADS] (TNWA8QCGZ) Checking unreads after unread line became visible @ https://a.slack-edge.com/bv1-13-br/gantry-v2-shared.cdda0aad0eba53be.min.js?cacheKey=gantry-1788679051:46
[  490851ms] [INFO] Sep-06 11:14:28.042 [CHECK-UNREADS] (TNWA8QCGZ) Not marking C05JRT1GKEE because last_read >= latest && channel is read @ https://a.slack-edge.com/bv1-13-br/gantry-v2-shared.cdda0aad0eba53be.min.js?cacheKey=gantry-1788679051:46
[  494771ms] [INFO] Sep-06 11:14:31.961 [NAVIGATE-IN-MAIN-WIND] Starting a new navigation event {id: C04JHEXJC4Q, viewType: Channel, viewParams: undefined, options: Object} @ https://a.slack-edge.com/bv1-13-br/gantry-v2-shared.cdda0aad0eba53be.min.js?cacheKey=gantry-1788679051:46
[  494771ms] [INFO] Sep-06 11:14:31.961 [APPLY-DETAIL-VIEW] ViewSet with detail view applied {viewSet: Object} @ https://a.slack-edge.com/bv1-13-br/gantry-v2-shared.cdda0aad0eba53be.min.js?cacheKey=gantry-1788679051:46
[  494771ms] [INFO] Sep-06 11:14:31.962 [NAVIGATE-IN-MAIN-WIND] Applying changes to the primary container {viewSet: Object, nextTab: home} @ https://a.slack-edge.com/bv1-13-br/gantry-v2-shared.cdda0aad0eba53be.min.js?cacheKey=gantry-1788679051:46
[  494771ms] [INFO] Sep-06 11:14:31.962 [NAVIGATION-MIDDLEWARE] Starting a new navigation middleware execution {context: navigation, nextViewSet: Object, nextSplitView: undefined, middlewareCount: 26, nextTab: home} @ https://a.slack-edge.com/bv1-13-br/gantry-v2-shared.cdda0aad0eba53be.min.js?cacheKey=gantry-1788679051:46
[  494772ms] [INFO] Sep-06 11:14:31.962 [NAVIGATION-MIDDLEWARE] Async action execution is complete for a view {nextView: Object, results: Array(26), shouldTerminateNavigation: false, executionTime: 0.2000000011175871, nextTab: home} @ https://a.slack-edge.com/bv1-13-br/gantry-v2-shared.cdda0aad0eba53be.min.js?cacheKey=gantry-1788679051:46
[  494772ms] [INFO] Sep-06 11:14:31.962 [NAVIGATION-MIDDLEWARE] Finish middleware execution for sidebar container {maybeTransformedViewSet: Object, maybeTransformedSplitView: undefined, terminateNavigation: false, isViewTransformed: false, iterationCount: 0} @ https://a.slack-edge.com/bv1-13-br/gantry-v2-shared.cdda0aad0eba53be.min.js?cacheKey=gantry-1788679051:46
[  494772ms] [INFO] Sep-06 11:14:31.962 [NAVIGATION-MIDDLEWARE] Async action execution is complete for a view {nextView: Object, results: Array(26), shouldTerminateNavigation: false, executionTime: 0.09999999962747097, nextTab: home} @ https://a.slack-edge.com/bv1-13-br/gantry-v2-shared.cdda0aad0eba53be.min.js?cacheKey=gantry-1788679051:46
[  494772ms] [INFO] Sep-06 11:14:31.962 [APPLY-DETAIL-VIEW] ViewSet with detail view applied {viewSet: Object} @ https://a.slack-edge.com/bv1-13-br/gantry-v2-shared.cdda0aad0eba53be.min.js?cacheKey=gantry-1788679051:46
[  494772ms] [INFO] Sep-06 11:14:31.962 [NAVIGATION-MIDDLEWARE] View has been transformed {container: primary, initialView: Object, transformedView: Object, iterationCount: 0} @ https://a.slack-edge.com/bv1-13-br/gantry-v2-shared.cdda0aad0eba53be.min.js?cacheKey=gantry-1788679051:46
[  494772ms] [INFO] Sep-06 11:14:31.963 [NAVIGATION-MIDDLEWARE] Skipping middleware execution for sidebar container as we have cached value {initialView: Object, iterationCount: 1} @ https://a.slack-edge.com/bv1-13-br/gantry-v2-shared.cdda0aad0eba53be.min.js?cacheKey=gantry-1788679051:46
[  494772ms] [INFO] Sep-06 11:14:31.963 [NAVIGATION-MIDDLEWARE] Async action execution is complete for a view {nextView: Object, results: Array(26), shouldTerminateNavigation: false, executionTime: 0.09999999962747097, nextTab: home} @ https://a.slack-edge.com/bv1-13-br/gantry-v2-shared.cdda0aad0eba53be.min.js?cacheKey=gantry-1788679051:46
[  494772ms] [INFO] Sep-06 11:14:31.963 [NAVIGATION-MIDDLEWARE] Finish middleware execution for primary container {maybeTransformedViewSet: Object, maybeTransformedSplitView: undefined, terminateNavigation: false, isViewTransformed: false, iterationCount: 1} @ https://a.slack-edge.com/bv1-13-br/gantry-v2-shared.cdda0aad0eba53be.min.js?cacheKey=gantry-1788679051:46
[  494772ms] [INFO] Sep-06 11:14:31.963 [NAVIGATION-MIDDLEWARE] Finish middleware execution for primary container {maybeTransformedViewSet: Object, maybeTransformedSplitView: undefined, terminateNavigation: false, isViewTransformed: true, iterationCount: 0} @ https://a.slack-edge.com/bv1-13-br/gantry-v2-shared.cdda0aad0eba53be.min.js?cacheKey=gantry-1788679051:46
[  494772ms] [INFO] Sep-06 11:14:31.963 [NAVIGATION-MIDDLEWARE] Navigation middleware execution is complete {maybeUpdatedViewSet: Object, maybeUpdatedSplitView: undefined, terminateNavigation: false, executionTime: 0.900000000372529, nextTab: home} @ https://a.slack-edge.com/bv1-13-br/gantry-v2-shared.cdda0aad0eba53be.min.js?cacheKey=gantry-1788679051:46
[  494772ms] [INFO] Sep-06 11:14:31.963 [NAVIGATE-IN-MAIN-WIND] Built view set after middleware {viewSet: Object, splitView: undefined, nextTab: home} @ https://a.slack-edge.com/bv1-13-br/gantry-v2-shared.cdda0aad0eba53be.min.js?cacheKey=gantry-1788679051:46
[  494774ms] [INFO] Sep-06 11:14:31.964 [NAVIGATE-LISTENERS] (TNWA8QCGZ) Starting navigation listeners for triggerType NAVIGATION @ https://a.slack-edge.com/bv1-13-br/gantry-v2-shared.cdda0aad0eba53be.min.js?cacheKey=gantry-1788679051:46
[  494775ms] [INFO] Sep-06 11:14:31.965 [NAVIGATE-LISTENERS] (TNWA8QCGZ) Navigation listeners complete without errors @ https://a.slack-edge.com/bv1-13-br/gantry-v2-shared.cdda0aad0eba53be.min.js?cacheKey=gantry-1788679051:46
[  494775ms] [INFO] Sep-06 11:14:31.965 [NAVIGATE-IN-MAIN-WIND]  Navigation thunk execution complete {id: C04JHEXJC4Q, viewType: Channel, viewParams: undefined, options: Object} @ https://a.slack-edge.com/bv1-13-br/gantry-v2-shared.cdda0aad0eba53be.min.js?cacheKey=gantry-1788679051:46
[  494785ms] [INFO] Sep-06 11:14:31.976 [MESSAGE-LIST] (TNWA8QCGZ) getScrollmark reason:channel_change channelId:C05JRT1GKEE at end @ https://a.slack-edge.com/bv1-13-br/gantry-v2-shared.cdda0aad0eba53be.min.js?cacheKey=gantry-1788679051:46
[  494786ms] [INFO] Sep-06 11:14:31.976 [MESSAGE-LIST] (TNWA8QCGZ) Switching channels: C04JHEXJC4Q timestamps: 29 @ https://a.slack-edge.com/bv1-13-br/gantry-v2-shared.cdda0aad0eba53be.min.js?cacheKey=gantry-1788679051:46
[  494828ms] [INFO] Sep-06 11:14:32.018 [CHECK-UNREADS] (TNWA8QCGZ) unreadLineVisible updated in main window container primary: false -> true @ https://a.slack-edge.com/bv1-13-br/gantry-v2-shared.cdda0aad0eba53be.min.js?cacheKey=gantry-1788679051:46
[  494837ms] [INFO] Sep-06 11:14:32.027 [API-Q] (TNWA8QCGZ) noversion-1788682472.027 Flannel permissions/info called with reason: flannel-call:permissions/info @ https://a.slack-edge.com/bv1-13-br/gantry-v2-shared.cdda0aad0eba53be.min.js?cacheKey=gantry-1788679051:46
[  494837ms] [INFO] Sep-06 11:14:32.027 [API-Q] (TNWA8QCGZ) noversion-1788682472.027 Flannel permissions/info is ENQUEUED @ https://a.slack-edge.com/bv1-13-br/gantry-v2-shared.cdda0aad0eba53be.min.js?cacheKey=gantry-1788679051:46
[  494837ms] [INFO] Sep-06 11:14:32.028 [API-Q] (TNWA8QCGZ) noversion-1788682472.027 Flannel permissions/info is ACTIVE @ https://a.slack-edge.com/bv1-13-br/gantry-v2-shared.cdda0aad0eba53be.min.js?cacheKey=gantry-1788679051:46
[  494910ms] [INFO] Sep-06 11:14:32.101 [API-Q] (TNWA8QCGZ) noversion-1788682472.027 Flannel permissions/info is RESOLVED @ https://a.slack-edge.com/bv1-13-br/gantry-v2-shared.cdda0aad0eba53be.min.js?cacheKey=gantry-1788679051:46
[  495187ms] [INFO] Sep-06 11:14:32.377 [CHECK-UNREADS] (TNWA8QCGZ) Checking unreads after unread line became visible @ https://a.slack-edge.com/bv1-13-br/gantry-v2-shared.cdda0aad0eba53be.min.js?cacheKey=gantry-1788679051:46
[  495187ms] [INFO] Sep-06 11:14:32.377 [CHECK-UNREADS] (TNWA8QCGZ) Not marking C04JHEXJC4Q because last_read >= latest && channel is read @ https://a.slack-edge.com/bv1-13-br/gantry-v2-shared.cdda0aad0eba53be.min.js?cacheKey=gantry-1788679051:46
[  495849ms] [INFO] Sep-06 11:14:33.040 [CHECK-UNREADS] (TNWA8QCGZ) unreadLineVisible updated in main window container primary: true -> false @ https://a.slack-edge.com/bv1-13-br/gantry-v2-shared.cdda0aad0eba53be.min.js?cacheKey=gantry-1788679051:46
[  500893ms] [INFO] Sep-06 11:14:38.084 [DND_V2] (TNWA8QCGZ) fetchAndUpsertDndForUsers - Preparing to fetch DND times for the following members: U09L0RY2NBD,U0697E3RVNX,U07E5VD5E87,U0A5VF6LUN7,U0BC89QDZGE,U0ACE0NAVEK,U0BAL17JV6J,U06CFLHRNF4,U05R5KXUXEK,U08JWBZGWMT,U07MK3Q66N7,U09KLRHQ82J,U05P7FBJ3DH,U0BDYH7GWQ1,U099UMNDKSA,U01D996DY3Y,U019JFJ4A7P,U057A3K292P,U08N5BMPA1J @ https://a.slack-edge.com/bv1-13-br/gantry-v2-shared.cdda0aad0eba53be.min.js?cacheKey=gantry-1788679051:46
[  500894ms] [INFO] Sep-06 11:14:38.085 [API-Q] (TNWA8QCGZ) 32962251-1788682478.084 dnd.teamInfo called with reason: fetchAndUpsertDndForUsers-getDndTimesFor:others @ https://a.slack-edge.com/bv1-13-br/gantry-v2-shared.cdda0aad0eba53be.min.js?cacheKey=gantry-1788679051:46
[  500894ms] [INFO] Sep-06 11:14:38.085 [API-Q] (TNWA8QCGZ) 32962251-1788682478.084 dnd.teamInfo is ENQUEUED @ https://a.slack-edge.com/bv1-13-br/gantry-v2-shared.cdda0aad0eba53be.min.js?cacheKey=gantry-1788679051:46
[  500894ms] [INFO] Sep-06 11:14:38.085 [API-Q] (TNWA8QCGZ) 32962251-1788682478.084 dnd.teamInfo is ACTIVE @ https://a.slack-edge.com/bv1-13-br/gantry-v2-shared.cdda0aad0eba53be.min.js?cacheKey=gantry-1788679051:46
[  500898ms] [INFO] Sep-06 11:14:38.088 [UFM-MEMBERS] (TNWA8QCGZ) requesting U056C0M02R4,U0AKGETQ6H0,U0571RMJY21,U01RJEYB2F3,U0B8ES1PFPV,U08QWFXPGPK,U0A12C9S3KR (1) @ https://a.slack-edge.com/bv1-13-br/gantry-v2-shared.cdda0aad0eba53be.min.js?cacheKey=gantry-1788679051:46
[  500898ms] [INFO] Sep-06 11:14:38.089 [API-Q] (TNWA8QCGZ) noversion-1788682478.089 Flannel users/info called with reason: flannel-call:users/info @ https://a.slack-edge.com/bv1-13-br/gantry-v2-shared.cdda0aad0eba53be.min.js?cacheKey=gantry-1788679051:46
[  500898ms] [INFO] Sep-06 11:14:38.089 [API-Q] (TNWA8QCGZ) noversion-1788682478.089 Flannel users/info is ENQUEUED @ https://a.slack-edge.com/bv1-13-br/gantry-v2-shared.cdda0aad0eba53be.min.js?cacheKey=gantry-1788679051:46
[  500899ms] [INFO] Sep-06 11:14:38.089 [API-Q] (TNWA8QCGZ) noversion-1788682478.089 Flannel users/info is ACTIVE @ https://a.slack-edge.com/bv1-13-br/gantry-v2-shared.cdda0aad0eba53be.min.js?cacheKey=gantry-1788679051:46
[  500899ms] [INFO] Sep-06 11:14:38.089 [UFM-FLANNELEMOJI] (TNWA8QCGZ) requesting 3 objects (1) @ https://a.slack-edge.com/bv1-13-br/gantry-v2-shared.cdda0aad0eba53be.min.js?cacheKey=gantry-1788679051:46
[  500899ms] [INFO] Sep-06 11:14:38.090 [API-Q] (TNWA8QCGZ) noversion-1788682478.089 Flannel emojis/info called with reason: flannel-call:emojis/info @ https://a.slack-edge.com/bv1-13-br/gantry-v2-shared.cdda0aad0eba53be.min.js?cacheKey=gantry-1788679051:46
[  500899ms] [INFO] Sep-06 11:14:38.090 [API-Q] (TNWA8QCGZ) noversion-1788682478.089 Flannel emojis/info is ENQUEUED @ https://a.slack-edge.com/bv1-13-br/gantry-v2-shared.cdda0aad0eba53be.min.js?cacheKey=gantry-1788679051:46
[  500899ms] [INFO] Sep-06 11:14:38.090 [API-Q] (TNWA8QCGZ) noversion-1788682478.089 Flannel emojis/info is ACTIVE @ https://a.slack-edge.com/bv1-13-br/gantry-v2-shared.cdda0aad0eba53be.min.js?cacheKey=gantry-1788679051:46
[  500964ms] [INFO] Sep-06 11:14:38.154 [API-Q] (TNWA8QCGZ) noversion-1788682478.089 Flannel users/info is RESOLVED @ https://a.slack-edge.com/bv1-13-br/gantry-v2-shared.cdda0aad0eba53be.min.js?cacheKey=gantry-1788679051:46
[  500964ms] [INFO] Sep-06 11:14:38.154 [UFM-MEMBERS] (TNWA8QCGZ) received U056C0M02R4,U0AKGETQ6H0,U0571RMJY21,U01RJEYB2F3,U0B8ES1PFPV,U08QWFXPGPK,U0A12C9S3KR (1) @ https://a.slack-edge.com/bv1-13-br/gantry-v2-shared.cdda0aad0eba53be.min.js?cacheKey=gantry-1788679051:46
[  500968ms] [INFO] Sep-06 11:14:38.158 [API-Q] (TNWA8QCGZ) noversion-1788682478.158 Flannel users/info called with reason: flannel-call:users/info @ https://a.slack-edge.com/bv1-13-br/gantry-v2-shared.cdda0aad0eba53be.min.js?cacheKey=gantry-1788679051:46
[  500968ms] [INFO] Sep-06 11:14:38.158 [API-Q] (TNWA8QCGZ) noversion-1788682478.158 Flannel users/info is ENQUEUED @ https://a.slack-edge.com/bv1-13-br/gantry-v2-shared.cdda0aad0eba53be.min.js?cacheKey=gantry-1788679051:46
[  500968ms] [INFO] Sep-06 11:14:38.159 [API-Q] (TNWA8QCGZ) noversion-1788682478.158 Flannel users/info is ACTIVE @ https://a.slack-edge.com/bv1-13-br/gantry-v2-shared.cdda0aad0eba53be.min.js?cacheKey=gantry-1788679051:46
[  500969ms] [INFO] Sep-06 11:14:38.159 [API-Q] (TNWA8QCGZ) noversion-1788682478.089 Flannel emojis/info is RESOLVED @ https://a.slack-edge.com/bv1-13-br/gantry-v2-shared.cdda0aad0eba53be.min.js?cacheKey=gantry-1788679051:46
[  500969ms] [INFO] Sep-06 11:14:38.160 [UFM-FLANNELEMOJI] (TNWA8QCGZ) received 3 objects (1) @ https://a.slack-edge.com/bv1-13-br/gantry-v2-shared.cdda0aad0eba53be.min.js?cacheKey=gantry-1788679051:46
[  501032ms] [INFO] Sep-06 11:14:38.223 [API-Q] (TNWA8QCGZ) noversion-1788682478.158 Flannel users/info is RESOLVED @ https://a.slack-edge.com/bv1-13-br/gantry-v2-shared.cdda0aad0eba53be.min.js?cacheKey=gantry-1788679051:46
[  501154ms] [INFO] Sep-06 11:14:38.345 [API-Q] (TNWA8QCGZ) 32962251-1788682478.084 dnd.teamInfo is RESOLVED @ https://a.slack-edge.com/bv1-13-br/gantry-v2-shared.cdda0aad0eba53be.min.js?cacheKey=gantry-1788679051:46
[  501155ms] [INFO] Sep-06 11:14:38.345 [DND] (TNWA8QCGZ) Fetched DND info for the following members: U09L0RY2NBD,U0697E3RVNX,U07E5VD5E87,U0A5VF6LUN7,U0BC89QDZGE,U0ACE0NAVEK,U0BAL17JV6J,U06CFLHRNF4,U05R5KXUXEK,U08JWBZGWMT,U07MK3Q66N7,U09KLRHQ82J,U05P7FBJ3DH,U0BDYH7GWQ1,U099UMNDKSA,U01D996DY3Y,U019JFJ4A7P,U057A3K292P,U08N5BMPA1J @ https://a.slack-edge.com/bv1-13-br/gantry-v2-shared.cdda0aad0eba53be.min.js?cacheKey=gantry-1788679051:46
[  501155ms] [INFO] Sep-06 11:14:38.346 [DND_V2] (TNWA8QCGZ) Will check for changes in DND status again in 5 minutes @ https://a.slack-edge.com/bv1-13-br/gantry-v2-shared.cdda0aad0eba53be.min.js?cacheKey=gantry-1788679051:46
[  501726ms] [INFO] Sep-06 11:14:38.917 [CHECK-UNREADS] (TNWA8QCGZ) unreadLineVisible updated in main window container primary: false -> true @ https://a.slack-edge.com/bv1-13-br/gantry-v2-shared.cdda0aad0eba53be.min.js?cacheKey=gantry-1788679051:46
[  502077ms] [INFO] Sep-06 11:14:39.268 [CHECK-UNREADS] (TNWA8QCGZ) Checking unreads after unread line became visible @ https://a.slack-edge.com/bv1-13-br/gantry-v2-shared.cdda0aad0eba53be.min.js?cacheKey=gantry-1788679051:46
[  502077ms] [INFO] Sep-06 11:14:39.268 [CHECK-UNREADS] (TNWA8QCGZ) Not marking C04JHEXJC4Q because last_read >= latest && channel is read @ https://a.slack-edge.com/bv1-13-br/gantry-v2-shared.cdda0aad0eba53be.min.js?cacheKey=gantry-1788679051:46
[  522612ms] [INFO] Sep-06 11:14:59.802 [NAVIGATION-MIDDLEWARE] Starting a new navigation middleware execution {context: tab-switch, nextViewSet: Object, nextSplitView: undefined, middlewareCount: 20, nextTab: dms} @ https://a.slack-edge.com/bv1-13-br/gantry-v2-shared.cdda0aad0eba53be.min.js?cacheKey=gantry-1788679051:46
[  522612ms] [INFO] Sep-06 11:14:59.803 [NAVIGATION-MIDDLEWARE] Async action execution is complete for a view {nextView: Object, results: Array(20), shouldTerminateNavigation: false, executionTime: 0.09999999962747097, nextTab: dms} @ https://a.slack-edge.com/bv1-13-br/gantry-v2-shared.cdda0aad0eba53be.min.js?cacheKey=gantry-1788679051:46
[  522613ms] [INFO] Sep-06 11:14:59.803 [NAVIGATION-MIDDLEWARE] Finish middleware execution for sidebar container {maybeTransformedViewSet: Object, maybeTransformedSplitView: undefined, terminateNavigation: false, isViewTransformed: false, iterationCount: 0} @ https://a.slack-edge.com/bv1-13-br/gantry-v2-shared.cdda0aad0eba53be.min.js?cacheKey=gantry-1788679051:46
[  522613ms] [INFO] Sep-06 11:14:59.803 [NAVIGATION-MIDDLEWARE] Async action execution is complete for a view {nextView: Object, results: Array(20), shouldTerminateNavigation: false, executionTime: 0, nextTab: dms} @ https://a.slack-edge.com/bv1-13-br/gantry-v2-shared.cdda0aad0eba53be.min.js?cacheKey=gantry-1788679051:46
[  522613ms] [INFO] Sep-06 11:14:59.803 [NAVIGATION-MIDDLEWARE] Finish middleware execution for primary container {maybeTransformedViewSet: Object, maybeTransformedSplitView: undefined, terminateNavigation: false, isViewTransformed: false, iterationCount: 0} @ https://a.slack-edge.com/bv1-13-br/gantry-v2-shared.cdda0aad0eba53be.min.js?cacheKey=gantry-1788679051:46
[  522613ms] [INFO] Sep-06 11:14:59.803 [NAVIGATION-MIDDLEWARE] Navigation middleware execution is complete {maybeUpdatedViewSet: Object, maybeUpdatedSplitView: undefined, terminateNavigation: false, executionTime: 0.40000000037252903, nextTab: dms} @ https://a.slack-edge.com/bv1-13-br/gantry-v2-shared.cdda0aad0eba53be.min.js?cacheKey=gantry-1788679051:46
[  522613ms] [INFO] Sep-06 11:14:59.803 [TAB-SWITCH] Built view set after middleware {viewSet: Object, nextTab: dms} @ https://a.slack-edge.com/bv1-13-br/gantry-v2-shared.cdda0aad0eba53be.min.js?cacheKey=gantry-1788679051:46
[  522614ms] [INFO] Sep-06 11:14:59.805 [NAVIGATE-LISTENERS] (TNWA8QCGZ) Starting navigation listeners for triggerType ACTIVE_TAB_UPDATE @ https://a.slack-edge.com/bv1-13-br/gantry-v2-shared.cdda0aad0eba53be.min.js?cacheKey=gantry-1788679051:46
[  522616ms] [INFO] Sep-06 11:14:59.806 [NAVIGATE-LISTENERS] (TNWA8QCGZ) Navigation listeners complete without errors @ https://a.slack-edge.com/bv1-13-br/gantry-v2-shared.cdda0aad0eba53be.min.js?cacheKey=gantry-1788679051:46
[  522627ms] [WARNING] Sep-06 11:14:59.817 ARIA-LABELS No aria-label generated for a ViewType Page. Pempty undefined @ https://a.slack-edge.com/bv1-13-br/gantry-v2-shared.cdda0aad0eba53be.min.js?cacheKey=gantry-1788679051:46
[  522633ms] [INFO] Sep-06 11:14:59.823 [MESSAGE-LIST] (TNWA8QCGZ) getScrollmark reason:unmount channelId:C04JHEXJC4Q at end @ https://a.slack-edge.com/bv1-13-br/gantry-v2-shared.cdda0aad0eba53be.min.js?cacheKey=gantry-1788679051:46
[  522675ms] [LOG] [WD] All assets have reported back; s: 22; f: 0 @ https://app.slack.com/client/TNWA8QCGZ:0
[  522943ms] [INFO] Sep-06 11:15:00.134 [API-Q] (TNWA8QCGZ) 32962251-1788682500.133 users.interactions.list called with reason: activityInboxDmsTabEduBanner @ https://a.slack-edge.com/bv1-13-br/gantry-v2-shared.cdda0aad0eba53be.min.js?cacheKey=gantry-1788679051:46
[  522944ms] [INFO] Sep-06 11:15:00.134 [API-Q] (TNWA8QCGZ) 32962251-1788682500.133 users.interactions.list is ENQUEUED @ https://a.slack-edge.com/bv1-13-br/gantry-v2-shared.cdda0aad0eba53be.min.js?cacheKey=gantry-1788679051:46
[  522944ms] [INFO] Sep-06 11:15:00.134 [API-Q] (TNWA8QCGZ) 32962251-1788682500.134 client.dms called with reason: dms-tab-populate @ https://a.slack-edge.com/bv1-13-br/gantry-v2-shared.cdda0aad0eba53be.min.js?cacheKey=gantry-1788679051:46
[  522944ms] [INFO] Sep-06 11:15:00.135 [API-Q] (TNWA8QCGZ) 32962251-1788682500.134 client.dms is ENQUEUED @ https://a.slack-edge.com/bv1-13-br/gantry-v2-shared.cdda0aad0eba53be.min.js?cacheKey=gantry-1788679051:46
[  522945ms] [INFO] Sep-06 11:15:00.135 [API-Q] (TNWA8QCGZ) 32962251-1788682500.133 users.interactions.list is ACTIVE @ https://a.slack-edge.com/bv1-13-br/gantry-v2-shared.cdda0aad0eba53be.min.js?cacheKey=gantry-1788679051:46
[  522945ms] [INFO] Sep-06 11:15:00.136 [API-Q] (TNWA8QCGZ) 32962251-1788682500.134 client.dms is ACTIVE @ https://a.slack-edge.com/bv1-13-br/gantry-v2-shared.cdda0aad0eba53be.min.js?cacheKey=gantry-1788679051:46
[  522999ms] [INFO] Sep-06 11:15:00.189 [API-Q] (TNWA8QCGZ) 32962251-1788682500.189 search.autocomplete.offlineFeatures called with reason: search-offline-features @ https://a.slack-edge.com/bv1-13-br/gantry-v2-shared.cdda0aad0eba53be.min.js?cacheKey=gantry-1788679051:46
[  522999ms] [INFO] Sep-06 11:15:00.189 [API-Q] (TNWA8QCGZ) 32962251-1788682500.189 search.autocomplete.offlineFeatures is ENQUEUED @ https://a.slack-edge.com/bv1-13-br/gantry-v2-shared.cdda0aad0eba53be.min.js?cacheKey=gantry-1788679051:46
[  523005ms] [INFO] Sep-06 11:15:00.196 [API-Q] (TNWA8QCGZ) 32962251-1788682500.189 search.autocomplete.offlineFeatures is ACTIVE @ https://a.slack-edge.com/bv1-13-br/gantry-v2-shared.cdda0aad0eba53be.min.js?cacheKey=gantry-1788679051:46
[  523006ms] [INFO] Sep-06 11:15:00.196 [API-Q] (TNWA8QCGZ) 32962251-1788682500.196 search.autocomplete.model called with reason: AutocompleteModelCache @ https://a.slack-edge.com/bv1-13-br/gantry-v2-shared.cdda0aad0eba53be.min.js?cacheKey=gantry-1788679051:46
[  523006ms] [INFO] Sep-06 11:15:00.197 [API-Q] (TNWA8QCGZ) 32962251-1788682500.196 search.autocomplete.model is ENQUEUED @ https://a.slack-edge.com/bv1-13-br/gantry-v2-shared.cdda0aad0eba53be.min.js?cacheKey=gantry-1788679051:46
[  523006ms] [INFO] Sep-06 11:15:00.197 [API-Q] (TNWA8QCGZ) 32962251-1788682500.197 search.autocomplete.intentModel called with reason: AutocompleteModelCache @ https://a.slack-edge.com/bv1-13-br/gantry-v2-shared.cdda0aad0eba53be.min.js?cacheKey=gantry-1788679051:46
[  523006ms] [INFO] Sep-06 11:15:00.197 [API-Q] (TNWA8QCGZ) 32962251-1788682500.197 search.autocomplete.intentModel is ENQUEUED @ https://a.slack-edge.com/bv1-13-br/gantry-v2-shared.cdda0aad0eba53be.min.js?cacheKey=gantry-1788679051:46
[  523013ms] [INFO] Sep-06 11:15:00.203 [API-Q] (TNWA8QCGZ) 32962251-1788682500.196 search.autocomplete.model is ACTIVE @ https://a.slack-edge.com/bv1-13-br/gantry-v2-shared.cdda0aad0eba53be.min.js?cacheKey=gantry-1788679051:46
[  523013ms] [INFO] Sep-06 11:15:00.203 [API-Q] (TNWA8QCGZ) 32962251-1788682500.197 search.autocomplete.intentModel is ACTIVE @ https://a.slack-edge.com/bv1-13-br/gantry-v2-shared.cdda0aad0eba53be.min.js?cacheKey=gantry-1788679051:46
[  523013ms] [INFO] Sep-06 11:15:00.204 [UFM] (TNWA8QCGZ) requesting A04RDP9P5KN (1) @ https://a.slack-edge.com/bv1-13-br/gantry-v2-shared.cdda0aad0eba53be.min.js?cacheKey=gantry-1788679051:46
[  523014ms] [INFO] Sep-06 11:15:00.204 [API-Q] (TNWA8QCGZ) 32962251-1788682500.204 apps.profile.get called with reason: fetch-all-apps-by-id @ https://a.slack-edge.com/bv1-13-br/gantry-v2-shared.cdda0aad0eba53be.min.js?cacheKey=gantry-1788679051:46
[  523014ms] [INFO] Sep-06 11:15:00.205 [API-Q] (TNWA8QCGZ) 32962251-1788682500.204 apps.profile.get is ENQUEUED @ https://a.slack-edge.com/bv1-13-br/gantry-v2-shared.cdda0aad0eba53be.min.js?cacheKey=gantry-1788679051:46
[  523014ms] [INFO] Sep-06 11:15:00.205 [API-Q] (TNWA8QCGZ) 32962251-1788682500.204 apps.profile.get is ACTIVE @ https://a.slack-edge.com/bv1-13-br/gantry-v2-shared.cdda0aad0eba53be.min.js?cacheKey=gantry-1788679051:46
[  523127ms] [INFO] Sep-06 11:15:00.317 [API-Q] (TNWA8QCGZ) 32962251-1788682500.133 users.interactions.list is RESOLVED @ https://a.slack-edge.com/bv1-13-br/gantry-v2-shared.cdda0aad0eba53be.min.js?cacheKey=gantry-1788679051:46
[  523138ms] [INFO] Sep-06 11:15:00.329 [API-Q] (TNWA8QCGZ) 32962251-1788682500.134 client.dms is RESOLVED @ https://a.slack-edge.com/bv1-13-br/gantry-v2-shared.cdda0aad0eba53be.min.js?cacheKey=gantry-1788679051:46
[  523144ms] [INFO] Sep-06 11:15:00.335 [API-Q] (TNWA8QCGZ) 32962251-1788682500.334 onboarding.updateUser called with reason: should_preselect_dms_item @ https://a.slack-edge.com/bv1-13-br/gantry-v2-shared.cdda0aad0eba53be.min.js?cacheKey=gantry-1788679051:46
[  523144ms] [INFO] Sep-06 11:15:00.335 [API-Q] (TNWA8QCGZ) 32962251-1788682500.334 onboarding.updateUser is ENQUEUED @ https://a.slack-edge.com/bv1-13-br/gantry-v2-shared.cdda0aad0eba53be.min.js?cacheKey=gantry-1788679051:46
[  523153ms] [INFO] Sep-06 11:15:00.343 [API-Q] (TNWA8QCGZ) 32962251-1788682500.334 onboarding.updateUser is ACTIVE @ https://a.slack-edge.com/bv1-13-br/gantry-v2-shared.cdda0aad0eba53be.min.js?cacheKey=gantry-1788679051:46
[  523156ms] [INFO] Sep-06 11:15:00.347 [UFM-MESSAGES] (TNWA8QCGZ) requesting D0C0QPCJK88-0000000000.000000 (1) @ https://a.slack-edge.com/bv1-13-br/gantry-v2-shared.cdda0aad0eba53be.min.js?cacheKey=gantry-1788679051:46
[  523157ms] [INFO] Sep-06 11:15:00.347 [API-Q] (TNWA8QCGZ) 32962251-1788682500.347 messages.list called with reason: messages-ufm @ https://a.slack-edge.com/bv1-13-br/gantry-v2-shared.cdda0aad0eba53be.min.js?cacheKey=gantry-1788679051:46
[  523157ms] [INFO] Sep-06 11:15:00.347 [API-Q] (TNWA8QCGZ) 32962251-1788682500.347 messages.list is ENQUEUED @ https://a.slack-edge.com/bv1-13-br/gantry-v2-shared.cdda0aad0eba53be.min.js?cacheKey=gantry-1788679051:46
[  523157ms] [INFO] Sep-06 11:15:00.347 [API-Q] (TNWA8QCGZ) 32962251-1788682500.347 messages.list is ACTIVE @ https://a.slack-edge.com/bv1-13-br/gantry-v2-shared.cdda0aad0eba53be.min.js?cacheKey=gantry-1788679051:46
[  523191ms] [INFO] Sep-06 11:15:00.381 [API-Q] (TNWA8QCGZ) 32962251-1788682500.197 search.autocomplete.intentModel is RESOLVED @ https://a.slack-edge.com/bv1-13-br/gantry-v2-shared.cdda0aad0eba53be.min.js?cacheKey=gantry-1788679051:46
[  523197ms] [INFO] Sep-06 11:15:00.388 [API-Q] (TNWA8QCGZ) 32962251-1788682500.196 search.autocomplete.model is RESOLVED @ https://a.slack-edge.com/bv1-13-br/gantry-v2-shared.cdda0aad0eba53be.min.js?cacheKey=gantry-1788679051:46
[  523211ms] [INFO] Sep-06 11:15:00.402 [API-Q] (TNWA8QCGZ) 32962251-1788682500.189 search.autocomplete.offlineFeatures is RESOLVED @ https://a.slack-edge.com/bv1-13-br/gantry-v2-shared.cdda0aad0eba53be.min.js?cacheKey=gantry-1788679051:46
[  523230ms] [INFO] Sep-06 11:15:00.420 [API-Q] (TNWA8QCGZ) 32962251-1788682500.204 apps.profile.get is RESOLVED @ https://a.slack-edge.com/bv1-13-br/gantry-v2-shared.cdda0aad0eba53be.min.js?cacheKey=gantry-1788679051:46
[  523230ms] [INFO] Sep-06 11:15:00.421 [UFM] (TNWA8QCGZ) received A04RDP9P5KN (1) @ https://a.slack-edge.com/bv1-13-br/gantry-v2-shared.cdda0aad0eba53be.min.js?cacheKey=gantry-1788679051:46
[  523344ms] [INFO] Sep-06 11:15:00.534 [API-Q] (TNWA8QCGZ) 32962251-1788682500.347 messages.list is RESOLVED @ https://a.slack-edge.com/bv1-13-br/gantry-v2-shared.cdda0aad0eba53be.min.js?cacheKey=gantry-1788679051:46
[  523345ms] [INFO] Sep-06 11:15:00.535 [UFM-MESSAGES] (TNWA8QCGZ) received D0C0QPCJK88-0000000000.000000 (1) @ https://a.slack-edge.com/bv1-13-br/gantry-v2-shared.cdda0aad0eba53be.min.js?cacheKey=gantry-1788679051:46
[  523345ms] [WARNING] Sep-06 11:15:00.535 UFM-messages (TNWA8QCGZ) UnknownFetchManager requested 1 objects but received 0. Missing objects: D0C0QPCJK88-0000000000.000000 @ https://a.slack-edge.com/bv1-13-br/gantry-v2-shared.cdda0aad0eba53be.min.js?cacheKey=gantry-1788679051:46
[  523350ms] [INFO] Sep-06 11:15:00.540 [API-Q] (TNWA8QCGZ) 32962251-1788682500.334 onboarding.updateUser is RESOLVED @ https://a.slack-edge.com/bv1-13-br/gantry-v2-shared.cdda0aad0eba53be.min.js?cacheKey=gantry-1788679051:46
[  525467ms] [INFO] Sep-06 11:15:02.658 [NAVIGATE-IN-MAIN-WIND] Starting a new navigation event {id: D0BVAC9KXL2, viewType: Channel, viewParams: undefined, options: Object} @ https://a.slack-edge.com/bv1-13-br/gantry-v2-shared.cdda0aad0eba53be.min.js?cacheKey=gantry-1788679051:46
[  525468ms] [INFO] Sep-06 11:15:02.658 [NAVIGATE-IN-MAIN-WIND] Applying changes to the primary container {viewSet: Object, nextTab: dms} @ https://a.slack-edge.com/bv1-13-br/gantry-v2-shared.cdda0aad0eba53be.min.js?cacheKey=gantry-1788679051:46
[  525468ms] [INFO] Sep-06 11:15:02.659 [NAVIGATION-MIDDLEWARE] Starting a new navigation middleware execution {context: navigation, nextViewSet: Object, nextSplitView: undefined, middlewareCount: 26, nextTab: dms} @ https://a.slack-edge.com/bv1-13-br/gantry-v2-shared.cdda0aad0eba53be.min.js?cacheKey=gantry-1788679051:46
[  525469ms] [INFO] Sep-06 11:15:02.659 [NAVIGATION-MIDDLEWARE] Async action execution is complete for a view {nextView: Object, results: Array(26), shouldTerminateNavigation: false, executionTime: 0.09999999962747097, nextTab: dms} @ https://a.slack-edge.com/bv1-13-br/gantry-v2-shared.cdda0aad0eba53be.min.js?cacheKey=gantry-1788679051:46
[  525469ms] [INFO] Sep-06 11:15:02.659 [NAVIGATION-MIDDLEWARE] Finish middleware execution for sidebar container {maybeTransformedViewSet: Object, maybeTransformedSplitView: undefined, terminateNavigation: false, isViewTransformed: false, iterationCount: 0} @ https://a.slack-edge.com/bv1-13-br/gantry-v2-shared.cdda0aad0eba53be.min.js?cacheKey=gantry-1788679051:46
[  525469ms] [INFO] Sep-06 11:15:02.659 [NAVIGATION-MIDDLEWARE] Async action execution is complete for a view {nextView: Object, results: Array(26), shouldTerminateNavigation: false, executionTime: 0.10000000149011612, nextTab: dms} @ https://a.slack-edge.com/bv1-13-br/gantry-v2-shared.cdda0aad0eba53be.min.js?cacheKey=gantry-1788679051:46
[  525469ms] [INFO] Sep-06 11:15:02.660 [NAVIGATION-MIDDLEWARE] View has been transformed {container: primary, initialView: Object, transformedView: Object, iterationCount: 0} @ https://a.slack-edge.com/bv1-13-br/gantry-v2-shared.cdda0aad0eba53be.min.js?cacheKey=gantry-1788679051:46
[  525469ms] [INFO] Sep-06 11:15:02.660 [NAVIGATION-MIDDLEWARE] Skipping middleware execution for sidebar container as we have cached value {initialView: Object, iterationCount: 1} @ https://a.slack-edge.com/bv1-13-br/gantry-v2-shared.cdda0aad0eba53be.min.js?cacheKey=gantry-1788679051:46
[  525469ms] [INFO] Sep-06 11:15:02.660 [NAVIGATION-MIDDLEWARE] Async action execution is complete for a view {nextView: Object, results: Array(26), shouldTerminateNavigation: false, executionTime: 0, nextTab: dms} @ https://a.slack-edge.com/bv1-13-br/gantry-v2-shared.cdda0aad0eba53be.min.js?cacheKey=gantry-1788679051:46
[  525469ms] [INFO] Sep-06 11:15:02.660 [NAVIGATION-MIDDLEWARE] Finish middleware execution for primary container {maybeTransformedViewSet: Object, maybeTransformedSplitView: undefined, terminateNavigation: false, isViewTransformed: false, iterationCount: 1} @ https://a.slack-edge.com/bv1-13-br/gantry-v2-shared.cdda0aad0eba53be.min.js?cacheKey=gantry-1788679051:46
[  525470ms] [INFO] Sep-06 11:15:02.660 [NAVIGATION-MIDDLEWARE] Finish middleware execution for primary container {maybeTransformedViewSet: Object, maybeTransformedSplitView: undefined, terminateNavigation: false, isViewTransformed: true, iterationCount: 0} @ https://a.slack-edge.com/bv1-13-br/gantry-v2-shared.cdda0aad0eba53be.min.js?cacheKey=gantry-1788679051:46
[  525470ms] [INFO] Sep-06 11:15:02.660 [NAVIGATION-MIDDLEWARE] Navigation middleware execution is complete {maybeUpdatedViewSet: Object, maybeUpdatedSplitView: undefined, terminateNavigation: false, executionTime: 1, nextTab: dms} @ https://a.slack-edge.com/bv1-13-br/gantry-v2-shared.cdda0aad0eba53be.min.js?cacheKey=gantry-1788679051:46
[  525470ms] [INFO] Sep-06 11:15:02.660 [NAVIGATE-IN-MAIN-WIND] Built view set after middleware {viewSet: Object, splitView: undefined, nextTab: dms} @ https://a.slack-edge.com/bv1-13-br/gantry-v2-shared.cdda0aad0eba53be.min.js?cacheKey=gantry-1788679051:46
[  525471ms] [INFO] Sep-06 11:15:02.661 [NAVIGATE-LISTENERS] (TNWA8QCGZ) Starting navigation listeners for triggerType NAVIGATION @ https://a.slack-edge.com/bv1-13-br/gantry-v2-shared.cdda0aad0eba53be.min.js?cacheKey=gantry-1788679051:46
[  525472ms] [INFO] Sep-06 11:15:02.663 [SET-LAST-READ] (TNWA8QCGZ) markLastRead D0BVAC9KXL2:1788682461.728929, immediate: false @ https://a.slack-edge.com/bv1-13-br/gantry-v2-shared.cdda0aad0eba53be.min.js?cacheKey=gantry-1788679051:46
[  525473ms] [INFO] Sep-06 11:15:02.663 [SET-LAST-READ] (TNWA8QCGZ) delaying D0BVAC9KXL2:1788682461.728929 mark by 4973.0021928481865ms @ https://a.slack-edge.com/bv1-13-br/gantry-v2-shared.cdda0aad0eba53be.min.js?cacheKey=gantry-1788679051:46
[  525473ms] [INFO] Sep-06 11:15:02.663 [NAVIGATE-LISTENERS] (TNWA8QCGZ) Navigation listeners complete without errors @ https://a.slack-edge.com/bv1-13-br/gantry-v2-shared.cdda0aad0eba53be.min.js?cacheKey=gantry-1788679051:46
[  525473ms] [INFO] Sep-06 11:15:02.663 [NAVIGATE-IN-MAIN-WIND]  Navigation thunk execution complete {id: D0BVAC9KXL2, viewType: Channel, viewParams: undefined, options: Object} @ https://a.slack-edge.com/bv1-13-br/gantry-v2-shared.cdda0aad0eba53be.min.js?cacheKey=gantry-1788679051:46
[  525473ms] [INFO] Sep-06 11:15:02.664 [UNREAD-COUNTS] (TNWA8QCGZ) Counting unreads in D0BVAC9KXL2 because last_read changed to 1788682461.728929 @ https://a.slack-edge.com/bv1-13-br/gantry-v2-shared.cdda0aad0eba53be.min.js?cacheKey=gantry-1788679051:46
[  525473ms] [INFO] Sep-06 11:15:02.664 [COUNTS] (TNWA8QCGZ) Updated counts for D0BVAC9KXL2: unreadCnt 0, unreadHighlightCnt 0, unreadVIPMentionCnt 0 @ https://a.slack-edge.com/bv1-13-br/gantry-v2-shared.cdda0aad0eba53be.min.js?cacheKey=gantry-1788679051:46
[  525492ms] [ERROR] Icon undefined not found @ https://a.slack-edge.com/bv1-13-br/gantry-v2-vendors.7adf7698d3b43b99.min.js?cacheKey=gantry-1788679051:237
[  525527ms] [INFO] Sep-06 11:15:02.717 [COUNTS] (TNWA8QCGZ) dmsBadgeCount: 0 @ https://a.slack-edge.com/bv1-13-br/gantry-v2-shared.cdda0aad0eba53be.min.js?cacheKey=gantry-1788679051:46
[  525527ms] [INFO] Sep-06 11:15:02.717 [COUNTS] (TNWA8QCGZ) activityBadgeCount: 0 @ https://a.slack-edge.com/bv1-13-br/gantry-v2-shared.cdda0aad0eba53be.min.js?cacheKey=gantry-1788679051:46
[  525543ms] [INFO] Sep-06 11:15:02.734 [API-Q] (TNWA8QCGZ) 32962251-1788682502.733 users.isEarlyJoiner called with reason: prefill-dm-canvas @ https://a.slack-edge.com/bv1-13-br/gantry-v2-shared.cdda0aad0eba53be.min.js?cacheKey=gantry-1788679051:46
[  525543ms] [INFO] Sep-06 11:15:02.734 [API-Q] (TNWA8QCGZ) 32962251-1788682502.733 users.isEarlyJoiner is ENQUEUED @ https://a.slack-edge.com/bv1-13-br/gantry-v2-shared.cdda0aad0eba53be.min.js?cacheKey=gantry-1788679051:46
[  525550ms] [INFO] Sep-06 11:15:02.740 [API-Q] (TNWA8QCGZ) 32962251-1788682502.740 users.profile.getSections called with reason: profiles @ https://a.slack-edge.com/bv1-13-br/gantry-v2-shared.cdda0aad0eba53be.min.js?cacheKey=gantry-1788679051:46
[  525550ms] [INFO] Sep-06 11:15:02.741 [API-Q] (TNWA8QCGZ) 32962251-1788682502.740 users.profile.getSections is ENQUEUED @ https://a.slack-edge.com/bv1-13-br/gantry-v2-shared.cdda0aad0eba53be.min.js?cacheKey=gantry-1788679051:46
[  525556ms] [INFO] Sep-06 11:15:02.746 [API-Q] (TNWA8QCGZ) noversion-1788682502.746 Flannel permissions/info called with reason: flannel-call:permissions/info @ https://a.slack-edge.com/bv1-13-br/gantry-v2-shared.cdda0aad0eba53be.min.js?cacheKey=gantry-1788679051:46
[  525556ms] [INFO] Sep-06 11:15:02.746 [API-Q] (TNWA8QCGZ) noversion-1788682502.746 Flannel permissions/info is ENQUEUED @ https://a.slack-edge.com/bv1-13-br/gantry-v2-shared.cdda0aad0eba53be.min.js?cacheKey=gantry-1788679051:46
[  525556ms] [INFO] Sep-06 11:15:02.747 [API-Q] (TNWA8QCGZ) 32962251-1788682502.733 users.isEarlyJoiner is ACTIVE @ https://a.slack-edge.com/bv1-13-br/gantry-v2-shared.cdda0aad0eba53be.min.js?cacheKey=gantry-1788679051:46
[  525556ms] [INFO] Sep-06 11:15:02.747 [API-Q] (TNWA8QCGZ) 32962251-1788682502.740 users.profile.getSections is ACTIVE @ https://a.slack-edge.com/bv1-13-br/gantry-v2-shared.cdda0aad0eba53be.min.js?cacheKey=gantry-1788679051:46
[  525557ms] [INFO] Sep-06 11:15:02.747 [API-Q] (TNWA8QCGZ) noversion-1788682502.746 Flannel permissions/info is ACTIVE @ https://a.slack-edge.com/bv1-13-br/gantry-v2-shared.cdda0aad0eba53be.min.js?cacheKey=gantry-1788679051:46
[  525560ms] [INFO] Sep-06 11:15:02.750 [API-Q] (TNWA8QCGZ) noversion-1788682502.750 Flannel channels/info called with reason: flannel-call:channels/info @ https://a.slack-edge.com/bv1-13-br/gantry-v2-shared.cdda0aad0eba53be.min.js?cacheKey=gantry-1788679051:46
[  525560ms] [INFO] Sep-06 11:15:02.750 [API-Q] (TNWA8QCGZ) noversion-1788682502.750 Flannel channels/info is ENQUEUED @ https://a.slack-edge.com/bv1-13-br/gantry-v2-shared.cdda0aad0eba53be.min.js?cacheKey=gantry-1788679051:46
[  525560ms] [INFO] Sep-06 11:15:02.750 [API-Q] (TNWA8QCGZ) noversion-1788682502.750 Flannel channels/info is ACTIVE @ https://a.slack-edge.com/bv1-13-br/gantry-v2-shared.cdda0aad0eba53be.min.js?cacheKey=gantry-1788679051:46
[  525625ms] [INFO] Sep-06 11:15:02.816 [API-Q] (TNWA8QCGZ) noversion-1788682502.746 Flannel permissions/info is RESOLVED @ https://a.slack-edge.com/bv1-13-br/gantry-v2-shared.cdda0aad0eba53be.min.js?cacheKey=gantry-1788679051:46
[  525627ms] [INFO] Sep-06 11:15:02.817 [API-Q] (TNWA8QCGZ) noversion-1788682502.750 Flannel channels/info is RESOLVED @ https://a.slack-edge.com/bv1-13-br/gantry-v2-shared.cdda0aad0eba53be.min.js?cacheKey=gantry-1788679051:46
[  525722ms] [INFO] Sep-06 11:15:02.912 [CHECK-UNREADS] (TNWA8QCGZ) unreadLineVisible updated in main window container primary: false -> true @ https://a.slack-edge.com/bv1-13-br/gantry-v2-shared.cdda0aad0eba53be.min.js?cacheKey=gantry-1788679051:46
[  525747ms] [INFO] Sep-06 11:15:02.938 [API-Q] (TNWA8QCGZ) 32962251-1788682502.733 users.isEarlyJoiner is RESOLVED @ https://a.slack-edge.com/bv1-13-br/gantry-v2-shared.cdda0aad0eba53be.min.js?cacheKey=gantry-1788679051:46
[  525762ms] [INFO] Sep-06 11:15:02.953 [API-Q] (TNWA8QCGZ) 32962251-1788682502.740 users.profile.getSections is RESOLVED @ https://a.slack-edge.com/bv1-13-br/gantry-v2-shared.cdda0aad0eba53be.min.js?cacheKey=gantry-1788679051:46
[  526073ms] [INFO] Sep-06 11:15:03.263 [CHECK-UNREADS] (TNWA8QCGZ) Checking unreads after unread line became visible @ https://a.slack-edge.com/bv1-13-br/gantry-v2-shared.cdda0aad0eba53be.min.js?cacheKey=gantry-1788679051:46
[  526073ms] [INFO] Sep-06 11:15:03.263 [CHECK-UNREADS] (TNWA8QCGZ) Not marking D0BVAC9KXL2 because last_read >= latest && channel is read @ https://a.slack-edge.com/bv1-13-br/gantry-v2-shared.cdda0aad0eba53be.min.js?cacheKey=gantry-1788679051:46
[  529977ms] [INFO] Sep-06 11:15:07.167 [HISTORY-FETCH] (TNWA8QCGZ) Fetching history for message pane: C03MB5W8D1P oldest: null latest: null @ https://a.slack-edge.com/bv1-13-br/gantry-v2-shared.cdda0aad0eba53be.min.js?cacheKey=gantry-1788679051:46
[  529978ms] [INFO] Sep-06 11:15:07.168 [API-Q] (TNWA8QCGZ) 32962251-1788682507.168 conversations.history called with reason: channel-hover-card/latest-timestamp @ https://a.slack-edge.com/bv1-13-br/gantry-v2-shared.cdda0aad0eba53be.min.js?cacheKey=gantry-1788679051:46
[  529978ms] [INFO] Sep-06 11:15:07.168 [API-Q] (TNWA8QCGZ) 32962251-1788682507.168 conversations.history is ENQUEUED @ https://a.slack-edge.com/bv1-13-br/gantry-v2-shared.cdda0aad0eba53be.min.js?cacheKey=gantry-1788679051:46
[  529979ms] [INFO] Sep-06 11:15:07.170 [API-Q] (TNWA8QCGZ) 32962251-1788682507.168 conversations.history is ACTIVE @ https://a.slack-edge.com/bv1-13-br/gantry-v2-shared.cdda0aad0eba53be.min.js?cacheKey=gantry-1788679051:46
[  529981ms] [INFO] Sep-06 11:15:07.171 [API-Q] (TNWA8QCGZ) noversion-1788682507.171 Flannel users/counts called with reason: flannel-call:users/counts @ https://a.slack-edge.com/bv1-13-br/gantry-v2-shared.cdda0aad0eba53be.min.js?cacheKey=gantry-1788679051:46
[  529981ms] [INFO] Sep-06 11:15:07.171 [API-Q] (TNWA8QCGZ) noversion-1788682507.171 Flannel users/counts is ENQUEUED @ https://a.slack-edge.com/bv1-13-br/gantry-v2-shared.cdda0aad0eba53be.min.js?cacheKey=gantry-1788679051:46
[  529981ms] [INFO] Sep-06 11:15:07.171 [API-Q] (TNWA8QCGZ) noversion-1788682507.171 Flannel users/counts is ACTIVE @ https://a.slack-edge.com/bv1-13-br/gantry-v2-shared.cdda0aad0eba53be.min.js?cacheKey=gantry-1788679051:46
[  530053ms] [INFO] Sep-06 11:15:07.243 [API-Q] (TNWA8QCGZ) noversion-1788682507.171 Flannel users/counts is RESOLVED @ https://a.slack-edge.com/bv1-13-br/gantry-v2-shared.cdda0aad0eba53be.min.js?cacheKey=gantry-1788679051:46
[  530171ms] [INFO] Sep-06 11:15:07.361 [API-Q] (TNWA8QCGZ) 32962251-1788682507.168 conversations.history is RESOLVED @ https://a.slack-edge.com/bv1-13-br/gantry-v2-shared.cdda0aad0eba53be.min.js?cacheKey=gantry-1788679051:46
[  530171ms] [INFO] Sep-06 11:15:07.362 [PLATFORM-CHANNEL-ACTI] (TNWA8QCGZ) setting count for channel C03MB5W8D1P to 0, and marking channel as stale. @ https://a.slack-edge.com/bv1-13-br/gantry-v2-shared.cdda0aad0eba53be.min.js?cacheKey=gantry-1788679051:46
[  530172ms] [INFO] Sep-06 11:15:07.363 [PINS] (TNWA8QCGZ) Pins count updated for channel C03MB5W8D1P: 0 @ https://a.slack-edge.com/bv1-13-br/gantry-v2-shared.cdda0aad0eba53be.min.js?cacheKey=gantry-1788679051:46
[  530446ms] [INFO] Sep-06 11:15:07.636 [SET-LAST-READ] (TNWA8QCGZ) delay resolved, marking D0BVAC9KXL2:1788682461.728929 with API @ https://a.slack-edge.com/bv1-13-br/gantry-v2-shared.cdda0aad0eba53be.min.js?cacheKey=gantry-1788679051:46
[  530446ms] [INFO] Sep-06 11:15:07.636 [SET-LAST-READ] (TNWA8QCGZ) dispatch conversations.mark with markWithAPI D0BVAC9KXL2:1788682461.728929 @ https://a.slack-edge.com/bv1-13-br/gantry-v2-shared.cdda0aad0eba53be.min.js?cacheKey=gantry-1788679051:46
[  530446ms] [INFO] Sep-06 11:15:07.637 [API-Q] (TNWA8QCGZ) 32962251-1788682507.636 conversations.mark called with reason: viewed @ https://a.slack-edge.com/bv1-13-br/gantry-v2-shared.cdda0aad0eba53be.min.js?cacheKey=gantry-1788679051:46
[  530446ms] [INFO] Sep-06 11:15:07.637 [API-Q] (TNWA8QCGZ) 32962251-1788682507.636 conversations.mark is ENQUEUED @ https://a.slack-edge.com/bv1-13-br/gantry-v2-shared.cdda0aad0eba53be.min.js?cacheKey=gantry-1788679051:46
[  530446ms] [INFO] Sep-06 11:15:07.637 [API-Q] (TNWA8QCGZ) 32962251-1788682507.636 conversations.mark is ACTIVE @ https://a.slack-edge.com/bv1-13-br/gantry-v2-shared.cdda0aad0eba53be.min.js?cacheKey=gantry-1788679051:46
[  530708ms] [INFO] Sep-06 11:15:07.899 [API-Q] (TNWA8QCGZ) 32962251-1788682507.636 conversations.mark is RESOLVED @ https://a.slack-edge.com/bv1-13-br/gantry-v2-shared.cdda0aad0eba53be.min.js?cacheKey=gantry-1788679051:46
[  530725ms] [INFO] Sep-06 11:15:07.916 [RTM-ACTIVITY] (TNWA8QCGZ) RTM-ACTIVITY activity_updated @ https://a.slack-edge.com/bv1-13-br/gantry-v2-shared.cdda0aad0eba53be.min.js?cacheKey=gantry-1788679051:46
[  530726ms] [INFO] Sep-06 11:15:07.917 [RTM-BADGE-COUNTS-UPDA] (TNWA8QCGZ) badge_counts_updated @ https://a.slack-edge.com/bv1-13-br/gantry-v2-shared.cdda0aad0eba53be.min.js?cacheKey=gantry-1788679051:46
[  530726ms] [INFO] Sep-06 11:15:07.917 [RTM-ACTIVITY] (TNWA8QCGZ) RTM-ACTIVITY activity_updated @ https://a.slack-edge.com/bv1-13-br/gantry-v2-shared.cdda0aad0eba53be.min.js?cacheKey=gantry-1788679051:46
[  538169ms] [INFO] Sep-06 11:15:15.360 [NAVIGATE-IN-MAIN-WIND] Starting a new navigation event {id: C03MB5W8D1P, viewType: Channel, viewParams: undefined, options: Object} @ https://a.slack-edge.com/bv1-13-br/gantry-v2-shared.cdda0aad0eba53be.min.js?cacheKey=gantry-1788679051:46
[  538170ms] [INFO] Sep-06 11:15:15.360 [APPLY-DETAIL-VIEW] ViewSet with detail view applied {viewSet: Object} @ https://a.slack-edge.com/bv1-13-br/gantry-v2-shared.cdda0aad0eba53be.min.js?cacheKey=gantry-1788679051:46
[  538170ms] [INFO] Sep-06 11:15:15.361 [NAVIGATE-IN-MAIN-WIND] Applying changes to the primary container {viewSet: Object, nextTab: home} @ https://a.slack-edge.com/bv1-13-br/gantry-v2-shared.cdda0aad0eba53be.min.js?cacheKey=gantry-1788679051:46
[  538170ms] [INFO] Sep-06 11:15:15.361 [NAVIGATION-MIDDLEWARE] Starting a new navigation middleware execution {context: navigation, nextViewSet: Object, nextSplitView: undefined, middlewareCount: 26, nextTab: home} @ https://a.slack-edge.com/bv1-13-br/gantry-v2-shared.cdda0aad0eba53be.min.js?cacheKey=gantry-1788679051:46
[  538170ms] [INFO] Sep-06 11:15:15.361 [NAVIGATION-MIDDLEWARE] Async action execution is complete for a view {nextView: Object, results: Array(26), shouldTerminateNavigation: false, executionTime: 0.19999999925494194, nextTab: home} @ https://a.slack-edge.com/bv1-13-br/gantry-v2-shared.cdda0aad0eba53be.min.js?cacheKey=gantry-1788679051:46
[  538171ms] [INFO] Sep-06 11:15:15.361 [NAVIGATION-MIDDLEWARE] Finish middleware execution for sidebar container {maybeTransformedViewSet: Object, maybeTransformedSplitView: undefined, terminateNavigation: false, isViewTransformed: false, iterationCount: 0} @ https://a.slack-edge.com/bv1-13-br/gantry-v2-shared.cdda0aad0eba53be.min.js?cacheKey=gantry-1788679051:46
[  538171ms] [INFO] Sep-06 11:15:15.361 [NAVIGATION-MIDDLEWARE] Async action execution is complete for a view {nextView: Object, results: Array(26), shouldTerminateNavigation: false, executionTime: 0, nextTab: home} @ https://a.slack-edge.com/bv1-13-br/gantry-v2-shared.cdda0aad0eba53be.min.js?cacheKey=gantry-1788679051:46
[  538171ms] [INFO] Sep-06 11:15:15.361 [APPLY-DETAIL-VIEW] ViewSet with detail view applied {viewSet: Object} @ https://a.slack-edge.com/bv1-13-br/gantry-v2-shared.cdda0aad0eba53be.min.js?cacheKey=gantry-1788679051:46
[  538171ms] [INFO] Sep-06 11:15:15.361 [NAVIGATION-MIDDLEWARE] View has been transformed {container: primary, initialView: Object, transformedView: Object, iterationCount: 0} @ https://a.slack-edge.com/bv1-13-br/gantry-v2-shared.cdda0aad0eba53be.min.js?cacheKey=gantry-1788679051:46
[  538171ms] [INFO] Sep-06 11:15:15.361 [NAVIGATION-MIDDLEWARE] Skipping middleware execution for sidebar container as we have cached value {initialView: Object, iterationCount: 1} @ https://a.slack-edge.com/bv1-13-br/gantry-v2-shared.cdda0aad0eba53be.min.js?cacheKey=gantry-1788679051:46
[  538171ms] [INFO] Sep-06 11:15:15.361 [NAVIGATION-MIDDLEWARE] Async action execution is complete for a view {nextView: Object, results: Array(26), shouldTerminateNavigation: false, executionTime: 0, nextTab: home} @ https://a.slack-edge.com/bv1-13-br/gantry-v2-shared.cdda0aad0eba53be.min.js?cacheKey=gantry-1788679051:46
[  538171ms] [INFO] Sep-06 11:15:15.362 [NAVIGATION-MIDDLEWARE] Finish middleware execution for primary container {maybeTransformedViewSet: Object, maybeTransformedSplitView: undefined, terminateNavigation: false, isViewTransformed: false, iterationCount: 1} @ https://a.slack-edge.com/bv1-13-br/gantry-v2-shared.cdda0aad0eba53be.min.js?cacheKey=gantry-1788679051:46
[  538171ms] [INFO] Sep-06 11:15:15.362 [NAVIGATION-MIDDLEWARE] Finish middleware execution for primary container {maybeTransformedViewSet: Object, maybeTransformedSplitView: undefined, terminateNavigation: false, isViewTransformed: true, iterationCount: 0} @ https://a.slack-edge.com/bv1-13-br/gantry-v2-shared.cdda0aad0eba53be.min.js?cacheKey=gantry-1788679051:46
[  538171ms] [INFO] Sep-06 11:15:15.362 [NAVIGATION-MIDDLEWARE] Navigation middleware execution is complete {maybeUpdatedViewSet: Object, maybeUpdatedSplitView: undefined, terminateNavigation: false, executionTime: 0.8000000007450581, nextTab: home} @ https://a.slack-edge.com/bv1-13-br/gantry-v2-shared.cdda0aad0eba53be.min.js?cacheKey=gantry-1788679051:46
[  538171ms] [INFO] Sep-06 11:15:15.362 [NAVIGATE-IN-MAIN-WIND] Built view set after middleware {viewSet: Object, splitView: undefined, nextTab: home} @ https://a.slack-edge.com/bv1-13-br/gantry-v2-shared.cdda0aad0eba53be.min.js?cacheKey=gantry-1788679051:46
[  538172ms] [INFO] Sep-06 11:15:15.363 [NAVIGATE-LISTENERS] (TNWA8QCGZ) Starting navigation listeners for triggerType NAVIGATION @ https://a.slack-edge.com/bv1-13-br/gantry-v2-shared.cdda0aad0eba53be.min.js?cacheKey=gantry-1788679051:46
[  538174ms] [INFO] Sep-06 11:15:15.364 [MARK-MOST-RECENT] (TNWA8QCGZ) Skip marking most recent message in C03MB5W8D1P as read because getLatestTs (1788530283.524929) is less than getLastReadTs (1788536622.091549) @ https://a.slack-edge.com/bv1-13-br/gantry-v2-shared.cdda0aad0eba53be.min.js?cacheKey=gantry-1788679051:46
[  538174ms] [INFO] Sep-06 11:15:15.364 [NAVIGATE-LISTENERS] (TNWA8QCGZ) Navigation listeners complete without errors @ https://a.slack-edge.com/bv1-13-br/gantry-v2-shared.cdda0aad0eba53be.min.js?cacheKey=gantry-1788679051:46
[  538174ms] [INFO] Sep-06 11:15:15.365 [NAVIGATE-IN-MAIN-WIND]  Navigation thunk execution complete {id: C03MB5W8D1P, viewType: Channel, viewParams: undefined, options: Object} @ https://a.slack-edge.com/bv1-13-br/gantry-v2-shared.cdda0aad0eba53be.min.js?cacheKey=gantry-1788679051:46
[  538204ms] [INFO] Sep-06 11:15:15.394 [MESSAGE-LIST] (TNWA8QCGZ) getScrollmark reason:unmount channelId:D0BVAC9KXL2 at end @ https://a.slack-edge.com/bv1-13-br/gantry-v2-shared.cdda0aad0eba53be.min.js?cacheKey=gantry-1788679051:46
[  538233ms] [INFO] Sep-06 11:15:15.423 [DRAFTS] (TNWA8QCGZ) There are no channels with drafts @ https://a.slack-edge.com/bv1-13-br/gantry-v2-shared.cdda0aad0eba53be.min.js?cacheKey=gantry-1788679051:46
[  538234ms] [INFO] Sep-06 11:15:15.424 [API-Q] (TNWA8QCGZ) 32962251-1788682515.424 sharedInvites.canGetLink called with reason: sidebar-mount @ https://a.slack-edge.com/bv1-13-br/gantry-v2-shared.cdda0aad0eba53be.min.js?cacheKey=gantry-1788679051:46
[  538234ms] [INFO] Sep-06 11:15:15.424 [API-Q] (TNWA8QCGZ) 32962251-1788682515.424 sharedInvites.canGetLink is ENQUEUED @ https://a.slack-edge.com/bv1-13-br/gantry-v2-shared.cdda0aad0eba53be.min.js?cacheKey=gantry-1788679051:46
[  538246ms] [INFO] Sep-06 11:15:15.436 [API-Q] (TNWA8QCGZ) 32962251-1788682515.436 megaphone.notifications.list called with reason: load-megaphone-notification-data @ https://a.slack-edge.com/bv1-13-br/gantry-v2-shared.cdda0aad0eba53be.min.js?cacheKey=gantry-1788679051:46
[  538246ms] [INFO] Sep-06 11:15:15.437 [API-Q] (TNWA8QCGZ) 32962251-1788682515.436 megaphone.notifications.list is ENQUEUED @ https://a.slack-edge.com/bv1-13-br/gantry-v2-shared.cdda0aad0eba53be.min.js?cacheKey=gantry-1788679051:46
[  538284ms] [INFO] Sep-06 11:15:15.475 [HISTORY-FETCH] (TNWA8QCGZ) Fetching history for message pane: C03MB5W8D1P oldest: null latest: 1788530283.524929 @ https://a.slack-edge.com/bv1-13-br/gantry-v2-shared.cdda0aad0eba53be.min.js?cacheKey=gantry-1788679051:46
[  538285ms] [INFO] Sep-06 11:15:15.476 [API-Q] (TNWA8QCGZ) 32962251-1788682515.475 conversations.history called with reason: message-pane/requestHistory @ https://a.slack-edge.com/bv1-13-br/gantry-v2-shared.cdda0aad0eba53be.min.js?cacheKey=gantry-1788679051:46
[  538285ms] [INFO] Sep-06 11:15:15.476 [API-Q] (TNWA8QCGZ) 32962251-1788682515.475 conversations.history is ENQUEUED @ https://a.slack-edge.com/bv1-13-br/gantry-v2-shared.cdda0aad0eba53be.min.js?cacheKey=gantry-1788679051:46
[  538287ms] [INFO] Sep-06 11:15:15.477 [API-Q] (TNWA8QCGZ) 32962251-1788682515.477 megaphone.setNotificationAsSeen called with reason: record-notification-event @ https://a.slack-edge.com/bv1-13-br/gantry-v2-shared.cdda0aad0eba53be.min.js?cacheKey=gantry-1788679051:46
[  538287ms] [INFO] Sep-06 11:15:15.478 [API-Q] (TNWA8QCGZ) 32962251-1788682515.477 megaphone.setNotificationAsSeen is ENQUEUED @ https://a.slack-edge.com/bv1-13-br/gantry-v2-shared.cdda0aad0eba53be.min.js?cacheKey=gantry-1788679051:46
[  538298ms] [INFO] Sep-06 11:15:15.489 [API-Q] (TNWA8QCGZ) noversion-1788682515.489 Flannel users/list called with reason: flannel-call:users/list @ https://a.slack-edge.com/bv1-13-br/gantry-v2-shared.cdda0aad0eba53be.min.js?cacheKey=gantry-1788679051:46
[  538299ms] [INFO] Sep-06 11:15:15.489 [API-Q] (TNWA8QCGZ) noversion-1788682515.489 Flannel users/list is ENQUEUED @ https://a.slack-edge.com/bv1-13-br/gantry-v2-shared.cdda0aad0eba53be.min.js?cacheKey=gantry-1788679051:46
[  538299ms] [INFO] Sep-06 11:15:15.489 [API-Q] (TNWA8QCGZ) noversion-1788682515.489 Flannel permissions/info called with reason: flannel-call:permissions/info @ https://a.slack-edge.com/bv1-13-br/gantry-v2-shared.cdda0aad0eba53be.min.js?cacheKey=gantry-1788679051:46
[  538299ms] [INFO] Sep-06 11:15:15.489 [API-Q] (TNWA8QCGZ) noversion-1788682515.489 Flannel permissions/info is ENQUEUED @ https://a.slack-edge.com/bv1-13-br/gantry-v2-shared.cdda0aad0eba53be.min.js?cacheKey=gantry-1788679051:46
[  538299ms] [INFO] Sep-06 11:15:15.490 [API-Q] (TNWA8QCGZ) 32962251-1788682515.424 sharedInvites.canGetLink is ACTIVE @ https://a.slack-edge.com/bv1-13-br/gantry-v2-shared.cdda0aad0eba53be.min.js?cacheKey=gantry-1788679051:46
[  538300ms] [INFO] Sep-06 11:15:15.490 [API-Q] (TNWA8QCGZ) 32962251-1788682515.436 megaphone.notifications.list is ACTIVE @ https://a.slack-edge.com/bv1-13-br/gantry-v2-shared.cdda0aad0eba53be.min.js?cacheKey=gantry-1788679051:46
[  538300ms] [INFO] Sep-06 11:15:15.490 [API-Q] (TNWA8QCGZ) 32962251-1788682515.475 conversations.history is ACTIVE @ https://a.slack-edge.com/bv1-13-br/gantry-v2-shared.cdda0aad0eba53be.min.js?cacheKey=gantry-1788679051:46
[  538300ms] [INFO] Sep-06 11:15:15.491 [API-Q] (TNWA8QCGZ) 32962251-1788682515.477 megaphone.setNotificationAsSeen is ACTIVE @ https://a.slack-edge.com/bv1-13-br/gantry-v2-shared.cdda0aad0eba53be.min.js?cacheKey=gantry-1788679051:46
[  538300ms] [INFO] Sep-06 11:15:15.491 [API-Q] (TNWA8QCGZ) noversion-1788682515.489 Flannel users/list is ACTIVE @ https://a.slack-edge.com/bv1-13-br/gantry-v2-shared.cdda0aad0eba53be.min.js?cacheKey=gantry-1788679051:46
[  538300ms] [INFO] Sep-06 11:15:15.491 [API-Q] (TNWA8QCGZ) noversion-1788682515.489 Flannel permissions/info is ACTIVE @ https://a.slack-edge.com/bv1-13-br/gantry-v2-shared.cdda0aad0eba53be.min.js?cacheKey=gantry-1788679051:46
[  538314ms] [INFO] Sep-06 11:15:15.504 [API-Q] (TNWA8QCGZ) 32962251-1788682515.504 conversations.listPrefs called with reason: client_redux_store @ https://a.slack-edge.com/bv1-13-br/gantry-v2-shared.cdda0aad0eba53be.min.js?cacheKey=gantry-1788679051:46
[  538314ms] [INFO] Sep-06 11:15:15.504 [API-Q] (TNWA8QCGZ) 32962251-1788682515.504 conversations.listPrefs is ENQUEUED @ https://a.slack-edge.com/bv1-13-br/gantry-v2-shared.cdda0aad0eba53be.min.js?cacheKey=gantry-1788679051:46
[  538314ms] [INFO] Sep-06 11:15:15.505 [API-Q] (TNWA8QCGZ) 32962251-1788682515.504 conversations.listPrefs is ACTIVE @ https://a.slack-edge.com/bv1-13-br/gantry-v2-shared.cdda0aad0eba53be.min.js?cacheKey=gantry-1788679051:46
[  538314ms] [INFO] Sep-06 11:15:15.505 [UFM-PERMISSIONS] (TNWA8QCGZ) requesting SET_CHANNEL_TOPIC,ASSIGN_CHANNEL_MANAGER,CAN_AT_CHANNEL,CAN_AT_EVERYONE,ARCHIVE_CHANNEL (1) @ https://a.slack-edge.com/bv1-13-br/gantry-v2-shared.cdda0aad0eba53be.min.js?cacheKey=gantry-1788679051:46
[  538315ms] [INFO] Sep-06 11:15:15.505 [API-Q] (TNWA8QCGZ) noversion-1788682515.505 Flannel permissions/info called with reason: flannel-call:permissions/info @ https://a.slack-edge.com/bv1-13-br/gantry-v2-shared.cdda0aad0eba53be.min.js?cacheKey=gantry-1788679051:46
[  538315ms] [INFO] Sep-06 11:15:15.505 [API-Q] (TNWA8QCGZ) noversion-1788682515.505 Flannel permissions/info is ENQUEUED @ https://a.slack-edge.com/bv1-13-br/gantry-v2-shared.cdda0aad0eba53be.min.js?cacheKey=gantry-1788679051:46
[  538315ms] [INFO] Sep-06 11:15:15.506 [API-Q] (TNWA8QCGZ) noversion-1788682515.505 Flannel permissions/info is ACTIVE @ https://a.slack-edge.com/bv1-13-br/gantry-v2-shared.cdda0aad0eba53be.min.js?cacheKey=gantry-1788679051:46
[  538315ms] [INFO] Sep-06 11:15:15.506 [UFM-MEMBERS] (TNWA8QCGZ) requesting U0BV3Q62S3T (1) @ https://a.slack-edge.com/bv1-13-br/gantry-v2-shared.cdda0aad0eba53be.min.js?cacheKey=gantry-1788679051:46
[  538315ms] [INFO] Sep-06 11:15:15.506 [API-Q] (TNWA8QCGZ) noversion-1788682515.506 Flannel users/info called with reason: flannel-call:users/info @ https://a.slack-edge.com/bv1-13-br/gantry-v2-shared.cdda0aad0eba53be.min.js?cacheKey=gantry-1788679051:46
[  538315ms] [INFO] Sep-06 11:15:15.506 [API-Q] (TNWA8QCGZ) noversion-1788682515.506 Flannel users/info is ENQUEUED @ https://a.slack-edge.com/bv1-13-br/gantry-v2-shared.cdda0aad0eba53be.min.js?cacheKey=gantry-1788679051:46
[  538316ms] [INFO] Sep-06 11:15:15.506 [API-Q] (TNWA8QCGZ) noversion-1788682515.506 Flannel users/info is ACTIVE @ https://a.slack-edge.com/bv1-13-br/gantry-v2-shared.cdda0aad0eba53be.min.js?cacheKey=gantry-1788679051:46
[  538316ms] [INFO] Sep-06 11:15:15.506 [UFM] (TNWA8QCGZ) requesting C03MB5W8D1P (1) @ https://a.slack-edge.com/bv1-13-br/gantry-v2-shared.cdda0aad0eba53be.min.js?cacheKey=gantry-1788679051:46
[  538316ms] [INFO] Sep-06 11:15:15.506 [UFM] (TNWA8QCGZ) received C03MB5W8D1P (1) @ https://a.slack-edge.com/bv1-13-br/gantry-v2-shared.cdda0aad0eba53be.min.js?cacheKey=gantry-1788679051:46
[  538318ms] [INFO] Sep-06 11:15:15.508 [API-Q] (TNWA8QCGZ) 32962251-1788682515.508 bookmarks.list called with reason: bookmarks-store/conditional-fetching @ https://a.slack-edge.com/bv1-13-br/gantry-v2-shared.cdda0aad0eba53be.min.js?cacheKey=gantry-1788679051:46
[  538318ms] [INFO] Sep-06 11:15:15.508 [API-Q] (TNWA8QCGZ) 32962251-1788682515.508 bookmarks.list is ENQUEUED @ https://a.slack-edge.com/bv1-13-br/gantry-v2-shared.cdda0aad0eba53be.min.js?cacheKey=gantry-1788679051:46
[  538318ms] [INFO] Sep-06 11:15:15.508 [API-Q] (TNWA8QCGZ) 32962251-1788682515.508 bookmarks.list is ACTIVE @ https://a.slack-edge.com/bv1-13-br/gantry-v2-shared.cdda0aad0eba53be.min.js?cacheKey=gantry-1788679051:46
[  538318ms] [INFO] Sep-06 11:15:15.508 [UFM-REACJITRIGGERS] (TNWA8QCGZ) requesting C03MB5W8D1P (1) @ https://a.slack-edge.com/bv1-13-br/gantry-v2-shared.cdda0aad0eba53be.min.js?cacheKey=gantry-1788679051:46
[  538319ms] [INFO] Sep-06 11:15:15.509 [API-Q] (TNWA8QCGZ) 32962251-1788682515.509 conversations.bulkReacjiTriggers called with reason: reacji_triggers_ufm @ https://a.slack-edge.com/bv1-13-br/gantry-v2-shared.cdda0aad0eba53be.min.js?cacheKey=gantry-1788679051:46
[  538319ms] [INFO] Sep-06 11:15:15.509 [API-Q] (TNWA8QCGZ) 32962251-1788682515.509 conversations.bulkReacjiTriggers is ENQUEUED @ https://a.slack-edge.com/bv1-13-br/gantry-v2-shared.cdda0aad0eba53be.min.js?cacheKey=gantry-1788679051:46
[  538327ms] [INFO] Sep-06 11:15:15.518 [MESSAGE-LIST] (TNWA8QCGZ) componentWillReceiveProps isLoading: true isLoadingOlder: true timestamps: 1 @ https://a.slack-edge.com/bv1-13-br/gantry-v2-shared.cdda0aad0eba53be.min.js?cacheKey=gantry-1788679051:46
[  538367ms] [INFO] Sep-06 11:15:15.557 [API-Q] (TNWA8QCGZ) noversion-1788682515.489 Flannel users/list is RESOLVED @ https://a.slack-edge.com/bv1-13-br/gantry-v2-shared.cdda0aad0eba53be.min.js?cacheKey=gantry-1788679051:46
[  538367ms] [INFO] Sep-06 11:15:15.558 [API-Q] (TNWA8QCGZ) 32962251-1788682515.509 conversations.bulkReacjiTriggers is ACTIVE @ https://a.slack-edge.com/bv1-13-br/gantry-v2-shared.cdda0aad0eba53be.min.js?cacheKey=gantry-1788679051:46
[  538376ms] [INFO] Sep-06 11:15:15.566 [API-Q] (TNWA8QCGZ) noversion-1788682515.489 Flannel permissions/info is RESOLVED @ https://a.slack-edge.com/bv1-13-br/gantry-v2-shared.cdda0aad0eba53be.min.js?cacheKey=gantry-1788679051:46
[  538377ms] [INFO] Sep-06 11:15:15.568 [API-Q] (TNWA8QCGZ) noversion-1788682515.506 Flannel users/info is RESOLVED @ https://a.slack-edge.com/bv1-13-br/gantry-v2-shared.cdda0aad0eba53be.min.js?cacheKey=gantry-1788679051:46
[  538377ms] [INFO] Sep-06 11:15:15.568 [UFM-MEMBERS] (TNWA8QCGZ) received U0BV3Q62S3T (1) @ https://a.slack-edge.com/bv1-13-br/gantry-v2-shared.cdda0aad0eba53be.min.js?cacheKey=gantry-1788679051:46
[  538380ms] [INFO] Sep-06 11:15:15.570 [API-Q] (TNWA8QCGZ) noversion-1788682515.570 Flannel users/info called with reason: flannel-call:users/info @ https://a.slack-edge.com/bv1-13-br/gantry-v2-shared.cdda0aad0eba53be.min.js?cacheKey=gantry-1788679051:46
[  538380ms] [INFO] Sep-06 11:15:15.570 [API-Q] (TNWA8QCGZ) noversion-1788682515.570 Flannel users/info is ENQUEUED @ https://a.slack-edge.com/bv1-13-br/gantry-v2-shared.cdda0aad0eba53be.min.js?cacheKey=gantry-1788679051:46
[  538380ms] [INFO] Sep-06 11:15:15.570 [API-Q] (TNWA8QCGZ) noversion-1788682515.570 Flannel users/info is ACTIVE @ https://a.slack-edge.com/bv1-13-br/gantry-v2-shared.cdda0aad0eba53be.min.js?cacheKey=gantry-1788679051:46
[  538385ms] [INFO] Sep-06 11:15:15.576 [DND_V2] (TNWA8QCGZ) fetchAndUpsertDndForUsers - Preparing to fetch DND times for the following members: U0BV3Q62S3T @ https://a.slack-edge.com/bv1-13-br/gantry-v2-shared.cdda0aad0eba53be.min.js?cacheKey=gantry-1788679051:46
[  538386ms] [INFO] Sep-06 11:15:15.576 [API-Q] (TNWA8QCGZ) 32962251-1788682515.576 dnd.teamInfo called with reason: fetchAndUpsertDndForUsers-getDndTimesFor:others @ https://a.slack-edge.com/bv1-13-br/gantry-v2-shared.cdda0aad0eba53be.min.js?cacheKey=gantry-1788679051:46
[  538386ms] [INFO] Sep-06 11:15:15.576 [API-Q] (TNWA8QCGZ) 32962251-1788682515.576 dnd.teamInfo is ENQUEUED @ https://a.slack-edge.com/bv1-13-br/gantry-v2-shared.cdda0aad0eba53be.min.js?cacheKey=gantry-1788679051:46
[  538386ms] [INFO] Sep-06 11:15:15.576 [API-Q] (TNWA8QCGZ) 32962251-1788682515.576 dnd.teamInfo is ACTIVE @ https://a.slack-edge.com/bv1-13-br/gantry-v2-shared.cdda0aad0eba53be.min.js?cacheKey=gantry-1788679051:46
[  538386ms] [INFO] Sep-06 11:15:15.577 [API-Q] (TNWA8QCGZ) noversion-1788682515.505 Flannel permissions/info is RESOLVED @ https://a.slack-edge.com/bv1-13-br/gantry-v2-shared.cdda0aad0eba53be.min.js?cacheKey=gantry-1788679051:46
[  538387ms] [INFO] Sep-06 11:15:15.577 [UFM-PERMISSIONS] (TNWA8QCGZ) received SET_CHANNEL_TOPIC,ASSIGN_CHANNEL_MANAGER,CAN_AT_CHANNEL,CAN_AT_EVERYONE,ARCHIVE_CHANNEL (1) @ https://a.slack-edge.com/bv1-13-br/gantry-v2-shared.cdda0aad0eba53be.min.js?cacheKey=gantry-1788679051:46
[  538440ms] [INFO] Sep-06 11:15:15.631 [API-Q] (TNWA8QCGZ) noversion-1788682515.570 Flannel users/info is RESOLVED @ https://a.slack-edge.com/bv1-13-br/gantry-v2-shared.cdda0aad0eba53be.min.js?cacheKey=gantry-1788679051:46
[  538480ms] [INFO] Sep-06 11:15:15.671 [API-Q] (TNWA8QCGZ) 32962251-1788682515.424 sharedInvites.canGetLink is RESOLVED @ https://a.slack-edge.com/bv1-13-br/gantry-v2-shared.cdda0aad0eba53be.min.js?cacheKey=gantry-1788679051:46
[  538491ms] [INFO] Sep-06 11:15:15.682 [API-Q] (TNWA8QCGZ) 32962251-1788682515.504 conversations.listPrefs is RESOLVED @ https://a.slack-edge.com/bv1-13-br/gantry-v2-shared.cdda0aad0eba53be.min.js?cacheKey=gantry-1788679051:46
[  538492ms] [INFO] Sep-06 11:15:15.683 [API-Q] (TNWA8QCGZ) 32962251-1788682515.436 megaphone.notifications.list is RESOLVED @ https://a.slack-edge.com/bv1-13-br/gantry-v2-shared.cdda0aad0eba53be.min.js?cacheKey=gantry-1788679051:46
[  538494ms] [INFO] Sep-06 11:15:15.685 [API-Q] (TNWA8QCGZ) 32962251-1788682515.477 megaphone.setNotificationAsSeen is RESOLVED @ https://a.slack-edge.com/bv1-13-br/gantry-v2-shared.cdda0aad0eba53be.min.js?cacheKey=gantry-1788679051:46
[  538495ms] [INFO] Sep-06 11:15:15.685 [API-Q] (TNWA8QCGZ) 32962251-1788682515.508 bookmarks.list is RESOLVED @ https://a.slack-edge.com/bv1-13-br/gantry-v2-shared.cdda0aad0eba53be.min.js?cacheKey=gantry-1788679051:46
[  538549ms] [INFO] Sep-06 11:15:15.739 [API-Q] (TNWA8QCGZ) 32962251-1788682515.509 conversations.bulkReacjiTriggers is RESOLVED @ https://a.slack-edge.com/bv1-13-br/gantry-v2-shared.cdda0aad0eba53be.min.js?cacheKey=gantry-1788679051:46
[  538549ms] [INFO] Sep-06 11:15:15.739 [UFM-REACJITRIGGERS] (TNWA8QCGZ) received C03MB5W8D1P (1) @ https://a.slack-edge.com/bv1-13-br/gantry-v2-shared.cdda0aad0eba53be.min.js?cacheKey=gantry-1788679051:46
[  538569ms] [INFO] Sep-06 11:15:15.760 [API-Q] (TNWA8QCGZ) noversion-1788682515.760 Flannel channels/membership called with reason: flannel-call:channels/membership @ https://a.slack-edge.com/bv1-13-br/gantry-v2-shared.cdda0aad0eba53be.min.js?cacheKey=gantry-1788679051:46
[  538569ms] [INFO] Sep-06 11:15:15.760 [API-Q] (TNWA8QCGZ) noversion-1788682515.760 Flannel channels/membership is ENQUEUED @ https://a.slack-edge.com/bv1-13-br/gantry-v2-shared.cdda0aad0eba53be.min.js?cacheKey=gantry-1788679051:46
[  538569ms] [INFO] Sep-06 11:15:15.760 [API-Q] (TNWA8QCGZ) noversion-1788682515.760 Flannel channels/membership is ACTIVE @ https://a.slack-edge.com/bv1-13-br/gantry-v2-shared.cdda0aad0eba53be.min.js?cacheKey=gantry-1788679051:46
[  538571ms] [INFO] Sep-06 11:15:15.762 [API-Q] (TNWA8QCGZ) 32962251-1788682515.576 dnd.teamInfo is RESOLVED @ https://a.slack-edge.com/bv1-13-br/gantry-v2-shared.cdda0aad0eba53be.min.js?cacheKey=gantry-1788679051:46
[  538571ms] [INFO] Sep-06 11:15:15.762 [DND] (TNWA8QCGZ) Fetched DND info for the following members: U0BV3Q62S3T @ https://a.slack-edge.com/bv1-13-br/gantry-v2-shared.cdda0aad0eba53be.min.js?cacheKey=gantry-1788679051:46
[  538572ms] [INFO] Sep-06 11:15:15.762 [DND_V2] (TNWA8QCGZ) Will check for changes in DND status again in 5 minutes @ https://a.slack-edge.com/bv1-13-br/gantry-v2-shared.cdda0aad0eba53be.min.js?cacheKey=gantry-1788679051:46
[  538606ms] [INFO] Sep-06 11:15:15.796 [API-Q] (TNWA8QCGZ) 32962251-1788682515.475 conversations.history is RESOLVED @ https://a.slack-edge.com/bv1-13-br/gantry-v2-shared.cdda0aad0eba53be.min.js?cacheKey=gantry-1788679051:46
[  538608ms] [INFO] Sep-06 11:15:15.798 [PLATFORM-CHANNEL-ACTI] (TNWA8QCGZ) Not updating count for channel C03MB5W8D1P, as count was already set to 0 @ https://a.slack-edge.com/bv1-13-br/gantry-v2-shared.cdda0aad0eba53be.min.js?cacheKey=gantry-1788679051:46
[  538608ms] [INFO] Sep-06 11:15:15.799 [PINS] (TNWA8QCGZ) Pins count updated for channel C03MB5W8D1P: 0 @ https://a.slack-edge.com/bv1-13-br/gantry-v2-shared.cdda0aad0eba53be.min.js?cacheKey=gantry-1788679051:46
[  538611ms] [INFO] Sep-06 11:15:15.801 [MESSAGE-LIST] (TNWA8QCGZ) componentWillReceiveProps isLoading: false isLoadingOlder: false timestamps: 28 @ https://a.slack-edge.com/bv1-13-br/gantry-v2-shared.cdda0aad0eba53be.min.js?cacheKey=gantry-1788679051:46
[  538636ms] [INFO] Sep-06 11:15:15.827 [CHECK-UNREADS] (TNWA8QCGZ) unreadLineVisible updated in main window container primary: false -> true @ https://a.slack-edge.com/bv1-13-br/gantry-v2-shared.cdda0aad0eba53be.min.js?cacheKey=gantry-1788679051:46
[  538647ms] [INFO] Sep-06 11:15:15.837 [UFM-MEMBERS] (TNWA8QCGZ) requesting U0BUY0GE76W,U0B8YNHQKMW,U0BUC9M2U2H,U0BSH45Q277,U0B7B69F5FD,U0BQZMFQNT0,U0BQQU5CDKM,U0BQP7SA2MQ,U0BQJ3J54N8,U0BPRFYN8JK,U0BQ2QS9YTE,U0BPPKM0FTL,U0BPWFB2EHJ,U0BP0S0DGCW,U0BP45N3LGK,U03B116TKND,U0BNFKNUADA,U0B03QSP493,U0BN6UUTB7T,U0BLUTW9CP3,U08DN0K9EA3 (1) @ https://a.slack-edge.com/bv1-13-br/gantry-v2-shared.cdda0aad0eba53be.min.js?cacheKey=gantry-1788679051:46
[  538647ms] [INFO] Sep-06 11:15:15.838 [API-Q] (TNWA8QCGZ) noversion-1788682515.837 Flannel users/info called with reason: flannel-call:users/info @ https://a.slack-edge.com/bv1-13-br/gantry-v2-shared.cdda0aad0eba53be.min.js?cacheKey=gantry-1788679051:46
[  538647ms] [INFO] Sep-06 11:15:15.838 [API-Q] (TNWA8QCGZ) noversion-1788682515.837 Flannel users/info is ENQUEUED @ https://a.slack-edge.com/bv1-13-br/gantry-v2-shared.cdda0aad0eba53be.min.js?cacheKey=gantry-1788679051:46
[  538647ms] [INFO] Sep-06 11:15:15.838 [API-Q] (TNWA8QCGZ) noversion-1788682515.837 Flannel users/info is ACTIVE @ https://a.slack-edge.com/bv1-13-br/gantry-v2-shared.cdda0aad0eba53be.min.js?cacheKey=gantry-1788679051:46
[  538647ms] [INFO] Sep-06 11:15:15.838 [UFM-FLANNELEMOJI] (TNWA8QCGZ) requesting 1 objects (1) @ https://a.slack-edge.com/bv1-13-br/gantry-v2-shared.cdda0aad0eba53be.min.js?cacheKey=gantry-1788679051:46
[  538648ms] [INFO] Sep-06 11:15:15.838 [API-Q] (TNWA8QCGZ) noversion-1788682515.838 Flannel emojis/info called with reason: flannel-call:emojis/info @ https://a.slack-edge.com/bv1-13-br/gantry-v2-shared.cdda0aad0eba53be.min.js?cacheKey=gantry-1788679051:46
[  538648ms] [INFO] Sep-06 11:15:15.838 [API-Q] (TNWA8QCGZ) noversion-1788682515.838 Flannel emojis/info is ENQUEUED @ https://a.slack-edge.com/bv1-13-br/gantry-v2-shared.cdda0aad0eba53be.min.js?cacheKey=gantry-1788679051:46
[  538648ms] [INFO] Sep-06 11:15:15.838 [API-Q] (TNWA8QCGZ) noversion-1788682515.838 Flannel emojis/info is ACTIVE @ https://a.slack-edge.com/bv1-13-br/gantry-v2-shared.cdda0aad0eba53be.min.js?cacheKey=gantry-1788679051:46
[  538709ms] [INFO] Sep-06 11:15:15.900 [API-Q] (TNWA8QCGZ) noversion-1788682515.837 Flannel users/info is RESOLVED @ https://a.slack-edge.com/bv1-13-br/gantry-v2-shared.cdda0aad0eba53be.min.js?cacheKey=gantry-1788679051:46
[  538710ms] [INFO] Sep-06 11:15:15.900 [UFM-MEMBERS] (TNWA8QCGZ) received U0BUY0GE76W,U0B8YNHQKMW,U0BUC9M2U2H,U0BSH45Q277,U0B7B69F5FD,U0BQZMFQNT0,U0BQQU5CDKM,U0BQP7SA2MQ,U0BQJ3J54N8,U0BPRFYN8JK,U0BQ2QS9YTE,U0BPPKM0FTL,U0BPWFB2EHJ,U0BP0S0DGCW,U0BP45N3LGK,U03B116TKND,U0BNFKNUADA,U0B03QSP493,U0BN6UUTB7T,U0BLUTW9CP3,U08DN0K9EA3 (1) @ https://a.slack-edge.com/bv1-13-br/gantry-v2-shared.cdda0aad0eba53be.min.js?cacheKey=gantry-1788679051:46
[  538711ms] [INFO] Sep-06 11:15:15.902 [API-Q] (TNWA8QCGZ) noversion-1788682515.838 Flannel emojis/info is RESOLVED @ https://a.slack-edge.com/bv1-13-br/gantry-v2-shared.cdda0aad0eba53be.min.js?cacheKey=gantry-1788679051:46
[  538711ms] [INFO] Sep-06 11:15:15.902 [UFM-FLANNELEMOJI] (TNWA8QCGZ) received 1 objects (1) @ https://a.slack-edge.com/bv1-13-br/gantry-v2-shared.cdda0aad0eba53be.min.js?cacheKey=gantry-1788679051:46
[  538722ms] [INFO] Sep-06 11:15:15.912 [DND_V2] (TNWA8QCGZ) fetchAndUpsertDndForUsers - Preparing to fetch DND times for the following members: U0B8YNHQKMW,U0BUY0GE76W @ https://a.slack-edge.com/bv1-13-br/gantry-v2-shared.cdda0aad0eba53be.min.js?cacheKey=gantry-1788679051:46
[  538722ms] [INFO] Sep-06 11:15:15.912 [API-Q] (TNWA8QCGZ) 32962251-1788682515.912 dnd.teamInfo called with reason: fetchAndUpsertDndForUsers-getDndTimesFor:others @ https://a.slack-edge.com/bv1-13-br/gantry-v2-shared.cdda0aad0eba53be.min.js?cacheKey=gantry-1788679051:46
[  538722ms] [INFO] Sep-06 11:15:15.913 [API-Q] (TNWA8QCGZ) 32962251-1788682515.912 dnd.teamInfo is ENQUEUED @ https://a.slack-edge.com/bv1-13-br/gantry-v2-shared.cdda0aad0eba53be.min.js?cacheKey=gantry-1788679051:46
[  538722ms] [INFO] Sep-06 11:15:15.913 [API-Q] (TNWA8QCGZ) 32962251-1788682515.912 dnd.teamInfo is ACTIVE @ https://a.slack-edge.com/bv1-13-br/gantry-v2-shared.cdda0aad0eba53be.min.js?cacheKey=gantry-1788679051:46
[  538852ms] [INFO] Sep-06 11:15:16.042 [API-Q] (TNWA8QCGZ) noversion-1788682516.042 Flannel channels/membership called with reason: flannel-call:channels/membership @ https://a.slack-edge.com/bv1-13-br/gantry-v2-shared.cdda0aad0eba53be.min.js?cacheKey=gantry-1788679051:46
[  538852ms] [INFO] Sep-06 11:15:16.042 [API-Q] (TNWA8QCGZ) noversion-1788682516.042 Flannel channels/membership is ENQUEUED @ https://a.slack-edge.com/bv1-13-br/gantry-v2-shared.cdda0aad0eba53be.min.js?cacheKey=gantry-1788679051:46
[  538852ms] [INFO] Sep-06 11:15:16.043 [API-Q] (TNWA8QCGZ) noversion-1788682516.042 Flannel channels/membership is ACTIVE @ https://a.slack-edge.com/bv1-13-br/gantry-v2-shared.cdda0aad0eba53be.min.js?cacheKey=gantry-1788679051:46
[  538862ms] [INFO] Sep-06 11:15:16.052 [API-Q] (TNWA8QCGZ) noversion-1788682515.760 Flannel channels/membership is RESOLVED @ https://a.slack-edge.com/bv1-13-br/gantry-v2-shared.cdda0aad0eba53be.min.js?cacheKey=gantry-1788679051:46
[  538908ms] [INFO] Sep-06 11:15:16.098 [API-Q] (TNWA8QCGZ) 32962251-1788682515.912 dnd.teamInfo is RESOLVED @ https://a.slack-edge.com/bv1-13-br/gantry-v2-shared.cdda0aad0eba53be.min.js?cacheKey=gantry-1788679051:46
[  538908ms] [INFO] Sep-06 11:15:16.098 [DND] (TNWA8QCGZ) Fetched DND info for the following members: U0B8YNHQKMW,U0BUY0GE76W @ https://a.slack-edge.com/bv1-13-br/gantry-v2-shared.cdda0aad0eba53be.min.js?cacheKey=gantry-1788679051:46
[  538909ms] [INFO] Sep-06 11:15:16.099 [DND_V2] (TNWA8QCGZ) Will check for changes in DND status again in 5 minutes @ https://a.slack-edge.com/bv1-13-br/gantry-v2-shared.cdda0aad0eba53be.min.js?cacheKey=gantry-1788679051:46
[  538917ms] [INFO] Sep-06 11:15:16.107 [API-Q] (TNWA8QCGZ) noversion-1788682516.042 Flannel channels/membership is RESOLVED @ https://a.slack-edge.com/bv1-13-br/gantry-v2-shared.cdda0aad0eba53be.min.js?cacheKey=gantry-1788679051:46
[  538995ms] [INFO] Sep-06 11:15:16.186 [CHECK-UNREADS] (TNWA8QCGZ) Checking unreads after unread line became visible @ https://a.slack-edge.com/bv1-13-br/gantry-v2-shared.cdda0aad0eba53be.min.js?cacheKey=gantry-1788679051:46
[  538995ms] [INFO] Sep-06 11:15:16.186 [CHECK-UNREADS] (TNWA8QCGZ) Not marking C03MB5W8D1P because last_read >= latest && channel is read @ https://a.slack-edge.com/bv1-13-br/gantry-v2-shared.cdda0aad0eba53be.min.js?cacheKey=gantry-1788679051:46
[  539387ms] [INFO] Sep-06 11:15:16.577 [API-Q] (TNWA8QCGZ) noversion-1788682516.577 Flannel users/info called with reason: flannel-call:users/info @ https://a.slack-edge.com/bv1-13-br/gantry-v2-shared.cdda0aad0eba53be.min.js?cacheKey=gantry-1788679051:46
[  539387ms] [INFO] Sep-06 11:15:16.577 [API-Q] (TNWA8QCGZ) noversion-1788682516.577 Flannel users/info is ENQUEUED @ https://a.slack-edge.com/bv1-13-br/gantry-v2-shared.cdda0aad0eba53be.min.js?cacheKey=gantry-1788679051:46
[  539387ms] [INFO] Sep-06 11:15:16.577 [API-Q] (TNWA8QCGZ) noversion-1788682516.577 Flannel users/info is ACTIVE @ https://a.slack-edge.com/bv1-13-br/gantry-v2-shared.cdda0aad0eba53be.min.js?cacheKey=gantry-1788679051:46
[  539449ms] [INFO] Sep-06 11:15:16.640 [API-Q] (TNWA8QCGZ) noversion-1788682516.577 Flannel users/info is RESOLVED @ https://a.slack-edge.com/bv1-13-br/gantry-v2-shared.cdda0aad0eba53be.min.js?cacheKey=gantry-1788679051:46
[  558316ms] [INFO] Sep-06 11:15:35.507 [UFM-MEMBERS] (TNWA8QCGZ) requesting U051K1F7TQQ (1) @ https://a.slack-edge.com/bv1-13-br/gantry-v2-shared.cdda0aad0eba53be.min.js?cacheKey=gantry-1788679051:46
[  558316ms] [INFO] Sep-06 11:15:35.507 [API-Q] (TNWA8QCGZ) noversion-1788682535.507 Flannel users/info called with reason: flannel-call:users/info @ https://a.slack-edge.com/bv1-13-br/gantry-v2-shared.cdda0aad0eba53be.min.js?cacheKey=gantry-1788679051:46
[  558316ms] [INFO] Sep-06 11:15:35.507 [API-Q] (TNWA8QCGZ) noversion-1788682535.507 Flannel users/info is ENQUEUED @ https://a.slack-edge.com/bv1-13-br/gantry-v2-shared.cdda0aad0eba53be.min.js?cacheKey=gantry-1788679051:46
[  558317ms] [INFO] Sep-06 11:15:35.507 [API-Q] (TNWA8QCGZ) noversion-1788682535.507 Flannel users/info is ACTIVE @ https://a.slack-edge.com/bv1-13-br/gantry-v2-shared.cdda0aad0eba53be.min.js?cacheKey=gantry-1788679051:46
[  558379ms] [INFO] Sep-06 11:15:35.570 [API-Q] (TNWA8QCGZ) noversion-1788682535.507 Flannel users/info is RESOLVED @ https://a.slack-edge.com/bv1-13-br/gantry-v2-shared.cdda0aad0eba53be.min.js?cacheKey=gantry-1788679051:46
[  558380ms] [INFO] Sep-06 11:15:35.570 [UFM-MEMBERS] (TNWA8QCGZ) received U051K1F7TQQ (1) @ https://a.slack-edge.com/bv1-13-br/gantry-v2-shared.cdda0aad0eba53be.min.js?cacheKey=gantry-1788679051:46
[  558382ms] [INFO] Sep-06 11:15:35.573 [API-Q] (TNWA8QCGZ) noversion-1788682535.573 Flannel users/info called with reason: flannel-call:users/info @ https://a.slack-edge.com/bv1-13-br/gantry-v2-shared.cdda0aad0eba53be.min.js?cacheKey=gantry-1788679051:46
[  558382ms] [INFO] Sep-06 11:15:35.573 [API-Q] (TNWA8QCGZ) noversion-1788682535.573 Flannel users/info is ENQUEUED @ https://a.slack-edge.com/bv1-13-br/gantry-v2-shared.cdda0aad0eba53be.min.js?cacheKey=gantry-1788679051:46
[  558382ms] [INFO] Sep-06 11:15:35.573 [API-Q] (TNWA8QCGZ) noversion-1788682535.573 Flannel users/info is ACTIVE @ https://a.slack-edge.com/bv1-13-br/gantry-v2-shared.cdda0aad0eba53be.min.js?cacheKey=gantry-1788679051:46
[  558444ms] [INFO] Sep-06 11:15:35.635 [API-Q] (TNWA8QCGZ) noversion-1788682535.573 Flannel users/info is RESOLVED @ https://a.slack-edge.com/bv1-13-br/gantry-v2-shared.cdda0aad0eba53be.min.js?cacheKey=gantry-1788679051:46
[  559146ms] [INFO] Sep-06 11:15:36.337 [API-Q] (TNWA8QCGZ) 32962251-1788682536.337 users.prefs.set called with reason: prefs-api/setUserPrefByApi @ https://a.slack-edge.com/bv1-13-br/gantry-v2-shared.cdda0aad0eba53be.min.js?cacheKey=gantry-1788679051:46
[  559147ms] [INFO] Sep-06 11:15:36.337 [API-Q] (TNWA8QCGZ) 32962251-1788682536.337 users.prefs.set is ENQUEUED @ https://a.slack-edge.com/bv1-13-br/gantry-v2-shared.cdda0aad0eba53be.min.js?cacheKey=gantry-1788679051:46
[  559147ms] [INFO] Sep-06 11:15:36.338 [API-Q] (TNWA8QCGZ) 32962251-1788682536.338 reactions.add called with reason: changeReactionFromUserAction @ https://a.slack-edge.com/bv1-13-br/gantry-v2-shared.cdda0aad0eba53be.min.js?cacheKey=gantry-1788679051:46
[  559147ms] [INFO] Sep-06 11:15:36.338 [API-Q] (TNWA8QCGZ) 32962251-1788682536.338 reactions.add is ENQUEUED @ https://a.slack-edge.com/bv1-13-br/gantry-v2-shared.cdda0aad0eba53be.min.js?cacheKey=gantry-1788679051:46
[  559148ms] [INFO] Sep-06 11:15:36.338 [API-Q] (TNWA8QCGZ) 32962251-1788682536.338 megaphone.setNotificationAsSeen called with reason: record-notification-event @ https://a.slack-edge.com/bv1-13-br/gantry-v2-shared.cdda0aad0eba53be.min.js?cacheKey=gantry-1788679051:46
[  559148ms] [INFO] Sep-06 11:15:36.339 [API-Q] (TNWA8QCGZ) 32962251-1788682536.338 megaphone.setNotificationAsSeen is ENQUEUED @ https://a.slack-edge.com/bv1-13-br/gantry-v2-shared.cdda0aad0eba53be.min.js?cacheKey=gantry-1788679051:46
[  559148ms] [INFO] Sep-06 11:15:36.339 [API-Q] (TNWA8QCGZ) 32962251-1788682536.339 megaphone.setNotificationAsSeen called with reason: record-notification-event @ https://a.slack-edge.com/bv1-13-br/gantry-v2-shared.cdda0aad0eba53be.min.js?cacheKey=gantry-1788679051:46
[  559148ms] [INFO] Sep-06 11:15:36.339 [API-Q] (TNWA8QCGZ) 32962251-1788682536.339 megaphone.setNotificationAsSeen is ENQUEUED @ https://a.slack-edge.com/bv1-13-br/gantry-v2-shared.cdda0aad0eba53be.min.js?cacheKey=gantry-1788679051:46
[  559149ms] [INFO] Sep-06 11:15:36.339 [API-Q] (TNWA8QCGZ) 32962251-1788682536.337 users.prefs.set is ACTIVE @ https://a.slack-edge.com/bv1-13-br/gantry-v2-shared.cdda0aad0eba53be.min.js?cacheKey=gantry-1788679051:46
[  559149ms] [INFO] Sep-06 11:15:36.339 [API-Q] (TNWA8QCGZ) 32962251-1788682536.338 reactions.add is ACTIVE @ https://a.slack-edge.com/bv1-13-br/gantry-v2-shared.cdda0aad0eba53be.min.js?cacheKey=gantry-1788679051:46
[  559149ms] [INFO] Sep-06 11:15:36.340 [API-Q] (TNWA8QCGZ) 32962251-1788682536.338 megaphone.setNotificationAsSeen is ACTIVE @ https://a.slack-edge.com/bv1-13-br/gantry-v2-shared.cdda0aad0eba53be.min.js?cacheKey=gantry-1788679051:46
[  559149ms] [INFO] Sep-06 11:15:36.340 [API-Q] (TNWA8QCGZ) 32962251-1788682536.339 megaphone.setNotificationAsSeen is ACTIVE @ https://a.slack-edge.com/bv1-13-br/gantry-v2-shared.cdda0aad0eba53be.min.js?cacheKey=gantry-1788679051:46
[  559340ms] [INFO] Sep-06 11:15:36.530 [API-Q] (TNWA8QCGZ) 32962251-1788682536.337 users.prefs.set is RESOLVED @ https://a.slack-edge.com/bv1-13-br/gantry-v2-shared.cdda0aad0eba53be.min.js?cacheKey=gantry-1788679051:46
[  559345ms] [INFO] Sep-06 11:15:36.535 [API-Q] (TNWA8QCGZ) 32962251-1788682536.338 megaphone.setNotificationAsSeen is RESOLVED @ https://a.slack-edge.com/bv1-13-br/gantry-v2-shared.cdda0aad0eba53be.min.js?cacheKey=gantry-1788679051:46
[  559346ms] [INFO] Sep-06 11:15:36.537 [API-Q] (TNWA8QCGZ) 32962251-1788682536.339 megaphone.setNotificationAsSeen is RESOLVED @ https://a.slack-edge.com/bv1-13-br/gantry-v2-shared.cdda0aad0eba53be.min.js?cacheKey=gantry-1788679051:46
[  559399ms] [INFO] Sep-06 11:15:36.590 [API-Q] (TNWA8QCGZ) 32962251-1788682536.338 reactions.add is RESOLVED @ https://a.slack-edge.com/bv1-13-br/gantry-v2-shared.cdda0aad0eba53be.min.js?cacheKey=gantry-1788679051:46
[  647710ms] [INFO] Sep-06 11:17:04.901 [RTM-EVENT-METRICS] Metrics collection sampling has been reset. @ https://a.slack-edge.com/bv1-13-br/gantry-v2-shared.cdda0aad0eba53be.min.js?cacheKey=gantry-1788679051:46
[  660842ms] [ERROR] Failed to load resource: the server responded with a status of 503 () @ https://slackb.com/traces/v1/list_of_spans/json:0
[  660842ms] [ERROR] Failed to load resource: the server responded with a status of 400 () @ https://slackb.com/traces/v1/list_of_spans/json:0
[  660842ms] [ERROR] Failed to load resource: the server responded with a status of 503 () @ https://slackb.com/traces/v1/list_of_spans/json:0
[  838909ms] [INFO] Sep-06 11:20:16.099 [DND_V2] (TNWA8QCGZ) Checking for changes in DND status for the following members: U0C0QPC5YNL,U0354HK94FL,U0BUQAMSN5S,U0AR8238BEZ,U0ACNNLHEDB,U0BMJ6HQYTD,U095MB0Q5HU,U08FAMP04US,U01T6FYS0RY,U09L4DUMJ3G,U0B0TEDBH8V,U0B1S48PZ9T,U09A1G8H6R5,U0BUADZ249Y,U0AUD0T97ND,U098HRG49J5,U0BMXJ14TU1,U089TTKTNTX,U05GP9LUNHE,U0BUY4LKP4Y,U0BU8CU8D61,U05KH2U4GER,U0BH9PC04BZ,U0829L43XFU,U09GNQX66AG,U07MF726R6J,U053MJWDAKH,U0B1K9B4FNH,U0B0H2MDGP4,U091E5QALTS,U080DCG9VV4,U0A9BRSF1J7,U0B8S0YBXA9,U07AHD11G2Y,U0BQ2SPAF8U,U0BMEKBJGHM,U09BU5ERLDS,U09P4HSRNDC,U097Y1R8H2A,U07SAUA9VK5,U0BEG8147LM,U0BR9ATQWM7,U0BK4LQE2GZ,U0AGLKZNP6C,U0AE18H695M,U09L0RY2NBD,U0697E3RVNX,U07E5VD5E87,U0A5VF6LUN7,U0BC89QDZGE,U0ACE0NAVEK,U0BAL17JV6J,U06CFLHRNF4,U05R5KXUXEK,U08JWBZGWMT,U07MK3Q66N7,U09KLRHQ82J,U05P7FBJ3DH,U0BDYH7GWQ1,U099UMNDKSA,U01D996DY3Y,U019JFJ4A7P,U057A3K292P,U08N5BMPA1J,U0BV3Q62S3T,U0B8YNHQKMW,U0BUY0GE76W @ https://a.slack-edge.com/bv1-13-br/gantry-v2-shared.cdda0aad0eba53be.min.js?cacheKey=gantry-1788679051:46
[  838910ms] [INFO] Sep-06 11:20:16.100 [DND_V2] (TNWA8QCGZ) Will check for changes in DND status again in 5 minutes @ https://a.slack-edge.com/bv1-13-br/gantry-v2-shared.cdda0aad0eba53be.min.js?cacheKey=gantry-1788679051:46
[ 1068326ms] [INFO] Sep-06 11:24:05.516 [CHECK-FOR-OLD-CHANNEL] (TNWA8QCGZ) Start cleaning up DMs/MPDMs — starting with 3 entries. @ https://a.slack-edge.com/bv1-13-br/gantry-v2-shared.cdda0aad0eba53be.min.js?cacheKey=gantry-1788679051:46
[ 1068326ms] [INFO] Sep-06 11:24:05.516 [CHECK-FOR-OLD-CHANNEL] (TNWA8QCGZ) Eligible DMs/MPDMs for cleanup — [external DMs]:0, [internal DMs]: 2, [app DMs]: 0 @ https://a.slack-edge.com/bv1-13-br/gantry-v2-shared.cdda0aad0eba53be.min.js?cacheKey=gantry-1788679051:46
[ 1068326ms] [INFO] Sep-06 11:24:05.517 [CHECK-FOR-OLD-CHANNEL] (TNWA8QCGZ) Identified 0 DMs/MPDMs of externalDMs type for closure @ https://a.slack-edge.com/bv1-13-br/gantry-v2-shared.cdda0aad0eba53be.min.js?cacheKey=gantry-1788679051:46
[ 1068326ms] [INFO] Sep-06 11:24:05.517 [CHECK-FOR-OLD-CHANNEL] (TNWA8QCGZ) Not eligible D0C0QPCJK88: Self DM @ https://a.slack-edge.com/bv1-13-br/gantry-v2-shared.cdda0aad0eba53be.min.js?cacheKey=gantry-1788679051:46
[ 1068326ms] [INFO] Sep-06 11:24:05.517 [CHECK-FOR-OLD-CHANNEL] (TNWA8QCGZ) Not eligible D0BVAC9KXL2: Opened this session @ https://a.slack-edge.com/bv1-13-br/gantry-v2-shared.cdda0aad0eba53be.min.js?cacheKey=gantry-1788679051:46
[ 1068326ms] [INFO] Sep-06 11:24:05.517 [CHECK-FOR-OLD-CHANNEL] (TNWA8QCGZ) Identified 0 DMs/MPDMs of internalDMs type for closure @ https://a.slack-edge.com/bv1-13-br/gantry-v2-shared.cdda0aad0eba53be.min.js?cacheKey=gantry-1788679051:46
[ 1068326ms] [INFO] Sep-06 11:24:05.517 [CHECK-FOR-OLD-CHANNEL] (TNWA8QCGZ) Identified 0 DMs/MPDMs of appDMs type for closure @ https://a.slack-edge.com/bv1-13-br/gantry-v2-shared.cdda0aad0eba53be.min.js?cacheKey=gantry-1788679051:46
[ 1068376ms] [INFO] Sep-06 11:24:05.566 [CHECK-FOR-OLD-CODE-CH] (TNWA8QCGZ) Start checking code channels — 0 open code channels. @ https://a.slack-edge.com/bv1-13-br/gantry-v2-shared.cdda0aad0eba53be.min.js?cacheKey=gantry-1788679051:46
[ 1138910ms] [INFO] Sep-06 11:25:16.100 [DND_V2] (TNWA8QCGZ) Checking for changes in DND status for the following members: U0C0QPC5YNL,U0354HK94FL,U0BUQAMSN5S,U0AR8238BEZ,U0ACNNLHEDB,U0BMJ6HQYTD,U095MB0Q5HU,U08FAMP04US,U01T6FYS0RY,U09L4DUMJ3G,U0B0TEDBH8V,U0B1S48PZ9T,U09A1G8H6R5,U0BUADZ249Y,U0AUD0T97ND,U098HRG49J5,U0BMXJ14TU1,U089TTKTNTX,U05GP9LUNHE,U0BUY4LKP4Y,U0BU8CU8D61,U05KH2U4GER,U0BH9PC04BZ,U0829L43XFU,U09GNQX66AG,U07MF726R6J,U053MJWDAKH,U0B1K9B4FNH,U0B0H2MDGP4,U091E5QALTS,U080DCG9VV4,U0A9BRSF1J7,U0B8S0YBXA9,U07AHD11G2Y,U0BQ2SPAF8U,U0BMEKBJGHM,U09BU5ERLDS,U09P4HSRNDC,U097Y1R8H2A,U07SAUA9VK5,U0BEG8147LM,U0BR9ATQWM7,U0BK4LQE2GZ,U0AGLKZNP6C,U0AE18H695M,U09L0RY2NBD,U0697E3RVNX,U07E5VD5E87,U0A5VF6LUN7,U0BC89QDZGE,U0ACE0NAVEK,U0BAL17JV6J,U06CFLHRNF4,U05R5KXUXEK,U08JWBZGWMT,U07MK3Q66N7,U09KLRHQ82J,U05P7FBJ3DH,U0BDYH7GWQ1,U099UMNDKSA,U01D996DY3Y,U019JFJ4A7P,U057A3K292P,U08N5BMPA1J,U0BV3Q62S3T,U0B8YNHQKMW,U0BUY0GE76W @ https://a.slack-edge.com/bv1-13-br/gantry-v2-shared.cdda0aad0eba53be.min.js?cacheKey=gantry-1788679051:46
[ 1138910ms] [INFO] Sep-06 11:25:16.101 [DND_V2] (TNWA8QCGZ) Will check for changes in DND status again in 5 minutes @ https://a.slack-edge.com/bv1-13-br/gantry-v2-shared.cdda0aad0eba53be.min.js?cacheKey=gantry-1788679051:46
[ 1247710ms] [INFO] Sep-06 11:27:04.900 [RTM-EVENT-METRICS] Metrics collection sampling has been reset. @ https://a.slack-edge.com/bv1-13-br/gantry-v2-shared.cdda0aad0eba53be.min.js?cacheKey=gantry-1788679051:46
[ 1438911ms] [INFO] Sep-06 11:30:16.101 [DND_V2] (TNWA8QCGZ) Checking for changes in DND status for the following members: U0C0QPC5YNL,U0354HK94FL,U0BUQAMSN5S,U0AR8238BEZ,U0ACNNLHEDB,U0BMJ6HQYTD,U095MB0Q5HU,U08FAMP04US,U01T6FYS0RY,U09L4DUMJ3G,U0B0TEDBH8V,U0B1S48PZ9T,U09A1G8H6R5,U0BUADZ249Y,U0AUD0T97ND,U098HRG49J5,U0BMXJ14TU1,U089TTKTNTX,U05GP9LUNHE,U0BUY4LKP4Y,U0BU8CU8D61,U05KH2U4GER,U0BH9PC04BZ,U0829L43XFU,U09GNQX66AG,U07MF726R6J,U053MJWDAKH,U0B1K9B4FNH,U0B0H2MDGP4,U091E5QALTS,U080DCG9VV4,U0A9BRSF1J7,U0B8S0YBXA9,U07AHD11G2Y,U0BQ2SPAF8U,U0BMEKBJGHM,U09BU5ERLDS,U09P4HSRNDC,U097Y1R8H2A,U07SAUA9VK5,U0BEG8147LM,U0BR9ATQWM7,U0BK4LQE2GZ,U0AGLKZNP6C,U0AE18H695M,U09L0RY2NBD,U0697E3RVNX,U07E5VD5E87,U0A5VF6LUN7,U0BC89QDZGE,U0ACE0NAVEK,U0BAL17JV6J,U06CFLHRNF4,U05R5KXUXEK,U08JWBZGWMT,U07MK3Q66N7,U09KLRHQ82J,U05P7FBJ3DH,U0BDYH7GWQ1,U099UMNDKSA,U01D996DY3Y,U019JFJ4A7P,U057A3K292P,U08N5BMPA1J,U0BV3Q62S3T,U0B8YNHQKMW,U0BUY0GE76W @ https://a.slack-edge.com/bv1-13-br/gantry-v2-shared.cdda0aad0eba53be.min.js?cacheKey=gantry-1788679051:46
[ 1438911ms] [INFO] Sep-06 11:30:16.102 [DND_V2] (TNWA8QCGZ) Will check for changes in DND status again in 5 minutes @ https://a.slack-edge.com/bv1-13-br/gantry-v2-shared.cdda0aad0eba53be.min.js?cacheKey=gantry-1788679051:46
[ 1509747ms] [INFO] Sep-06 11:31:26.938 [U0C0QR21524 JOINED CH] (TNWA8QCGZ) [] @ https://a.slack-edge.com/bv1-13-br/gantry-v2-shared.cdda0aad0eba53be.min.js?cacheKey=gantry-1788679051:46
[ 1509847ms] [INFO] Sep-06 11:31:27.038 [U0C0QR21524 JOINED CH] (TNWA8QCGZ) [] @ https://a.slack-edge.com/bv1-13-br/gantry-v2-shared.cdda0aad0eba53be.min.js?cacheKey=gantry-1788679051:46
[ 1509946ms] [INFO] Sep-06 11:31:27.137 [U0C0QR21524 JOINED CH] (TNWA8QCGZ) [] @ https://a.slack-edge.com/bv1-13-br/gantry-v2-shared.cdda0aad0eba53be.min.js?cacheKey=gantry-1788679051:46
[ 1510047ms] [INFO] Sep-06 11:31:27.238 [U0C0QR21524 JOINED CH] (TNWA8QCGZ) [] @ https://a.slack-edge.com/bv1-13-br/gantry-v2-shared.cdda0aad0eba53be.min.js?cacheKey=gantry-1788679051:46
[ 1510047ms] [INFO] Sep-06 11:31:27.238 [U0C0QR21524 JOINED CH] (TNWA8QCGZ) [] @ https://a.slack-edge.com/bv1-13-br/gantry-v2-shared.cdda0aad0eba53be.min.js?cacheKey=gantry-1788679051:46
[ 1510050ms] [INFO] Sep-06 11:31:27.240 [API-Q] (TNWA8QCGZ) noversion-1788683487.240 Flannel users/counts called with reason: flannel-call:users/counts @ https://a.slack-edge.com/bv1-13-br/gantry-v2-shared.cdda0aad0eba53be.min.js?cacheKey=gantry-1788679051:46
[ 1510050ms] [INFO] Sep-06 11:31:27.240 [API-Q] (TNWA8QCGZ) noversion-1788683487.240 Flannel users/counts is ENQUEUED @ https://a.slack-edge.com/bv1-13-br/gantry-v2-shared.cdda0aad0eba53be.min.js?cacheKey=gantry-1788679051:46
[ 1510051ms] [INFO] Sep-06 11:31:27.241 [API-Q] (TNWA8QCGZ) noversion-1788683487.240 Flannel users/counts is ACTIVE @ https://a.slack-edge.com/bv1-13-br/gantry-v2-shared.cdda0aad0eba53be.min.js?cacheKey=gantry-1788679051:46
[ 1510147ms] [INFO] Sep-06 11:31:27.337 [U0C0QR21524 JOINED CH] (TNWA8QCGZ) [] @ https://a.slack-edge.com/bv1-13-br/gantry-v2-shared.cdda0aad0eba53be.min.js?cacheKey=gantry-1788679051:46
[ 1510182ms] [INFO] Sep-06 11:31:27.373 [API-Q] (TNWA8QCGZ) noversion-1788683487.240 Flannel users/counts is RESOLVED @ https://a.slack-edge.com/bv1-13-br/gantry-v2-shared.cdda0aad0eba53be.min.js?cacheKey=gantry-1788679051:46
[ 1510246ms] [INFO] Sep-06 11:31:27.437 [U0C0QR21524 JOINED CH] (TNWA8QCGZ) [] @ https://a.slack-edge.com/bv1-13-br/gantry-v2-shared.cdda0aad0eba53be.min.js?cacheKey=gantry-1788679051:46
[ 1510347ms] [INFO] Sep-06 11:31:27.537 [U0C0QR21524 JOINED CH] (TNWA8QCGZ) [] @ https://a.slack-edge.com/bv1-13-br/gantry-v2-shared.cdda0aad0eba53be.min.js?cacheKey=gantry-1788679051:46
[ 1510347ms] [INFO] Sep-06 11:31:27.537 [U0C0QR21524 JOINED CH] (TNWA8QCGZ) [] @ https://a.slack-edge.com/bv1-13-br/gantry-v2-shared.cdda0aad0eba53be.min.js?cacheKey=gantry-1788679051:46
[ 1510447ms] [INFO] Sep-06 11:31:27.637 [U0C0QR21524 JOINED CH] (TNWA8QCGZ) [] @ https://a.slack-edge.com/bv1-13-br/gantry-v2-shared.cdda0aad0eba53be.min.js?cacheKey=gantry-1788679051:46
[ 1510447ms] [INFO] Sep-06 11:31:27.637 [U0C0QR21524 JOINED CH] (TNWA8QCGZ) [] @ https://a.slack-edge.com/bv1-13-br/gantry-v2-shared.cdda0aad0eba53be.min.js?cacheKey=gantry-1788679051:46
[ 1510546ms] [INFO] Sep-06 11:31:27.737 [U0C0QR21524 JOINED CH] (TNWA8QCGZ) [] @ https://a.slack-edge.com/bv1-13-br/gantry-v2-shared.cdda0aad0eba53be.min.js?cacheKey=gantry-1788679051:46
[ 1510646ms] [INFO] Sep-06 11:31:27.837 [U0C0QR21524 JOINED CH] (TNWA8QCGZ) [] @ https://a.slack-edge.com/bv1-13-br/gantry-v2-shared.cdda0aad0eba53be.min.js?cacheKey=gantry-1788679051:46
[ 1510647ms] [INFO] Sep-06 11:31:27.837 [U0C0QR21524 JOINED CH] (TNWA8QCGZ) [] @ https://a.slack-edge.com/bv1-13-br/gantry-v2-shared.cdda0aad0eba53be.min.js?cacheKey=gantry-1788679051:46
[ 1510746ms] [INFO] Sep-06 11:31:27.937 [U0C0QR21524 JOINED CH] (TNWA8QCGZ) [] @ https://a.slack-edge.com/bv1-13-br/gantry-v2-shared.cdda0aad0eba53be.min.js?cacheKey=gantry-1788679051:46
[ 1510847ms] [INFO] Sep-06 11:31:28.037 [U0C0QR21524 JOINED CH] (TNWA8QCGZ) [] @ https://a.slack-edge.com/bv1-13-br/gantry-v2-shared.cdda0aad0eba53be.min.js?cacheKey=gantry-1788679051:46
[ 1510847ms] [INFO] Sep-06 11:31:28.037 [U0C0QR21524 JOINED CH] (TNWA8QCGZ) [] @ https://a.slack-edge.com/bv1-13-br/gantry-v2-shared.cdda0aad0eba53be.min.js?cacheKey=gantry-1788679051:46
[ 1511030ms] [INFO] Sep-06 11:31:28.220 [U0C0QR21524 JOINED CH] (TNWA8QCGZ) [] @ https://a.slack-edge.com/bv1-13-br/gantry-v2-shared.cdda0aad0eba53be.min.js?cacheKey=gantry-1788679051:46
[ 1511245ms] [INFO] Sep-06 11:31:28.436 [U0C0QR21524 JOINED CH] (TNWA8QCGZ) [] @ https://a.slack-edge.com/bv1-13-br/gantry-v2-shared.cdda0aad0eba53be.min.js?cacheKey=gantry-1788679051:46
[ 1555420ms] [INFO] Sep-06 11:32:12.611 [NAVIGATE-IN-MAIN-WIND] Starting a new navigation event {id: CTRCR8RBP, viewType: Channel, viewParams: undefined, options: Object} @ https://a.slack-edge.com/bv1-13-br/gantry-v2-shared.cdda0aad0eba53be.min.js?cacheKey=gantry-1788679051:46
[ 1555421ms] [INFO] Sep-06 11:32:12.611 [APPLY-DETAIL-VIEW] ViewSet with detail view applied {viewSet: Object} @ https://a.slack-edge.com/bv1-13-br/gantry-v2-shared.cdda0aad0eba53be.min.js?cacheKey=gantry-1788679051:46
[ 1555421ms] [INFO] Sep-06 11:32:12.611 [NAVIGATE-IN-MAIN-WIND] Applying changes to the primary container {viewSet: Object, nextTab: home} @ https://a.slack-edge.com/bv1-13-br/gantry-v2-shared.cdda0aad0eba53be.min.js?cacheKey=gantry-1788679051:46
[ 1555421ms] [INFO] Sep-06 11:32:12.611 [NAVIGATION-MIDDLEWARE] Starting a new navigation middleware execution {context: navigation, nextViewSet: Object, nextSplitView: undefined, middlewareCount: 26, nextTab: home} @ https://a.slack-edge.com/bv1-13-br/gantry-v2-shared.cdda0aad0eba53be.min.js?cacheKey=gantry-1788679051:46
[ 1555421ms] [INFO] Sep-06 11:32:12.612 [NAVIGATION-MIDDLEWARE] Async action execution is complete for a view {nextView: Object, results: Array(26), shouldTerminateNavigation: false, executionTime: 0.09999999962747097, nextTab: home} @ https://a.slack-edge.com/bv1-13-br/gantry-v2-shared.cdda0aad0eba53be.min.js?cacheKey=gantry-1788679051:46
[ 1555421ms] [INFO] Sep-06 11:32:12.612 [NAVIGATION-MIDDLEWARE] Finish middleware execution for sidebar container {maybeTransformedViewSet: Object, maybeTransformedSplitView: undefined, terminateNavigation: false, isViewTransformed: false, iterationCount: 0} @ https://a.slack-edge.com/bv1-13-br/gantry-v2-shared.cdda0aad0eba53be.min.js?cacheKey=gantry-1788679051:46
[ 1555421ms] [INFO] Sep-06 11:32:12.612 [NAVIGATION-MIDDLEWARE] Async action execution is complete for a view {nextView: Object, results: Array(26), shouldTerminateNavigation: false, executionTime: 0, nextTab: home} @ https://a.slack-edge.com/bv1-13-br/gantry-v2-shared.cdda0aad0eba53be.min.js?cacheKey=gantry-1788679051:46
[ 1555422ms] [INFO] Sep-06 11:32:12.612 [APPLY-DETAIL-VIEW] ViewSet with detail view applied {viewSet: Object} @ https://a.slack-edge.com/bv1-13-br/gantry-v2-shared.cdda0aad0eba53be.min.js?cacheKey=gantry-1788679051:46
[ 1555422ms] [INFO] Sep-06 11:32:12.612 [NAVIGATION-MIDDLEWARE] View has been transformed {container: primary, initialView: Object, transformedView: Object, iterationCount: 0} @ https://a.slack-edge.com/bv1-13-br/gantry-v2-shared.cdda0aad0eba53be.min.js?cacheKey=gantry-1788679051:46
[ 1555422ms] [INFO] Sep-06 11:32:12.612 [NAVIGATION-MIDDLEWARE] Skipping middleware execution for sidebar container as we have cached value {initialView: Object, iterationCount: 1} @ https://a.slack-edge.com/bv1-13-br/gantry-v2-shared.cdda0aad0eba53be.min.js?cacheKey=gantry-1788679051:46
[ 1555422ms] [INFO] Sep-06 11:32:12.612 [NAVIGATION-MIDDLEWARE] Async action execution is complete for a view {nextView: Object, results: Array(26), shouldTerminateNavigation: false, executionTime: 0, nextTab: home} @ https://a.slack-edge.com/bv1-13-br/gantry-v2-shared.cdda0aad0eba53be.min.js?cacheKey=gantry-1788679051:46
[ 1555422ms] [INFO] Sep-06 11:32:12.612 [NAVIGATION-MIDDLEWARE] Finish middleware execution for primary container {maybeTransformedViewSet: Object, maybeTransformedSplitView: undefined, terminateNavigation: false, isViewTransformed: false, iterationCount: 1} @ https://a.slack-edge.com/bv1-13-br/gantry-v2-shared.cdda0aad0eba53be.min.js?cacheKey=gantry-1788679051:46
[ 1555422ms] [INFO] Sep-06 11:32:12.612 [NAVIGATION-MIDDLEWARE] Finish middleware execution for primary container {maybeTransformedViewSet: Object, maybeTransformedSplitView: undefined, terminateNavigation: false, isViewTransformed: true, iterationCount: 0} @ https://a.slack-edge.com/bv1-13-br/gantry-v2-shared.cdda0aad0eba53be.min.js?cacheKey=gantry-1788679051:46
[ 1555422ms] [INFO] Sep-06 11:32:12.612 [NAVIGATION-MIDDLEWARE] Navigation middleware execution is complete {maybeUpdatedViewSet: Object, maybeUpdatedSplitView: undefined, terminateNavigation: false, executionTime: 1, nextTab: home} @ https://a.slack-edge.com/bv1-13-br/gantry-v2-shared.cdda0aad0eba53be.min.js?cacheKey=gantry-1788679051:46
[ 1555422ms] [INFO] Sep-06 11:32:12.612 [NAVIGATE-IN-MAIN-WIND] Built view set after middleware {viewSet: Object, splitView: undefined, nextTab: home} @ https://a.slack-edge.com/bv1-13-br/gantry-v2-shared.cdda0aad0eba53be.min.js?cacheKey=gantry-1788679051:46
[ 1555423ms] [INFO] Sep-06 11:32:12.614 [NAVIGATE-LISTENERS] (TNWA8QCGZ) Starting navigation listeners for triggerType NAVIGATION @ https://a.slack-edge.com/bv1-13-br/gantry-v2-shared.cdda0aad0eba53be.min.js?cacheKey=gantry-1788679051:46
[ 1555424ms] [INFO] Sep-06 11:32:12.615 [MARK-MOST-RECENT] (TNWA8QCGZ) Skip marking most recent message in CTRCR8RBP as read because getLatestTs (1788373831.657199) is less than getLastReadTs (1788616267.821249) @ https://a.slack-edge.com/bv1-13-br/gantry-v2-shared.cdda0aad0eba53be.min.js?cacheKey=gantry-1788679051:46
[ 1555425ms] [INFO] Sep-06 11:32:12.615 [NAVIGATE-LISTENERS] (TNWA8QCGZ) Navigation listeners complete without errors @ https://a.slack-edge.com/bv1-13-br/gantry-v2-shared.cdda0aad0eba53be.min.js?cacheKey=gantry-1788679051:46
[ 1555425ms] [INFO] Sep-06 11:32:12.615 [NAVIGATE-IN-MAIN-WIND]  Navigation thunk execution complete {id: CTRCR8RBP, viewType: Channel, viewParams: undefined, options: Object} @ https://a.slack-edge.com/bv1-13-br/gantry-v2-shared.cdda0aad0eba53be.min.js?cacheKey=gantry-1788679051:46
[ 1555434ms] [INFO] Sep-06 11:32:12.625 [MESSAGE-LIST] (TNWA8QCGZ) getScrollmark reason:channel_change channelId:C03MB5W8D1P at end @ https://a.slack-edge.com/bv1-13-br/gantry-v2-shared.cdda0aad0eba53be.min.js?cacheKey=gantry-1788679051:46
[ 1555435ms] [INFO] Sep-06 11:32:12.626 [MESSAGE-LIST] (TNWA8QCGZ) Switching channels: CTRCR8RBP timestamps: 28 @ https://a.slack-edge.com/bv1-13-br/gantry-v2-shared.cdda0aad0eba53be.min.js?cacheKey=gantry-1788679051:46
[ 1555499ms] [INFO] Sep-06 11:32:12.689 [CHECK-UNREADS] (TNWA8QCGZ) unreadLineVisible updated in main window container primary: false -> true @ https://a.slack-edge.com/bv1-13-br/gantry-v2-shared.cdda0aad0eba53be.min.js?cacheKey=gantry-1788679051:46
[ 1555514ms] [INFO] Sep-06 11:32:12.704 [API-Q] (TNWA8QCGZ) noversion-1788683532.704 Flannel permissions/info called with reason: flannel-call:permissions/info @ https://a.slack-edge.com/bv1-13-br/gantry-v2-shared.cdda0aad0eba53be.min.js?cacheKey=gantry-1788679051:46
[ 1555514ms] [INFO] Sep-06 11:32:12.704 [API-Q] (TNWA8QCGZ) noversion-1788683532.704 Flannel permissions/info is ENQUEUED @ https://a.slack-edge.com/bv1-13-br/gantry-v2-shared.cdda0aad0eba53be.min.js?cacheKey=gantry-1788679051:46
[ 1555514ms] [INFO] Sep-06 11:32:12.704 [API-Q] (TNWA8QCGZ) noversion-1788683532.704 Flannel permissions/info is ACTIVE @ https://a.slack-edge.com/bv1-13-br/gantry-v2-shared.cdda0aad0eba53be.min.js?cacheKey=gantry-1788679051:46
[ 1555542ms] [INFO] Sep-06 11:32:12.733 [API-Q] (TNWA8QCGZ) noversion-1788683532.733 Flannel users/counts called with reason: flannel-call:users/counts @ https://a.slack-edge.com/bv1-13-br/gantry-v2-shared.cdda0aad0eba53be.min.js?cacheKey=gantry-1788679051:46
[ 1555542ms] [INFO] Sep-06 11:32:12.733 [API-Q] (TNWA8QCGZ) noversion-1788683532.733 Flannel users/counts is ENQUEUED @ https://a.slack-edge.com/bv1-13-br/gantry-v2-shared.cdda0aad0eba53be.min.js?cacheKey=gantry-1788679051:46
[ 1555543ms] [INFO] Sep-06 11:32:12.733 [API-Q] (TNWA8QCGZ) noversion-1788683532.733 Flannel users/counts is ACTIVE @ https://a.slack-edge.com/bv1-13-br/gantry-v2-shared.cdda0aad0eba53be.min.js?cacheKey=gantry-1788679051:46
[ 1555543ms] [INFO] Sep-06 11:32:12.733 [DND_V2] (TNWA8QCGZ) fetchAndUpsertDndForUsers - Preparing to fetch DND times for the following members: U029Z37AJMA,U0BSKS8EK88,U02S12F7VFZ @ https://a.slack-edge.com/bv1-13-br/gantry-v2-shared.cdda0aad0eba53be.min.js?cacheKey=gantry-1788679051:46
[ 1555543ms] [INFO] Sep-06 11:32:12.733 [API-Q] (TNWA8QCGZ) 32962251-1788683532.733 dnd.teamInfo called with reason: fetchAndUpsertDndForUsers-getDndTimesFor:others @ https://a.slack-edge.com/bv1-13-br/gantry-v2-shared.cdda0aad0eba53be.min.js?cacheKey=gantry-1788679051:46
[ 1555543ms] [INFO] Sep-06 11:32:12.734 [API-Q] (TNWA8QCGZ) 32962251-1788683532.733 dnd.teamInfo is ENQUEUED @ https://a.slack-edge.com/bv1-13-br/gantry-v2-shared.cdda0aad0eba53be.min.js?cacheKey=gantry-1788679051:46
[ 1555543ms] [INFO] Sep-06 11:32:12.734 [API-Q] (TNWA8QCGZ) 32962251-1788683532.733 dnd.teamInfo is ACTIVE @ https://a.slack-edge.com/bv1-13-br/gantry-v2-shared.cdda0aad0eba53be.min.js?cacheKey=gantry-1788679051:46
[ 1555647ms] [INFO] Sep-06 11:32:12.837 [API-Q] (TNWA8QCGZ) noversion-1788683532.704 Flannel permissions/info is RESOLVED @ https://a.slack-edge.com/bv1-13-br/gantry-v2-shared.cdda0aad0eba53be.min.js?cacheKey=gantry-1788679051:46
[ 1555664ms] [INFO] Sep-06 11:32:12.854 [API-Q] (TNWA8QCGZ) noversion-1788683532.733 Flannel users/counts is RESOLVED @ https://a.slack-edge.com/bv1-13-br/gantry-v2-shared.cdda0aad0eba53be.min.js?cacheKey=gantry-1788679051:46
[ 1555813ms] [INFO] Sep-06 11:32:13.004 [API-Q] (TNWA8QCGZ) 32962251-1788683532.733 dnd.teamInfo is RESOLVED @ https://a.slack-edge.com/bv1-13-br/gantry-v2-shared.cdda0aad0eba53be.min.js?cacheKey=gantry-1788679051:46
[ 1555813ms] [INFO] Sep-06 11:32:13.004 [DND] (TNWA8QCGZ) Fetched DND info for the following members: U029Z37AJMA,U0BSKS8EK88,U02S12F7VFZ @ https://a.slack-edge.com/bv1-13-br/gantry-v2-shared.cdda0aad0eba53be.min.js?cacheKey=gantry-1788679051:46
[ 1555814ms] [INFO] Sep-06 11:32:13.005 [DND_V2] (TNWA8QCGZ) Will check for changes in DND status again in 5 minutes @ https://a.slack-edge.com/bv1-13-br/gantry-v2-shared.cdda0aad0eba53be.min.js?cacheKey=gantry-1788679051:46
[ 1555864ms] [INFO] Sep-06 11:32:13.054 [CHECK-UNREADS] (TNWA8QCGZ) Checking unreads after unread line became visible @ https://a.slack-edge.com/bv1-13-br/gantry-v2-shared.cdda0aad0eba53be.min.js?cacheKey=gantry-1788679051:46
[ 1555864ms] [INFO] Sep-06 11:32:13.054 [CHECK-UNREADS] (TNWA8QCGZ) Not marking CTRCR8RBP because last_read >= latest && channel is read @ https://a.slack-edge.com/bv1-13-br/gantry-v2-shared.cdda0aad0eba53be.min.js?cacheKey=gantry-1788679051:46
[ 1557450ms] [INFO] Sep-06 11:32:14.641 [NAVIGATE-IN-MAIN-WIND] Starting a new navigation event {id: C04JHEXJC4Q, viewType: Channel, viewParams: undefined, options: Object} @ https://a.slack-edge.com/bv1-13-br/gantry-v2-shared.cdda0aad0eba53be.min.js?cacheKey=gantry-1788679051:46
[ 1557451ms] [INFO] Sep-06 11:32:14.641 [APPLY-DETAIL-VIEW] ViewSet with detail view applied {viewSet: Object} @ https://a.slack-edge.com/bv1-13-br/gantry-v2-shared.cdda0aad0eba53be.min.js?cacheKey=gantry-1788679051:46
[ 1557451ms] [INFO] Sep-06 11:32:14.641 [NAVIGATE-IN-MAIN-WIND] Applying changes to the primary container {viewSet: Object, nextTab: home} @ https://a.slack-edge.com/bv1-13-br/gantry-v2-shared.cdda0aad0eba53be.min.js?cacheKey=gantry-1788679051:46
[ 1557451ms] [INFO] Sep-06 11:32:14.641 [NAVIGATION-MIDDLEWARE] Starting a new navigation middleware execution {context: navigation, nextViewSet: Object, nextSplitView: undefined, middlewareCount: 26, nextTab: home} @ https://a.slack-edge.com/bv1-13-br/gantry-v2-shared.cdda0aad0eba53be.min.js?cacheKey=gantry-1788679051:46
[ 1557451ms] [INFO] Sep-06 11:32:14.642 [NAVIGATION-MIDDLEWARE] Async action execution is complete for a view {nextView: Object, results: Array(26), shouldTerminateNavigation: false, executionTime: 0.19999999925494194, nextTab: home} @ https://a.slack-edge.com/bv1-13-br/gantry-v2-shared.cdda0aad0eba53be.min.js?cacheKey=gantry-1788679051:46
[ 1557451ms] [INFO] Sep-06 11:32:14.642 [NAVIGATION-MIDDLEWARE] Finish middleware execution for sidebar container {maybeTransformedViewSet: Object, maybeTransformedSplitView: undefined, terminateNavigation: false, isViewTransformed: false, iterationCount: 0} @ https://a.slack-edge.com/bv1-13-br/gantry-v2-shared.cdda0aad0eba53be.min.js?cacheKey=gantry-1788679051:46
[ 1557451ms] [INFO] Sep-06 11:32:14.642 [NAVIGATION-MIDDLEWARE] Async action execution is complete for a view {nextView: Object, results: Array(26), shouldTerminateNavigation: false, executionTime: 0, nextTab: home} @ https://a.slack-edge.com/bv1-13-br/gantry-v2-shared.cdda0aad0eba53be.min.js?cacheKey=gantry-1788679051:46
[ 1557452ms] [INFO] Sep-06 11:32:14.642 [APPLY-DETAIL-VIEW] ViewSet with detail view applied {viewSet: Object} @ https://a.slack-edge.com/bv1-13-br/gantry-v2-shared.cdda0aad0eba53be.min.js?cacheKey=gantry-1788679051:46
[ 1557452ms] [INFO] Sep-06 11:32:14.642 [NAVIGATION-MIDDLEWARE] View has been transformed {container: primary, initialView: Object, transformedView: Object, iterationCount: 0} @ https://a.slack-edge.com/bv1-13-br/gantry-v2-shared.cdda0aad0eba53be.min.js?cacheKey=gantry-1788679051:46
[ 1557452ms] [INFO] Sep-06 11:32:14.642 [NAVIGATION-MIDDLEWARE] Skipping middleware execution for sidebar container as we have cached value {initialView: Object, iterationCount: 1} @ https://a.slack-edge.com/bv1-13-br/gantry-v2-shared.cdda0aad0eba53be.min.js?cacheKey=gantry-1788679051:46
[ 1557452ms] [INFO] Sep-06 11:32:14.642 [NAVIGATION-MIDDLEWARE] Async action execution is complete for a view {nextView: Object, results: Array(26), shouldTerminateNavigation: false, executionTime: 0, nextTab: home} @ https://a.slack-edge.com/bv1-13-br/gantry-v2-shared.cdda0aad0eba53be.min.js?cacheKey=gantry-1788679051:46
[ 1557452ms] [INFO] Sep-06 11:32:14.642 [NAVIGATION-MIDDLEWARE] Finish middleware execution for primary container {maybeTransformedViewSet: Object, maybeTransformedSplitView: undefined, terminateNavigation: false, isViewTransformed: false, iterationCount: 1} @ https://a.slack-edge.com/bv1-13-br/gantry-v2-shared.cdda0aad0eba53be.min.js?cacheKey=gantry-1788679051:46
[ 1557452ms] [INFO] Sep-06 11:32:14.642 [NAVIGATION-MIDDLEWARE] Finish middleware execution for primary container {maybeTransformedViewSet: Object, maybeTransformedSplitView: undefined, terminateNavigation: false, isViewTransformed: true, iterationCount: 0} @ https://a.slack-edge.com/bv1-13-br/gantry-v2-shared.cdda0aad0eba53be.min.js?cacheKey=gantry-1788679051:46
[ 1557452ms] [INFO] Sep-06 11:32:14.642 [NAVIGATION-MIDDLEWARE] Navigation middleware execution is complete {maybeUpdatedViewSet: Object, maybeUpdatedSplitView: undefined, terminateNavigation: false, executionTime: 0.7999999988824129, nextTab: home} @ https://a.slack-edge.com/bv1-13-br/gantry-v2-shared.cdda0aad0eba53be.min.js?cacheKey=gantry-1788679051:46
[ 1557452ms] [INFO] Sep-06 11:32:14.642 [NAVIGATE-IN-MAIN-WIND] Built view set after middleware {viewSet: Object, splitView: undefined, nextTab: home} @ https://a.slack-edge.com/bv1-13-br/gantry-v2-shared.cdda0aad0eba53be.min.js?cacheKey=gantry-1788679051:46
[ 1557454ms] [INFO] Sep-06 11:32:14.644 [NAVIGATE-LISTENERS] (TNWA8QCGZ) Starting navigation listeners for triggerType NAVIGATION @ https://a.slack-edge.com/bv1-13-br/gantry-v2-shared.cdda0aad0eba53be.min.js?cacheKey=gantry-1788679051:46
[ 1557455ms] [INFO] Sep-06 11:32:14.646 [NAVIGATE-LISTENERS] (TNWA8QCGZ) Navigation listeners complete without errors @ https://a.slack-edge.com/bv1-13-br/gantry-v2-shared.cdda0aad0eba53be.min.js?cacheKey=gantry-1788679051:46
[ 1557455ms] [INFO] Sep-06 11:32:14.646 [NAVIGATE-IN-MAIN-WIND]  Navigation thunk execution complete {id: C04JHEXJC4Q, viewType: Channel, viewParams: undefined, options: Object} @ https://a.slack-edge.com/bv1-13-br/gantry-v2-shared.cdda0aad0eba53be.min.js?cacheKey=gantry-1788679051:46
[ 1557466ms] [INFO] Sep-06 11:32:14.656 [MESSAGE-LIST] (TNWA8QCGZ) getScrollmark reason:channel_change channelId:CTRCR8RBP at end @ https://a.slack-edge.com/bv1-13-br/gantry-v2-shared.cdda0aad0eba53be.min.js?cacheKey=gantry-1788679051:46
[ 1557467ms] [INFO] Sep-06 11:32:14.658 [MESSAGE-LIST] (TNWA8QCGZ) Switching channels: C04JHEXJC4Q timestamps: 29 @ https://a.slack-edge.com/bv1-13-br/gantry-v2-shared.cdda0aad0eba53be.min.js?cacheKey=gantry-1788679051:46
[ 1557530ms] [INFO] Sep-06 11:32:14.720 [CHECK-UNREADS] (TNWA8QCGZ) unreadLineVisible updated in main window container primary: false -> true @ https://a.slack-edge.com/bv1-13-br/gantry-v2-shared.cdda0aad0eba53be.min.js?cacheKey=gantry-1788679051:46
[ 1557549ms] [INFO] Sep-06 11:32:14.740 [API-Q] (TNWA8QCGZ) noversion-1788683534.739 Flannel permissions/info called with reason: flannel-call:permissions/info @ https://a.slack-edge.com/bv1-13-br/gantry-v2-shared.cdda0aad0eba53be.min.js?cacheKey=gantry-1788679051:46
[ 1557549ms] [INFO] Sep-06 11:32:14.740 [API-Q] (TNWA8QCGZ) noversion-1788683534.739 Flannel permissions/info is ENQUEUED @ https://a.slack-edge.com/bv1-13-br/gantry-v2-shared.cdda0aad0eba53be.min.js?cacheKey=gantry-1788679051:46
[ 1557550ms] [INFO] Sep-06 11:32:14.740 [API-Q] (TNWA8QCGZ) noversion-1788683534.739 Flannel permissions/info is ACTIVE @ https://a.slack-edge.com/bv1-13-br/gantry-v2-shared.cdda0aad0eba53be.min.js?cacheKey=gantry-1788679051:46
[ 1557566ms] [INFO] Sep-06 11:32:14.757 [API-Q] (TNWA8QCGZ) noversion-1788683534.757 Flannel users/counts called with reason: flannel-call:users/counts @ https://a.slack-edge.com/bv1-13-br/gantry-v2-shared.cdda0aad0eba53be.min.js?cacheKey=gantry-1788679051:46
[ 1557566ms] [INFO] Sep-06 11:32:14.757 [API-Q] (TNWA8QCGZ) noversion-1788683534.757 Flannel users/counts is ENQUEUED @ https://a.slack-edge.com/bv1-13-br/gantry-v2-shared.cdda0aad0eba53be.min.js?cacheKey=gantry-1788679051:46
[ 1557567ms] [INFO] Sep-06 11:32:14.757 [API-Q] (TNWA8QCGZ) noversion-1788683534.757 Flannel users/counts is ACTIVE @ https://a.slack-edge.com/bv1-13-br/gantry-v2-shared.cdda0aad0eba53be.min.js?cacheKey=gantry-1788679051:46
[ 1557622ms] [INFO] Sep-06 11:32:14.812 [API-Q] (TNWA8QCGZ) noversion-1788683534.739 Flannel permissions/info is RESOLVED @ https://a.slack-edge.com/bv1-13-br/gantry-v2-shared.cdda0aad0eba53be.min.js?cacheKey=gantry-1788679051:46
[ 1557651ms] [INFO] Sep-06 11:32:14.842 [API-Q] (TNWA8QCGZ) noversion-1788683534.757 Flannel users/counts is RESOLVED @ https://a.slack-edge.com/bv1-13-br/gantry-v2-shared.cdda0aad0eba53be.min.js?cacheKey=gantry-1788679051:46
[ 1557899ms] [INFO] Sep-06 11:32:15.090 [CHECK-UNREADS] (TNWA8QCGZ) Checking unreads after unread line became visible @ https://a.slack-edge.com/bv1-13-br/gantry-v2-shared.cdda0aad0eba53be.min.js?cacheKey=gantry-1788679051:46
[ 1557899ms] [INFO] Sep-06 11:32:15.090 [CHECK-UNREADS] (TNWA8QCGZ) Not marking C04JHEXJC4Q because last_read >= latest && channel is read @ https://a.slack-edge.com/bv1-13-br/gantry-v2-shared.cdda0aad0eba53be.min.js?cacheKey=gantry-1788679051:46
[ 1847709ms] [INFO] Sep-06 11:37:04.900 [RTM-EVENT-METRICS] Metrics collection sampling has been reset. @ https://a.slack-edge.com/bv1-13-br/gantry-v2-shared.cdda0aad0eba53be.min.js?cacheKey=gantry-1788679051:46
[ 1855814ms] [INFO] Sep-06 11:37:13.005 [DND_V2] (TNWA8QCGZ) Checking for changes in DND status for the following members: U0C0QPC5YNL,U0354HK94FL,U0BUQAMSN5S,U0AR8238BEZ,U0ACNNLHEDB,U0BMJ6HQYTD,U095MB0Q5HU,U08FAMP04US,U01T6FYS0RY,U09L4DUMJ3G,U0B0TEDBH8V,U0B1S48PZ9T,U09A1G8H6R5,U0BUADZ249Y,U0AUD0T97ND,U098HRG49J5,U0BMXJ14TU1,U089TTKTNTX,U05GP9LUNHE,U0BUY4LKP4Y,U0BU8CU8D61,U05KH2U4GER,U0BH9PC04BZ,U0829L43XFU,U09GNQX66AG,U07MF726R6J,U053MJWDAKH,U0B1K9B4FNH,U0B0H2MDGP4,U091E5QALTS,U080DCG9VV4,U0A9BRSF1J7,U0B8S0YBXA9,U07AHD11G2Y,U0BQ2SPAF8U,U0BMEKBJGHM,U09BU5ERLDS,U09P4HSRNDC,U097Y1R8H2A,U07SAUA9VK5,U0BEG8147LM,U0BR9ATQWM7,U0BK4LQE2GZ,U0AGLKZNP6C,U0AE18H695M,U09L0RY2NBD,U0697E3RVNX,U07E5VD5E87,U0A5VF6LUN7,U0BC89QDZGE,U0ACE0NAVEK,U0BAL17JV6J,U06CFLHRNF4,U05R5KXUXEK,U08JWBZGWMT,U07MK3Q66N7,U09KLRHQ82J,U05P7FBJ3DH,U0BDYH7GWQ1,U099UMNDKSA,U01D996DY3Y,U019JFJ4A7P,U057A3K292P,U08N5BMPA1J,U0BV3Q62S3T,U0B8YNHQKMW,U0BUY0GE76W,U029Z37AJMA,U0BSKS8EK88,U02S12F7VFZ @ https://a.slack-edge.com/bv1-13-br/gantry-v2-shared.cdda0aad0eba53be.min.js?cacheKey=gantry-1788679051:46
[ 1855815ms] [INFO] Sep-06 11:37:13.005 [DND_V2] (TNWA8QCGZ) Will check for changes in DND status again in 5 minutes @ https://a.slack-edge.com/bv1-13-br/gantry-v2-shared.cdda0aad0eba53be.min.js?cacheKey=gantry-1788679051:46
[ 1968327ms] [INFO] Sep-06 11:39:05.517 [CHECK-FOR-OLD-CHANNEL] (TNWA8QCGZ) Start cleaning up DMs/MPDMs — starting with 3 entries. @ https://a.slack-edge.com/bv1-13-br/gantry-v2-shared.cdda0aad0eba53be.min.js?cacheKey=gantry-1788679051:46
[ 1968327ms] [INFO] Sep-06 11:39:05.517 [CHECK-FOR-OLD-CHANNEL] (TNWA8QCGZ) Eligible DMs/MPDMs for cleanup — [external DMs]:0, [internal DMs]: 2, [app DMs]: 0 @ https://a.slack-edge.com/bv1-13-br/gantry-v2-shared.cdda0aad0eba53be.min.js?cacheKey=gantry-1788679051:46
[ 1968327ms] [INFO] Sep-06 11:39:05.518 [CHECK-FOR-OLD-CHANNEL] (TNWA8QCGZ) Identified 0 DMs/MPDMs of externalDMs type for closure @ https://a.slack-edge.com/bv1-13-br/gantry-v2-shared.cdda0aad0eba53be.min.js?cacheKey=gantry-1788679051:46
[ 1968327ms] [INFO] Sep-06 11:39:05.518 [CHECK-FOR-OLD-CHANNEL] (TNWA8QCGZ) Not eligible D0C0QPCJK88: Self DM @ https://a.slack-edge.com/bv1-13-br/gantry-v2-shared.cdda0aad0eba53be.min.js?cacheKey=gantry-1788679051:46
[ 1968327ms] [INFO] Sep-06 11:39:05.518 [CHECK-FOR-OLD-CHANNEL] (TNWA8QCGZ) Not eligible D0BVAC9KXL2: Opened this session @ https://a.slack-edge.com/bv1-13-br/gantry-v2-shared.cdda0aad0eba53be.min.js?cacheKey=gantry-1788679051:46
[ 1968327ms] [INFO] Sep-06 11:39:05.518 [CHECK-FOR-OLD-CHANNEL] (TNWA8QCGZ) Identified 0 DMs/MPDMs of internalDMs type for closure @ https://a.slack-edge.com/bv1-13-br/gantry-v2-shared.cdda0aad0eba53be.min.js?cacheKey=gantry-1788679051:46
[ 1968327ms] [INFO] Sep-06 11:39:05.518 [CHECK-FOR-OLD-CHANNEL] (TNWA8QCGZ) Identified 0 DMs/MPDMs of appDMs type for closure @ https://a.slack-edge.com/bv1-13-br/gantry-v2-shared.cdda0aad0eba53be.min.js?cacheKey=gantry-1788679051:46
[ 1968327ms] [INFO] Sep-06 11:39:05.518 [CHECK-FOR-OLD-CODE-CH] (TNWA8QCGZ) Start checking code channels — 0 open code channels. @ https://a.slack-edge.com/bv1-13-br/gantry-v2-shared.cdda0aad0eba53be.min.js?cacheKey=gantry-1788679051:46
[ 2155815ms] [INFO] Sep-06 11:42:13.006 [DND_V2] (TNWA8QCGZ) Checking for changes in DND status for the following members: U0C0QPC5YNL,U0354HK94FL,U0BUQAMSN5S,U0AR8238BEZ,U0ACNNLHEDB,U0BMJ6HQYTD,U095MB0Q5HU,U08FAMP04US,U01T6FYS0RY,U09L4DUMJ3G,U0B0TEDBH8V,U0B1S48PZ9T,U09A1G8H6R5,U0BUADZ249Y,U0AUD0T97ND,U098HRG49J5,U0BMXJ14TU1,U089TTKTNTX,U05GP9LUNHE,U0BUY4LKP4Y,U0BU8CU8D61,U05KH2U4GER,U0BH9PC04BZ,U0829L43XFU,U09GNQX66AG,U07MF726R6J,U053MJWDAKH,U0B1K9B4FNH,U0B0H2MDGP4,U091E5QALTS,U080DCG9VV4,U0A9BRSF1J7,U0B8S0YBXA9,U07AHD11G2Y,U0BQ2SPAF8U,U0BMEKBJGHM,U09BU5ERLDS,U09P4HSRNDC,U097Y1R8H2A,U07SAUA9VK5,U0BEG8147LM,U0BR9ATQWM7,U0BK4LQE2GZ,U0AGLKZNP6C,U0AE18H695M,U09L0RY2NBD,U0697E3RVNX,U07E5VD5E87,U0A5VF6LUN7,U0BC89QDZGE,U0ACE0NAVEK,U0BAL17JV6J,U06CFLHRNF4,U05R5KXUXEK,U08JWBZGWMT,U07MK3Q66N7,U09KLRHQ82J,U05P7FBJ3DH,U0BDYH7GWQ1,U099UMNDKSA,U01D996DY3Y,U019JFJ4A7P,U057A3K292P,U08N5BMPA1J,U0BV3Q62S3T,U0B8YNHQKMW,U0BUY0GE76W,U029Z37AJMA,U0BSKS8EK88,U02S12F7VFZ @ https://a.slack-edge.com/bv1-13-br/gantry-v2-shared.cdda0aad0eba53be.min.js?cacheKey=gantry-1788679051:46
[ 2155816ms] [INFO] Sep-06 11:42:13.007 [DND_V2] (TNWA8QCGZ) Will check for changes in DND status again in 5 minutes @ https://a.slack-edge.com/bv1-13-br/gantry-v2-shared.cdda0aad0eba53be.min.js?cacheKey=gantry-1788679051:46
